medicine_name,manufacturer,composition,packaging,price,cleaned_composition,manufacturer_enc
Cettab 40,Abbott India,azithromycin 250mg,15 tablets,446.48,azithromycin 250mg,0
Azeeod 250,Alkem Labs,Amoxicillin (250mg),15 tablets,340.26,amoxicillin 250mg,1
Pancap 40,Himalaya,Levocetirizine 400 mg,30 tablets,258.19,levocetirizine 400mg,9
Azeeplus 40,Aurobindo Pharma,Tramadol (400 mg),10 tablets,374.16,tramadol 400mg,2
Mettab 10,Intas Pharma,ATORVASTATIN-500mg,10 tablets,172.56,atorvastatin 500mg,10
Omeod 40,Torrent Pharma,ESOMEPRAZOLE-500mg,6 tablets,109.31,esomeprazole 500mg,17
Dolocin 500,Abbott India,rabeprazole(200mg),6 tablets,494.51,rabeprazole 200mg,0
Augxr 40,Glenmark,atorvastatin(5mg),15 tablets,279.64,atorvastatin 5mg,7
Clavxr 1000,Himalaya,pregabalin 400 mg,1 bottle,137.84,pregabalin 400mg,9
Cetxr 20,Zydus Cadila,Omeprazole (500mg),6 tablets,45.61,omeprazole 500mg,19
Omeds 1000,Sun Pharma,clonazepam(200mg),6 tablets,463.01,clonazepam 200mg,16
Cetds 250,Torrent Pharma,Pantoprazole (20 mg),10 capsules,523.35,pantoprazole 20mg,17
Cetds 20,Hetero Drugs,CALCIUM CARBONATE-5mg,5 ml,551.75,calcium carbonate 5mg,8
Metod 250,Abbott India,azithromycin 500 mg,10 tablets,58.71,azithromycin 500mg,0
Cetplus 20,GSK India,GABAPENTIN-20mg,10 capsules,524.48,gabapentin 20mg,6
Dolosr 20,Aurobindo Pharma,gabapentin 5mg,6 tablets,275.28,gabapentin 5mg,2
Metplus 40,Dr Reddy,atorvastatin 500mg,10 capsules,295.37,atorvastatin 500mg,5
Augxr 500,Abbott India,Methylcobalamin 200  mg,5 ml,63.84,methylcobalamin 200mg,0
Bruforte 250,Lupin,Levocetirizine (20 mg),10 tablets,155.2,levocetirizine 20mg,11
Omesr 20,Pfizer India,fexofenadine 40mg,15 tablets,65.96,fexofenadine 40mg,14
Augsr 500,Mankind Pharma,PARACETAMOL-1000mg,1 bottle,519.87,paracetamol 1000mg,12
Bruds 40,Pfizer India,paracetamol 1000 mg,30 tablets,433.3,paracetamol 1000mg,14
Dolocin 250,Cipla,metformin(200 mg),6 tablets,353.83,metformin 200mg,3
Cettab 20,Dr Reddy,pantoprazole(500mg),5 ml,48.23,pantoprazole 500mg,5
Clavtab 10,Dabur Pharma,methylcobalamin(400mg),10 tablets,397.16,methylcobalamin 400mg,4
Brucap 40,Abbott India,losartan 5mg,30 tablets,390.14,losartan 5mg,0
Ometab 20,Dabur Pharma,Atorvastatin 250 mg,10 capsules,134.19,atorvastatin 250mg,4
Augds 40,Intas Pharma,atorvastatin 400mg,15 tablets,187.09,atorvastatin 400mg,10
Omecap 1000,Intas Pharma,clonazepam(250mg),6 tablets,76.33,clonazepam 250mg,10
Dolosol 40,Alkem Labs,telmisartan(100mg),6 tablets,383.47,telmisartan 100mg,1
Panforte 500,Torrent Pharma,Metformin 1000 mg,10 tablets,385.17,metformin 1000mg,17
Omecap 20,Sun Pharma,pregabalin(10 mg),10 tablets,29.33,pregabalin 10mg,16
Panforte 500,Intas Pharma,Fexofenadine (20mg),30 tablets,411.78,fexofenadine 20mg,10
Cetcap 10,Zydus Cadila,pregabalin(10 mg),15 tablets,22.67,pregabalin 10mg,19
Omexr 250,Mankind Pharma,levocetirizine 400mg,5 ml,516.29,levocetirizine 400mg,12
Pansol 10,Abbott India,tramadol 500 mg,15 tablets,202.33,tramadol 500mg,0
Azeeforte 250,Aurobindo Pharma,telmisartan(500 mg),6 tablets,76.28,telmisartan 500mg,2
Doloforte 10,Dabur Pharma,Losartan (500mg),1 bottle,366.88,losartan 500mg,4
Brucin 20,Cipla,methylcobalamin 5mg,6 tablets,555.94,methylcobalamin 5mg,3
Dolood 1000,Dr Reddy,Domperidone 500  mg,6 tablets,400.73,domperidone 500mg,5
Amoxds 500,Glenmark,Alprazolam 100 mg,1 bottle,121.57,alprazolam 100mg,7
Panplus 1000,Aurobindo Pharma,ranitidine 200 mg,10 capsules,132.43,ranitidine 200mg,2
Metds 10,Pfizer India,Levothyroxine 20  mg,6 tablets,477.89,levothyroxine 20mg,14
Omesol 40,Dabur Pharma,omeprazole(100mg),30 tablets,191.77,omeprazole 100mg,4
Omesr 10,Dabur Pharma,Amoxicillin 400 mg,5 ml,532.59,amoxicillin 400mg,4
Pantab 10,Abbott India,Rabeprazole 40  mg,15 tablets,137.55,rabeprazole 40mg,0
Omesr 500,Abbott India,tramadol(500mg),5 ml,482.44,tramadol 500mg,0
Azeexr 20,Dabur Pharma,Calcium carbonate 250  mg,5 ml,271.98,calcium carbonate 250mg,4
Azeesr 40,Torrent Pharma,DICLOFENAC-200mg,5 ml,149.63,diclofenac 200mg,17
Omecap 500,Glenmark,aspirin 200mg,10 capsules,144.91,aspirin 200mg,7
Augxr 250,Glenmark,Atorvastatin 10  mg,10 capsules,130.45,atorvastatin 10mg,7
Panforte 1000,Aurobindo Pharma,vitamin d3(250mg),1 bottle,454.06,vitamin d3 250mg,2
Clavds 250,Pfizer India,CLOPIDOGREL-1000mg,15 tablets,544.9,clopidogrel 1000mg,14
Panplus 10,Pfizer India,OMEPRAZOLE-10mg,15 tablets,201.79,omeprazole 10mg,14
Pansol 500,Cipla,Rosuvastatin (400mg),5 ml,504.82,rosuvastatin 400mg,3
Amoxforte 500,Alkem Labs,sertraline(10mg),1 bottle,366.69,sertraline 10mg,1
Amoxod 40,Himalaya,Pantoprazole (100mg),10 tablets,545.55,pantoprazole 100mg,9
Amoxod 250,Abbott India,domperidone(1000mg),10 tablets,479.37,domperidone 1000mg,0
Dolocin 10,Dr Reddy,gabapentin 10 mg,10 capsules,494.82,gabapentin 10mg,5
Azeeplus 20,Mankind Pharma,Tramadol 20 mg,6 tablets,486.45,tramadol 20mg,12
Mettab 1000,Glenmark,fexofenadine 200 mg,5 ml,529.93,fexofenadine 200mg,7
Dolocap 10,Sun Pharma,zinc sulphate 1000 mg,1 bottle,133.57,zinc sulphate 1000mg,16
Mettab 500,Sun Pharma,calcium carbonate(200mg),10 capsules,434.28,calcium carbonate 200mg,16
Amoxsol 10,Sun Pharma,Sertraline 40  mg,10 tablets,417.54,sertraline 40mg,16
Azeeforte 1000,Hetero Drugs,sertraline(400 mg),1 bottle,424.09,sertraline 400mg,8
Azeecap 500,Lupin,azithromycin 5mg,6 tablets,136.1,azithromycin 5mg,11
Metforte 500,Alkem Labs,Clonazepam (100mg),30 tablets,186.94,clonazepam 100mg,1
Cetsr 250,Intas Pharma,amoxicillin(500mg),6 tablets,524.65,amoxicillin 500mg,10
Augtab 250,Cipla,DICLOFENAC-250mg,30 tablets,245.22,diclofenac 250mg,3
Omesol 250,Himalaya,METFORMIN-20mg,30 tablets,338.38,metformin 20mg,9
Augplus 20,Aurobindo Pharma,zinc sulphate(400mg),1 bottle,594.1,zinc sulphate 400mg,2
Amoxplus 40,Cipla,diclofenac 40 mg,15 tablets,516.89,diclofenac 40mg,3
Azeesol 40,Wockhardt,LOSARTAN-200mg,10 tablets,96.2,losartan 200mg,18
Clavplus 10,Dabur Pharma,metformin 40mg,6 tablets,81.62,metformin 40mg,4
Omeod 250,GSK India,telmisartan(5 mg),1 bottle,534.54,telmisartan 5mg,6
Panplus 20,Himalaya,IBUPROFEN-1000mg,10 capsules,31.82,ibuprofen 1000mg,9
Augtab 10,Himalaya,DICLOFENAC-200mg,1 bottle,213.99,diclofenac 200mg,9
Bruds 250,GSK India,Pantoprazole 250  mg,30 tablets,277.26,pantoprazole 250mg,6
Brucin 500,Novartis India,Ondansetron (5 mg),1 bottle,314.92,ondansetron 5mg,13
Pands 10,Intas Pharma,CALCIUM CARBONATE-400mg,10 capsules,63.18,calcium carbonate 400mg,10
Amoxds 40,GSK India,TRAMADOL-10mg,6 tablets,169.87,tramadol 10mg,6
Metod 20,Zydus Cadila,aspirin(20 mg),1 bottle,449.81,aspirin 20mg,19
Panplus 40,Torrent Pharma,levocetirizine(250 mg),5 ml,184.75,levocetirizine 250mg,17
Doloforte 20,Novartis India,Fluoxetine 20 mg,1 bottle,459.62,fluoxetine 20mg,13
Brucin 1000,Aurobindo Pharma,domperidone(400mg),15 tablets,448.87,domperidone 400mg,2
Azeeod 1000,Cipla,Rabeprazole 20 mg,15 tablets,522.86,rabeprazole 20mg,3
Cettab 10,Zydus Cadila,Clonazepam (20 mg),1 bottle,470.66,clonazepam 20mg,19
Dolosr 20,Novartis India,ondansetron 1000mg,1 bottle,29.25,ondansetron 1000mg,13
Omesr 500,Wockhardt,Glimepiride (400mg),10 tablets,418.85,glimepiride 400mg,18
Cetsol 20,Hetero Drugs,metformin 100mg,1 bottle,251.93,metformin 100mg,8
Metsr 20,Aurobindo Pharma,ranitidine(1000mg),10 capsules,92.73,ranitidine 1000mg,2
Azeecap 250,Intas Pharma,Losartan 250 mg,6 tablets,269.5,losartan 250mg,10
Brusr 250,Intas Pharma,Fexofenadine 200 mg,15 tablets,148.43,fexofenadine 200mg,10
Clavcin 20,Torrent Pharma,Glimepiride 250 mg,10 tablets,449.14,glimepiride 250mg,17
Cettab 1000,Hetero Drugs,diclofenac(500mg),6 tablets,201.42,diclofenac 500mg,8
Cetplus 10,Sanofi India,gabapentin(500 mg),30 tablets,580.69,gabapentin 500mg,15
Amoxod 10,Hetero Drugs,Gabapentin 10 mg,6 tablets,494.87,gabapentin 10mg,8
Dolood 500,Dabur Pharma,Ciprofloxacin (40 mg),10 capsules,391.41,ciprofloxacin 40mg,4
Panplus 10,Zydus Cadila,Montelukast (10 mg),10 tablets,76.74,montelukast 10mg,19
Clavcap 10,Novartis India,rabeprazole 20 mg,1 bottle,395.71,rabeprazole 20mg,13
Augsol 1000,Alkem Labs,telmisartan 500mg,1 bottle,66.82,telmisartan 500mg,1
Omesr 250,Torrent Pharma,Rosuvastatin 500 mg,15 tablets,400.36,rosuvastatin 500mg,17
Clavsol 250,Abbott India,ibuprofen 500mg,15 tablets,499.25,ibuprofen 500mg,0
Amoxcap 500,Dabur Pharma,CIPROFLOXACIN-250mg,10 tablets,327.81,ciprofloxacin 250mg,4
Metod 1000,Hetero Drugs,Ibuprofen (20mg),5 ml,17.34,ibuprofen 20mg,8
Augforte 20,Dr Reddy,Levocetirizine (5 mg),1 bottle,359.45,levocetirizine 5mg,5
Pancin 10,Intas Pharma,zinc sulphate(500mg),1 bottle,509.6,zinc sulphate 500mg,10
Cettab 500,Glenmark,Diclofenac (1000mg),10 capsules,170.81,diclofenac 1000mg,7
Augds 20,Sanofi India,levothyroxine(1000 mg),30 tablets,262.68,levothyroxine 1000mg,15
Bruforte 10,Pfizer India,Pregabalin 5 mg,15 tablets,244.05,pregabalin 5mg,14
Augtab 250,Zydus Cadila,levothyroxine 200mg,6 tablets,500.41,levothyroxine 200mg,19
Azeeds 1000,Cipla,esomeprazole(20mg),10 capsules,404.65,esomeprazole 20mg,3
Dolotab 20,Dabur Pharma,fexofenadine 500mg,30 tablets,308.39,fexofenadine 500mg,4
Amoxod 500,Hetero Drugs,cetirizine(500 mg),10 tablets,485.88,cetirizine 500mg,8
Amoxcin 500,Dabur Pharma,Zinc Sulphate (400 mg),6 tablets,169.78,zinc sulphate 400mg,4
Brutab 500,Zydus Cadila,ROSUVASTATIN-250mg,10 capsules,446.65,rosuvastatin 250mg,19
Dolocap 1000,Wockhardt,Clonazepam 5 mg,1 bottle,192.49,clonazepam 5mg,18
Clavcin 40,Zydus Cadila,Calcium Carbonate (1000mg),15 tablets,56.3,calcium carbonate 1000mg,19
Azeetab 1000,Torrent Pharma,Calcium carbonate 20  mg,15 tablets,262.51,calcium carbonate 20mg,17
Bruod 250,Cipla,fluoxetine 5 mg,15 tablets,12.55,fluoxetine 5mg,3
Pansr 40,Glenmark,amlodipine 200mg,10 tablets,262.95,amlodipine 200mg,7
Brucin 10,Hetero Drugs,ciprofloxacin(5 mg),10 tablets,19.09,ciprofloxacin 5mg,8
Bruplus 250,Aurobindo Pharma,methylcobalamin(10 mg),6 tablets,247.78,methylcobalamin 10mg,2
Omesol 10,Dr Reddy,zinc sulphate 20 mg,1 bottle,356.61,zinc sulphate 20mg,5
Cettab 20,Glenmark,MONTELUKAST-250mg,5 ml,382.87,montelukast 250mg,7
Cetplus 500,Abbott India,ROSUVASTATIN-500mg,10 tablets,110.71,rosuvastatin 500mg,0
Clavod 10,Pfizer India,Atorvastatin 40 mg,5 ml,411.23,atorvastatin 40mg,14
Omesr 10,Zydus Cadila,zinc sulphate 250 mg,1 bottle,381.78,zinc sulphate 250mg,19
Augcin 250,Intas Pharma,Rosuvastatin (5 mg),1 bottle,226.29,rosuvastatin 5mg,10
Azeecin 10,Pfizer India,Omeprazole 5  mg,10 capsules,546.16,omeprazole 5mg,14
Augtab 1000,Zydus Cadila,calcium carbonate(40 mg),10 tablets,589.57,calcium carbonate 40mg,19
Azeeod 500,Pfizer India,Amoxicillin 400 mg,10 capsules,223.43,amoxicillin 400mg,14
Omeds 40,Dr Reddy,clopidogrel 500mg,30 tablets,236.85,clopidogrel 500mg,5
Cetforte 1000,Dr Reddy,calcium carbonate 20mg,10 capsules,580.88,calcium carbonate 20mg,5
Dolocap 40,Novartis India,calcium carbonate 1000mg,1 bottle,424.08,calcium carbonate 1000mg,13
Panforte 1000,Sanofi India,Clonazepam 1000 mg,30 tablets,114.72,clonazepam 1000mg,15
Omeplus 250,Zydus Cadila,FLUOXETINE-5mg,15 tablets,308.55,fluoxetine 5mg,19
Clavxr 500,Dabur Pharma,clonazepam 500mg,15 tablets,104.05,clonazepam 500mg,4
Metsr 20,Wockhardt,Pantoprazole (20 mg),30 tablets,176.68,pantoprazole 20mg,18
Metforte 40,GSK India,gabapentin 400mg,5 ml,568.7,gabapentin 400mg,6
Cetsol 20,Sanofi India,glimepiride(1000 mg),1 bottle,89.93,glimepiride 1000mg,15
Omeplus 250,Sanofi India,Esomeprazole (400 mg),5 ml,459.77,esomeprazole 400mg,15
Augforte 250,Abbott India,Metoprolol (10 mg),5 ml,253.62,metoprolol 10mg,0
Dolotab 40,Abbott India,rabeprazole 1000mg,10 tablets,392.78,rabeprazole 1000mg,0
Clavcin 250,GSK India,GLIMEPIRIDE-40mg,1 bottle,19.25,glimepiride 40mg,6
Amoxsol 1000,Lupin,Calcium carbonate 5  mg,5 ml,80.13,calcium carbonate 5mg,11
Augod 20,Lupin,Zinc Sulphate (20 mg),5 ml,17.73,zinc sulphate 20mg,11
Dolosol 20,Sun Pharma,Metoprolol 100 mg,10 capsules,254.61,metoprolol 100mg,16
Azeeds 250,Novartis India,esomeprazole(1000mg),10 capsules,239.15,esomeprazole 1000mg,13
Omeforte 500,Hetero Drugs,Esomeprazole (200mg),5 ml,441.9,esomeprazole 200mg,8
Dolocap 40,Hetero Drugs,Clopidogrel (20mg),10 capsules,283.06,clopidogrel 20mg,8
Metcin 500,Cipla,Amlodipine 1000 mg,30 tablets,532.39,amlodipine 1000mg,3
Brusr 10,Hetero Drugs,Clopidogrel (200mg),1 bottle,208.71,clopidogrel 200mg,8
Brutab 10,Dr Reddy,esomeprazole 5 mg,6 tablets,364.65,esomeprazole 5mg,5
Amoxplus 10,Glenmark,Levothyroxine (10mg),6 tablets,364.75,levothyroxine 10mg,7
Bruplus 40,Hetero Drugs,Rosuvastatin (20 mg),10 capsules,588.18,rosuvastatin 20mg,8
Clavcin 20,Hetero Drugs,atorvastatin 400mg,1 bottle,98.84,atorvastatin 400mg,8
Doloxr 1000,Zydus Cadila,diclofenac(1000mg),10 capsules,392.54,diclofenac 1000mg,19
Omeplus 1000,Aurobindo Pharma,ranitidine(40 mg),10 capsules,424.79,ranitidine 40mg,2
Omesr 500,Zydus Cadila,Fluoxetine (5mg),5 ml,540.02,fluoxetine 5mg,19
Amoxplus 500,Novartis India,Levothyroxine (500 mg),10 capsules,429.39,levothyroxine 500mg,13
Cetsol 10,Lupin,ESOMEPRAZOLE-5mg,15 tablets,23.56,esomeprazole 5mg,11
Amoxxr 40,Dr Reddy,pregabalin(20mg),10 tablets,433.57,pregabalin 20mg,5
Omesr 10,Glenmark,METHYLCOBALAMIN-1000mg,6 tablets,410.62,methylcobalamin 1000mg,7
Azeecin 250,Zydus Cadila,PREGABALIN-200mg,1 bottle,314.72,pregabalin 200mg,19
Omeplus 500,Intas Pharma,ciprofloxacin(500 mg),5 ml,383.95,ciprofloxacin 500mg,10
Cetod 20,Sanofi India,Montelukast (400 mg),6 tablets,99.28,montelukast 400mg,15
Pantab 250,Cipla,calcium carbonate(250 mg),5 ml,569.54,calcium carbonate 250mg,3
Pansr 40,Dabur Pharma,Doxycycline 200  mg,6 tablets,330.98,doxycycline 200mg,4
Pancap 10,Pfizer India,aspirin 1000 mg,10 tablets,254.05,aspirin 1000mg,14
Cetforte 20,Hetero Drugs,metoprolol 250 mg,1 bottle,340.5,metoprolol 250mg,8
Panplus 10,Zydus Cadila,TELMISARTAN-20mg,10 tablets,519.58,telmisartan 20mg,19
Cetsr 20,Glenmark,pantoprazole(250 mg),15 tablets,284.35,pantoprazole 250mg,7
Metod 1000,Pfizer India,omeprazole(1000 mg),15 tablets,36.81,omeprazole 1000mg,14
Omexr 500,Sun Pharma,sertraline(100mg),5 ml,530.41,sertraline 100mg,16
Azeesol 1000,Cipla,Esomeprazole 500 mg,10 capsules,335.51,esomeprazole 500mg,3
Cettab 10,Dabur Pharma,pregabalin(200mg),10 tablets,228.93,pregabalin 200mg,4
Bruds 250,Dabur Pharma,ESOMEPRAZOLE-20mg,10 capsules,34.82,esomeprazole 20mg,4
Azeecap 1000,Zydus Cadila,Sertraline 5  mg,10 capsules,559.37,sertraline 5mg,19
Azeeds 10,Glenmark,zinc sulphate(100mg),10 capsules,427.57,zinc sulphate 100mg,7
Amoxcin 20,Wockhardt,Esomeprazole (250 mg),10 capsules,288.96,esomeprazole 250mg,18
Augcap 20,Cipla,VITAMIN D3-200mg,10 capsules,380.38,vitamin d3 200mg,3
Omesol 250,Himalaya,Metoprolol (400mg),6 tablets,269.09,metoprolol 400mg,9
Pancap 20,Dabur Pharma,doxycycline(10 mg),1 bottle,130.75,doxycycline 10mg,4
Azeeforte 20,Mankind Pharma,clonazepam 1000 mg,1 bottle,217.74,clonazepam 1000mg,12
Azeeplus 500,Abbott India,LOSARTAN-40mg,30 tablets,565.36,losartan 40mg,0
Azeeplus 1000,GSK India,doxycycline 40 mg,30 tablets,80.15,doxycycline 40mg,6
Amoxtab 1000,Intas Pharma,ONDANSETRON-500mg,10 tablets,555.01,ondansetron 500mg,10
Amoxcap 250,Torrent Pharma,doxycycline(5mg),10 capsules,372.48,doxycycline 5mg,17
Bruforte 40,Cipla,CLONAZEPAM-400mg,10 tablets,287.66,clonazepam 400mg,3
Pancap 10,Novartis India,OMEPRAZOLE-200mg,6 tablets,530.29,omeprazole 200mg,13
Panplus 20,Intas Pharma,ONDANSETRON-40mg,10 tablets,364.85,ondansetron 40mg,10
Azeesr 1000,GSK India,tramadol(400 mg),15 tablets,122.14,tramadol 400mg,6
Doloplus 20,Sun Pharma,TRAMADOL-200mg,6 tablets,407.25,tramadol 200mg,16
Brutab 500,Glenmark,ondansetron(10 mg),10 tablets,589.16,ondansetron 10mg,7
Amoxforte 1000,Abbott India,Paracetamol 200 mg,1 bottle,352.82,paracetamol 200mg,0
Amoxcap 10,Lupin,Esomeprazole (400mg),1 bottle,414.16,esomeprazole 400mg,11
Metsol 500,Hetero Drugs,montelukast 10mg,10 capsules,291.08,montelukast 10mg,8
Azeesol 500,GSK India,esomeprazole(10 mg),5 ml,410.76,esomeprazole 10mg,6
Clavtab 250,Hetero Drugs,clonazepam(20 mg),10 tablets,498.63,clonazepam 20mg,8
Azeesr 250,Glenmark,GABAPENTIN-20mg,5 ml,410.73,gabapentin 20mg,7
Azeexr 10,Pfizer India,Alprazolam (20 mg),15 tablets,341.84,alprazolam 20mg,14
Pansol 20,Torrent Pharma,Montelukast 250 mg,5 ml,51.23,montelukast 250mg,17
Amoxxr 500,GSK India,Gabapentin (500mg),10 tablets,463.23,gabapentin 500mg,6
Bruxr 250,Pfizer India,Levocetirizine 500  mg,5 ml,412.18,levocetirizine 500mg,14
Azeecap 40,Novartis India,ROSUVASTATIN-10mg,1 bottle,587.4,rosuvastatin 10mg,13
Brusol 500,Wockhardt,montelukast(20 mg),10 capsules,280.69,montelukast 20mg,18
Pansol 500,Dabur Pharma,Azithromycin 500 mg,5 ml,47.84,azithromycin 500mg,4
Metds 500,Aurobindo Pharma,Metformin (400mg),1 bottle,454.6,metformin 400mg,2
Clavforte 500,Glenmark,glimepiride(400mg),10 capsules,186.64,glimepiride 400mg,7
Azeeod 40,Torrent Pharma,ciprofloxacin 10 mg,10 tablets,547.65,ciprofloxacin 10mg,17
Azeeforte 40,Aurobindo Pharma,fluoxetine 500mg,5 ml,254.46,fluoxetine 500mg,2
Cetsr 250,Abbott India,GABAPENTIN-40mg,30 tablets,340.93,gabapentin 40mg,0
Dolotab 10,Torrent Pharma,AMLODIPINE-1000mg,15 tablets,509.5,amlodipine 1000mg,17
Clavod 250,Aurobindo Pharma,domperidone 500mg,6 tablets,525.18,domperidone 500mg,2
Doloplus 250,Alkem Labs,Pregabalin 5 mg,5 ml,133.39,pregabalin 5mg,1
Metds 1000,Alkem Labs,sertraline(400mg),1 bottle,467.1,sertraline 400mg,1
Augsr 250,Hetero Drugs,rosuvastatin 100mg,10 capsules,483.27,rosuvastatin 100mg,8
Cetsol 1000,Wockhardt,pregabalin(200 mg),30 tablets,144.17,pregabalin 200mg,18
Augsr 500,GSK India,pregabalin 250 mg,6 tablets,441.8,pregabalin 250mg,6
Pands 250,Novartis India,GABAPENTIN-40mg,6 tablets,504.73,gabapentin 40mg,13
Mettab 40,Zydus Cadila,Metformin 250 mg,5 ml,97.41,metformin 250mg,19
Azeeds 10,Sun Pharma,Metformin 40  mg,10 tablets,15.02,metformin 40mg,16
Cettab 250,Wockhardt,glimepiride(250mg),5 ml,318.44,glimepiride 250mg,18
Doloxr 10,Aurobindo Pharma,losartan 500 mg,10 tablets,342.48,losartan 500mg,2
Dolood 250,Wockhardt,Pantoprazole 1000 mg,6 tablets,537.72,pantoprazole 1000mg,18
Amoxds 20,Cipla,methylcobalamin 40 mg,10 tablets,397.6,methylcobalamin 40mg,3
Brutab 1000,Zydus Cadila,ibuprofen(5mg),5 ml,104.17,ibuprofen 5mg,19
Cettab 20,Aurobindo Pharma,rabeprazole 400 mg,5 ml,449.31,rabeprazole 400mg,2
Clavod 10,Dabur Pharma,ciprofloxacin 1000mg,5 ml,581.6,ciprofloxacin 1000mg,4
Bruxr 500,Hetero Drugs,DICLOFENAC-40mg,10 capsules,410.38,diclofenac 40mg,8
Amoxcap 10,Dr Reddy,ZINC SULPHATE-100mg,10 tablets,429.31,zinc sulphate 100mg,5
Amoxsr 1000,Dr Reddy,Levothyroxine (500 mg),10 tablets,458.72,levothyroxine 500mg,5
Brutab 250,Novartis India,fexofenadine(20 mg),10 capsules,61.05,fexofenadine 20mg,13
Brutab 40,Intas Pharma,Levothyroxine (1000 mg),1 bottle,541.47,levothyroxine 1000mg,10
Cetplus 1000,Aurobindo Pharma,METHYLCOBALAMIN-5mg,15 tablets,166.9,methylcobalamin 5mg,2
Omeforte 1000,GSK India,telmisartan 10 mg,5 ml,566.98,telmisartan 10mg,6
Amoxcin 10,Lupin,Zinc sulphate 5 mg,15 tablets,204.67,zinc sulphate 5mg,11
Clavcap 1000,Wockhardt,clopidogrel 20 mg,5 ml,197.83,clopidogrel 20mg,18
Augod 500,Glenmark,Levothyroxine 40 mg,30 tablets,200.92,levothyroxine 40mg,7
Omexr 40,Intas Pharma,Tramadol 5 mg,5 ml,303.59,tramadol 5mg,10
Clavsr 20,Dr Reddy,Metoprolol 10  mg,1 bottle,245.28,metoprolol 10mg,5
Azeeod 40,Hetero Drugs,Levocetirizine (400 mg),6 tablets,549.33,levocetirizine 400mg,8
Bruforte 10,Cipla,rosuvastatin(40mg),10 capsules,70.72,rosuvastatin 40mg,3
Augforte 10,Himalaya,clonazepam(400 mg),15 tablets,282.13,clonazepam 400mg,9
Amoxxr 250,GSK India,Metoprolol (500 mg),10 tablets,76.71,metoprolol 500mg,6
Augforte 10,Alkem Labs,Montelukast 250  mg,10 capsules,65.79,montelukast 250mg,1
Dolotab 40,Lupin,Atorvastatin (100mg),10 tablets,481.63,atorvastatin 100mg,11
Azeexr 10,Mankind Pharma,clonazepam(40mg),30 tablets,145.26,clonazepam 40mg,12
Augod 10,Dabur Pharma,Fexofenadine (1000 mg),15 tablets,238.19,fexofenadine 1000mg,4
Doloforte 500,Novartis India,Atorvastatin (200 mg),15 tablets,278.87,atorvastatin 200mg,13
Bruod 250,Aurobindo Pharma,clonazepam(250 mg),10 capsules,213.97,clonazepam 250mg,2
Omesol 1000,Zydus Cadila,Montelukast (200 mg),30 tablets,77.23,montelukast 200mg,19
Bruxr 500,Zydus Cadila,rabeprazole(10 mg),10 capsules,296.11,rabeprazole 10mg,19
Cetcap 1000,GSK India,RANITIDINE-400mg,30 tablets,506.46,ranitidine 400mg,6
Bruds 20,Alkem Labs,PARACETAMOL-40mg,5 ml,394.62,paracetamol 40mg,1
Pansol 1000,Dr Reddy,DICLOFENAC-40mg,10 capsules,27.36,diclofenac 40mg,5
Omeod 250,Novartis India,Tramadol 200  mg,10 capsules,166.59,tramadol 200mg,13
Brutab 40,Novartis India,Gabapentin 500 mg,15 tablets,499.4,gabapentin 500mg,13
Omesr 250,Hetero Drugs,amoxicillin 20 mg,5 ml,467.17,amoxicillin 20mg,8
Clavcap 500,Wockhardt,vitamin d3(500 mg),15 tablets,489.61,vitamin d3 500mg,18
Doloplus 1000,Novartis India,gabapentin(200mg),15 tablets,347.06,gabapentin 200mg,13
Cetcap 500,Cipla,Cetirizine 20 mg,30 tablets,94.58,cetirizine 20mg,3
Amoxxr 10,Himalaya,ONDANSETRON-40mg,6 tablets,275.58,ondansetron 40mg,9
Azeexr 500,Dr Reddy,omeprazole 20 mg,5 ml,581.13,omeprazole 20mg,5
Cetod 10,Novartis India,levothyroxine 100mg,10 capsules,474.68,levothyroxine 100mg,13
Cetsr 10,Sun Pharma,Amoxicillin 10 mg,10 tablets,8.4,amoxicillin 10mg,16
Doloplus 250,Torrent Pharma,AMLODIPINE-100mg,10 tablets,228.13,amlodipine 100mg,17
Ometab 250,Wockhardt,ONDANSETRON-100mg,6 tablets,134.35,ondansetron 100mg,18
Dolotab 10,Sun Pharma,Clonazepam (20 mg),6 tablets,418.87,clonazepam 20mg,16
Amoxcap 10,Glenmark,Omeprazole (10mg),30 tablets,465.89,omeprazole 10mg,7
Clavcap 10,Himalaya,metoprolol(1000mg),10 tablets,215.9,metoprolol 1000mg,9
Cettab 20,Dr Reddy,LEVOCETIRIZINE-20mg,10 tablets,440.17,levocetirizine 20mg,5
Azeeod 20,Dr Reddy,amlodipine 400mg,15 tablets,434.94,amlodipine 400mg,5
Azeesol 40,Sanofi India,IBUPROFEN-100mg,10 capsules,239.92,ibuprofen 100mg,15
Augod 250,Lupin,Aspirin 40  mg,15 tablets,320.75,aspirin 40mg,11
Dolods 40,Himalaya,Levothyroxine 20 mg,1 bottle,110.28,levothyroxine 20mg,9
Amoxsol 250,Dr Reddy,atorvastatin(250mg),10 tablets,554.17,atorvastatin 250mg,5
Brutab 40,Wockhardt,Glimepiride 5  mg,6 tablets,325.65,glimepiride 5mg,18
Cetds 1000,Alkem Labs,montelukast(1000mg),5 ml,239.31,montelukast 1000mg,1
Mettab 10,Abbott India,Atorvastatin 100 mg,10 tablets,76.66,atorvastatin 100mg,0
Pancap 10,Zydus Cadila,Ranitidine (10mg),6 tablets,572.19,ranitidine 10mg,19
Amoxtab 250,Zydus Cadila,losartan 40mg,6 tablets,206.33,losartan 40mg,19
Azeeforte 250,GSK India,Losartan (200 mg),1 bottle,303.77,losartan 200mg,6
Cetcin 20,Aurobindo Pharma,amoxicillin 40 mg,15 tablets,483.44,amoxicillin 40mg,2
Doloplus 250,Wockhardt,CIPROFLOXACIN-250mg,6 tablets,346.35,ciprofloxacin 250mg,18
Brutab 10,Sanofi India,METFORMIN-40mg,10 tablets,520.69,metformin 40mg,15
Metplus 20,Sun Pharma,Omeprazole 400  mg,30 tablets,472.43,omeprazole 400mg,16
Azeesol 500,Alkem Labs,Esomeprazole 200  mg,6 tablets,11.78,esomeprazole 200mg,1
Bruplus 250,Sun Pharma,rosuvastatin 250mg,5 ml,129.48,rosuvastatin 250mg,16
Metds 10,Dr Reddy,metformin 20mg,10 tablets,422.9,metformin 20mg,5
Brutab 20,Sanofi India,Omeprazole (200 mg),15 tablets,344.15,omeprazole 200mg,15
Bruforte 1000,Glenmark,aspirin 100mg,5 ml,276.03,aspirin 100mg,7
Cetsr 10,Zydus Cadila,Amlodipine (200 mg),10 tablets,193.91,amlodipine 200mg,19
Ometab 500,Pfizer India,doxycycline 20 mg,30 tablets,486.1,doxycycline 20mg,14
Augds 40,Sun Pharma,MONTELUKAST-200mg,1 bottle,333.67,montelukast 200mg,16
Metcap 500,Cipla,Amlodipine (10mg),5 ml,495.61,amlodipine 10mg,3
Omecin 250,Torrent Pharma,omeprazole(200 mg),5 ml,125.07,omeprazole 200mg,17
Pancap 20,Cipla,Omeprazole (250 mg),1 bottle,264.43,omeprazole 250mg,3
Cetplus 1000,Hetero Drugs,RABEPRAZOLE-10mg,15 tablets,272.04,rabeprazole 10mg,8
Azeesr 250,GSK India,zinc sulphate 400mg,1 bottle,59.93,zinc sulphate 400mg,6
Dolosr 20,Sun Pharma,clonazepam(400mg),1 bottle,470.61,clonazepam 400mg,16
Dolood 500,Mankind Pharma,levothyroxine 1000 mg,10 tablets,25.35,levothyroxine 1000mg,12
Cettab 500,Himalaya,sertraline 5 mg,15 tablets,396.86,sertraline 5mg,9
Cetcap 500,Aurobindo Pharma,metformin(400mg),30 tablets,358.77,metformin 400mg,2
Cetod 500,Himalaya,vitamin d3 250mg,10 capsules,503.32,vitamin d3 250mg,9
Cetforte 40,Dabur Pharma,sertraline 250mg,15 tablets,113.06,sertraline 250mg,4
Cettab 20,Himalaya,METFORMIN-250mg,6 tablets,517.52,metformin 250mg,9
Dolocap 500,Glenmark,Ondansetron (200 mg),30 tablets,441.55,ondansetron 200mg,7
Clavforte 500,Novartis India,FLUOXETINE-250mg,6 tablets,401.99,fluoxetine 250mg,13
Clavxr 20,Sun Pharma,GLIMEPIRIDE-20mg,6 tablets,27.17,glimepiride 20mg,16
Cetforte 40,Lupin,zinc sulphate(400mg),1 bottle,54.06,zinc sulphate 400mg,11
Metsol 40,Sun Pharma,Omeprazole 250  mg,30 tablets,48.13,omeprazole 250mg,16
Brucap 10,Pfizer India,Paracetamol 500 mg,6 tablets,299.9,paracetamol 500mg,14
Augtab 250,Abbott India,cetirizine(40 mg),15 tablets,182.59,cetirizine 40mg,0
Omeds 250,Aurobindo Pharma,ATORVASTATIN-250mg,15 tablets,208.07,atorvastatin 250mg,2
Cetcin 250,Dabur Pharma,IBUPROFEN-10mg,1 bottle,204.01,ibuprofen 10mg,4
Mettab 250,Intas Pharma,pregabalin 400 mg,30 tablets,240.6,pregabalin 400mg,10
Omeplus 10,GSK India,Pantoprazole (100mg),5 ml,286.8,pantoprazole 100mg,6
Dolocap 10,Hetero Drugs,GABAPENTIN-1000mg,1 bottle,34.41,gabapentin 1000mg,8
Ometab 40,Zydus Cadila,Telmisartan (200 mg),5 ml,211.52,telmisartan 200mg,19
Bruds 10,Cipla,vitamin d3(400mg),5 ml,579.65,vitamin d3 400mg,3
Brucin 20,Intas Pharma,Methylcobalamin 400 mg,10 tablets,346.16,methylcobalamin 400mg,10
Cetsol 500,Pfizer India,Zinc Sulphate (20mg),15 tablets,82.7,zinc sulphate 20mg,14
Dolotab 250,Dabur Pharma,FEXOFENADINE-5mg,30 tablets,237.75,fexofenadine 5mg,4
Clavod 20,Sun Pharma,Telmisartan 5  mg,5 ml,470.76,telmisartan 5mg,16
Clavtab 1000,Lupin,methylcobalamin(200 mg),10 tablets,521.55,methylcobalamin 200mg,11
Augcin 500,Himalaya,Losartan 1000  mg,10 capsules,171.05,losartan 1000mg,9
Metcin 40,Glenmark,Ondansetron 500 mg,6 tablets,289.33,ondansetron 500mg,7
Augtab 500,Torrent Pharma,clopidogrel 100mg,5 ml,87.56,clopidogrel 100mg,17
Omesol 10,Dabur Pharma,Levothyroxine 200 mg,6 tablets,133.14,levothyroxine 200mg,4
Cettab 1000,Sanofi India,Clonazepam (500 mg),5 ml,428.07,clonazepam 500mg,15
Augod 20,Pfizer India,esomeprazole(40 mg),15 tablets,215.06,esomeprazole 40mg,14
Cetod 500,Aurobindo Pharma,Omeprazole (100mg),10 tablets,515.41,omeprazole 100mg,2
Dolosr 1000,Wockhardt,losartan 100mg,1 bottle,137.18,losartan 100mg,18
Azeeforte 20,Lupin,zinc sulphate(1000 mg),10 tablets,391.23,zinc sulphate 1000mg,11
Doloplus 1000,Glenmark,Cetirizine (40 mg),30 tablets,396.42,cetirizine 40mg,7
Brucin 20,Wockhardt,fluoxetine 100mg,1 bottle,427.18,fluoxetine 100mg,18
Amoxcap 40,Hetero Drugs,Ciprofloxacin 400  mg,10 capsules,526.88,ciprofloxacin 400mg,8
Dolotab 500,Mankind Pharma,amlodipine(200mg),6 tablets,218.33,amlodipine 200mg,12
Augtab 10,Himalaya,clopidogrel 500 mg,30 tablets,39.78,clopidogrel 500mg,9
Clavsr 500,Glenmark,METOPROLOL-20mg,1 bottle,195.3,metoprolol 20mg,7
Pancin 10,Glenmark,FLUOXETINE-250mg,6 tablets,169.93,fluoxetine 250mg,7
Azeesol 250,Sun Pharma,gabapentin 5mg,30 tablets,408.63,gabapentin 5mg,16
Azeeod 1000,Lupin,ROSUVASTATIN-100mg,1 bottle,106.88,rosuvastatin 100mg,11
Doloxr 40,Dabur Pharma,glimepiride(20 mg),10 capsules,597.32,glimepiride 20mg,4
Panxr 40,Hetero Drugs,Alprazolam (40mg),6 tablets,159.43,alprazolam 40mg,8
Omexr 10,Cipla,Metformin (10mg),6 tablets,233.11,metformin 10mg,3
Omeds 1000,Intas Pharma,Metoprolol (5mg),1 bottle,376.7,metoprolol 5mg,10
Ometab 10,Lupin,cetirizine(5 mg),30 tablets,125.6,cetirizine 5mg,11
Cetcin 20,Wockhardt,clonazepam 5mg,30 tablets,301.84,clonazepam 5mg,18
Ometab 20,Sun Pharma,Clopidogrel (400mg),6 tablets,404.06,clopidogrel 400mg,16
Doloxr 40,Hetero Drugs,ranitidine 500mg,5 ml,76.61,ranitidine 500mg,8
Augod 1000,Glenmark,PARACETAMOL-20mg,30 tablets,528.06,paracetamol 20mg,7
Amoxxr 40,Aurobindo Pharma,Ranitidine 10 mg,1 bottle,511.6,ranitidine 10mg,2
Cettab 10,Cipla,PANTOPRAZOLE-10mg,5 ml,547.45,pantoprazole 10mg,3
Dolood 250,Aurobindo Pharma,diclofenac(40mg),5 ml,518.64,diclofenac 40mg,2
Augcin 250,Lupin,Amlodipine 40  mg,1 bottle,162.87,amlodipine 40mg,11
Dolods 20,Abbott India,clonazepam(200 mg),6 tablets,415.44,clonazepam 200mg,0
Azeeod 250,Aurobindo Pharma,aspirin 40 mg,15 tablets,14.89,aspirin 40mg,2
Augforte 500,Dr Reddy,SERTRALINE-40mg,5 ml,203.89,sertraline 40mg,5
Augsr 20,Abbott India,Pregabalin 1000  mg,10 tablets,273.27,pregabalin 1000mg,0
Brucin 20,Lupin,Azithromycin (40 mg),1 bottle,333.07,azithromycin 40mg,11
Augforte 1000,Novartis India,zinc sulphate(100mg),15 tablets,496.58,zinc sulphate 100mg,13
Omecin 500,Sanofi India,rosuvastatin(100mg),30 tablets,299.51,rosuvastatin 100mg,15
Mettab 10,Dabur Pharma,levocetirizine 10mg,15 tablets,135.63,levocetirizine 10mg,4
Clavtab 10,Cipla,Clopidogrel 10 mg,6 tablets,278.77,clopidogrel 10mg,3
Bruod 10,Cipla,fluoxetine(250mg),10 capsules,555.23,fluoxetine 250mg,3
Clavod 1000,Lupin,VITAMIN D3-40mg,1 bottle,306.43,vitamin d3 40mg,11
Augcap 500,Glenmark,Aspirin 200 mg,30 tablets,252.35,aspirin 200mg,7
Metsol 500,Novartis India,montelukast 400 mg,6 tablets,377.51,montelukast 400mg,13
Dolotab 1000,Novartis India,amlodipine(40mg),6 tablets,340.87,amlodipine 40mg,13
Pands 250,Wockhardt,levocetirizine 400 mg,5 ml,22.96,levocetirizine 400mg,18
Amoxcap 250,Intas Pharma,DOMPERIDONE-200mg,6 tablets,416.83,domperidone 200mg,10
Azeesol 40,Lupin,Amoxicillin 500  mg,10 capsules,391.09,amoxicillin 500mg,11
Dolods 250,Aurobindo Pharma,Glimepiride 500 mg,1 bottle,15.68,glimepiride 500mg,2
Clavsol 40,Himalaya,diclofenac 400mg,10 capsules,578.86,diclofenac 400mg,9
Brucin 10,Sanofi India,ATORVASTATIN-40mg,10 tablets,173.23,atorvastatin 40mg,15
Cetcin 500,Pfizer India,losartan 250mg,6 tablets,557.75,losartan 250mg,14
Dolotab 40,Himalaya,Zinc sulphate 100 mg,10 capsules,196.17,zinc sulphate 100mg,9
Azeexr 250,Wockhardt,ATORVASTATIN-5mg,10 capsules,214.85,atorvastatin 5mg,18
Clavds 10,Alkem Labs,clopidogrel 500 mg,5 ml,598.01,clopidogrel 500mg,1
Clavod 500,Pfizer India,paracetamol 10mg,15 tablets,575.67,paracetamol 10mg,14
Amoxcin 20,Novartis India,azithromycin 1000 mg,6 tablets,494.69,azithromycin 1000mg,13
Metforte 20,Intas Pharma,Diclofenac (40 mg),6 tablets,56.75,diclofenac 40mg,10
Metxr 250,Dr Reddy,Gabapentin (400 mg),15 tablets,129.7,gabapentin 400mg,5
Dolocin 250,Sun Pharma,FEXOFENADINE-1000mg,1 bottle,51.36,fexofenadine 1000mg,16
Brusr 40,Torrent Pharma,ATORVASTATIN-200mg,1 bottle,247.43,atorvastatin 200mg,17
Clavcin 40,Dabur Pharma,Azithromycin (400 mg),10 tablets,510.16,azithromycin 400mg,4
Bruds 1000,Zydus Cadila,PANTOPRAZOLE-400mg,6 tablets,576.4,pantoprazole 400mg,19
Omecin 250,Novartis India,esomeprazole(250mg),15 tablets,347.05,esomeprazole 250mg,13
Bruds 500,Hetero Drugs,OMEPRAZOLE-100mg,15 tablets,103.28,omeprazole 100mg,8
Pands 10,Himalaya,DOMPERIDONE-10mg,5 ml,389.65,domperidone 10mg,9
Doloforte 500,Himalaya,LOSARTAN-10mg,1 bottle,405.41,losartan 10mg,9
Dolood 40,GSK India,atorvastatin 5mg,1 bottle,188.96,atorvastatin 5mg,6
Dolosol 500,Mankind Pharma,Esomeprazole 250  mg,10 tablets,429.62,esomeprazole 250mg,12
Augforte 1000,GSK India,esomeprazole 20mg,1 bottle,296.29,esomeprazole 20mg,6
Clavsol 250,Himalaya,alprazolam(250mg),1 bottle,334.54,alprazolam 250mg,9
Clavplus 500,Aurobindo Pharma,sertraline 20mg,15 tablets,283.1,sertraline 20mg,2
Cetds 500,Dabur Pharma,ALPRAZOLAM-250mg,6 tablets,272.16,alprazolam 250mg,4
Augsol 250,Cipla,metoprolol 40 mg,15 tablets,164.5,metoprolol 40mg,3
Pancin 40,GSK India,Clonazepam 500  mg,1 bottle,199.85,clonazepam 500mg,6
Cetxr 40,Novartis India,telmisartan(200mg),10 capsules,232.08,telmisartan 200mg,13
Azeexr 1000,Aurobindo Pharma,atorvastatin 5 mg,15 tablets,491.8,atorvastatin 5mg,2
Cetsol 250,Zydus Cadila,calcium carbonate(250mg),1 bottle,312.61,calcium carbonate 250mg,19
Metxr 1000,Lupin,pantoprazole(500 mg),6 tablets,434.39,pantoprazole 500mg,11
Metcin 500,Wockhardt,DOXYCYCLINE-200mg,10 tablets,347.5,doxycycline 200mg,18
Amoxcap 20,Cipla,AMOXICILLIN-200mg,15 tablets,575.28,amoxicillin 200mg,3
Clavsr 10,Alkem Labs,Ibuprofen (100mg),1 bottle,108.98,ibuprofen 100mg,1
Cetforte 10,Sanofi India,vitamin d3(40mg),30 tablets,361.15,vitamin d3 40mg,15
Azeexr 500,Alkem Labs,Amlodipine (10mg),10 capsules,366.46,amlodipine 10mg,1
Ometab 10,Sanofi India,calcium carbonate(500mg),5 ml,398.36,calcium carbonate 500mg,15
Pands 10,Wockhardt,paracetamol(10 mg),30 tablets,143.86,paracetamol 10mg,18
Brucap 1000,Himalaya,rabeprazole(500 mg),10 tablets,290.47,rabeprazole 500mg,9
Pancin 20,Torrent Pharma,Glimepiride 400  mg,15 tablets,317.34,glimepiride 400mg,17
Cetxr 40,Hetero Drugs,Doxycycline 250  mg,10 tablets,354.54,doxycycline 250mg,8
Brusol 10,Torrent Pharma,methylcobalamin(500 mg),6 tablets,334.85,methylcobalamin 500mg,17
Clavforte 40,Torrent Pharma,Pregabalin 400  mg,30 tablets,243.69,pregabalin 400mg,17
Metds 10,Mankind Pharma,Azithromycin 400 mg,10 tablets,473.36,azithromycin 400mg,12
Omecap 10,Sun Pharma,Metformin 40 mg,5 ml,556.11,metformin 40mg,16
Bruxr 20,Dabur Pharma,Ciprofloxacin (500 mg),10 tablets,396.46,ciprofloxacin 500mg,4
Metds 1000,Pfizer India,Metformin 40 mg,10 tablets,123.29,metformin 40mg,14
Pancap 250,Hetero Drugs,Ciprofloxacin (40mg),15 tablets,598.12,ciprofloxacin 40mg,8
Pantab 250,Alkem Labs,ondansetron(1000 mg),10 capsules,333.36,ondansetron 1000mg,1
Clavsol 10,Torrent Pharma,vitamin d3 500 mg,15 tablets,558.39,vitamin d3 500mg,17
Azeeplus 1000,Novartis India,Levocetirizine (5 mg),10 tablets,568.63,levocetirizine 5mg,13
Clavsr 500,Pfizer India,gabapentin 200 mg,1 bottle,456.42,gabapentin 200mg,14
Amoxtab 10,GSK India,Tramadol (200 mg),10 tablets,383.13,tramadol 200mg,6
Azeecin 40,Hetero Drugs,Ciprofloxacin 250  mg,10 capsules,500.65,ciprofloxacin 250mg,8
Doloforte 500,Mankind Pharma,clopidogrel(1000mg),1 bottle,537.44,clopidogrel 1000mg,12
Metplus 500,Abbott India,DOMPERIDONE-40mg,6 tablets,143.69,domperidone 40mg,0
Augod 250,Lupin,Rosuvastatin (20mg),10 tablets,460.43,rosuvastatin 20mg,11
Clavplus 10,Glenmark,sertraline(500 mg),1 bottle,116.26,sertraline 500mg,7
Dolood 1000,Lupin,doxycycline(1000 mg),30 tablets,118.79,doxycycline 1000mg,11
Brusol 10,Mankind Pharma,zinc sulphate 250 mg,1 bottle,422.82,zinc sulphate 250mg,12
Clavsol 250,Himalaya,TELMISARTAN-20mg,15 tablets,434.72,telmisartan 20mg,9
Pancap 10,Zydus Cadila,RABEPRAZOLE-5mg,1 bottle,303.76,rabeprazole 5mg,19
Amoxds 20,GSK India,clonazepam 400 mg,30 tablets,36.24,clonazepam 400mg,6
Doloplus 1000,Lupin,Doxycycline 200 mg,1 bottle,221.3,doxycycline 200mg,11
Clavsol 20,Lupin,Rosuvastatin 250 mg,30 tablets,348.93,rosuvastatin 250mg,11
Augtab 10,Sanofi India,glimepiride 500 mg,1 bottle,371.29,glimepiride 500mg,15
Brutab 250,Dabur Pharma,Pantoprazole 250  mg,10 capsules,103.9,pantoprazole 250mg,4
Augforte 40,Aurobindo Pharma,glimepiride(200mg),30 tablets,355.46,glimepiride 200mg,2
Amoxtab 500,Abbott India,RANITIDINE-250mg,6 tablets,106.81,ranitidine 250mg,0
Bruds 250,Sun Pharma,Sertraline (400 mg),5 ml,69.53,sertraline 400mg,16
Amoxsr 40,Abbott India,RABEPRAZOLE-100mg,6 tablets,82.84,rabeprazole 100mg,0
Azeeplus 20,GSK India,amoxicillin 500 mg,1 bottle,271.35,amoxicillin 500mg,6
Clavxr 20,Pfizer India,ranitidine(200 mg),6 tablets,386.75,ranitidine 200mg,14
Pansr 10,GSK India,amlodipine 500 mg,10 capsules,185.37,amlodipine 500mg,6
Metxr 20,Novartis India,Calcium Carbonate (400mg),30 tablets,266.77,calcium carbonate 400mg,13
Brusol 20,Torrent Pharma,RABEPRAZOLE-1000mg,10 tablets,460.61,rabeprazole 1000mg,17
Mettab 500,Torrent Pharma,telmisartan(100mg),1 bottle,88.88,telmisartan 100mg,17
Dolocin 500,GSK India,diclofenac(200mg),15 tablets,37.38,diclofenac 200mg,6
Brutab 20,Torrent Pharma,Omeprazole (20mg),5 ml,286.33,omeprazole 20mg,17
Augsol 40,Abbott India,Rabeprazole (250mg),1 bottle,596.76,rabeprazole 250mg,0
Amoxsol 1000,Torrent Pharma,Pregabalin (5 mg),1 bottle,533.41,pregabalin 5mg,17
Dolotab 500,Dabur Pharma,Amoxicillin 200  mg,15 tablets,101.36,amoxicillin 200mg,4
Azeetab 500,Zydus Cadila,metformin 500mg,6 tablets,296.8,metformin 500mg,19
Bruforte 40,Sun Pharma,ROSUVASTATIN-20mg,6 tablets,87.76,rosuvastatin 20mg,16
Augsol 20,Novartis India,diclofenac 400 mg,6 tablets,118.48,diclofenac 400mg,13
Cetsr 1000,Dr Reddy,TELMISARTAN-400mg,10 capsules,493.1,telmisartan 400mg,5
Dolood 500,Sun Pharma,ALPRAZOLAM-1000mg,10 capsules,197.85,alprazolam 1000mg,16
Azeecap 20,GSK India,rabeprazole(5mg),5 ml,175.61,rabeprazole 5mg,6
Cetcap 250,Cipla,Cetirizine (5 mg),5 ml,127.63,cetirizine 5mg,3
Clavplus 250,Sanofi India,Methylcobalamin 1000  mg,10 capsules,224.88,methylcobalamin 1000mg,15
Panforte 20,Pfizer India,Doxycycline (40 mg),5 ml,448.14,doxycycline 40mg,14
Omeplus 250,Cipla,metformin(200mg),6 tablets,567.21,metformin 200mg,3
Azeesol 20,Alkem Labs,Ciprofloxacin 400  mg,15 tablets,378.19,ciprofloxacin 400mg,1
Augxr 250,Hetero Drugs,levocetirizine(10mg),6 tablets,106.75,levocetirizine 10mg,8
Doloforte 20,Dabur Pharma,clopidogrel(40mg),1 bottle,594.95,clopidogrel 40mg,4
Azeesol 10,Abbott India,fexofenadine(250 mg),10 capsules,461.3,fexofenadine 250mg,0
Panplus 20,Sun Pharma,Diclofenac 20  mg,6 tablets,17.65,diclofenac 20mg,16
Dolocin 40,Alkem Labs,PARACETAMOL-100mg,5 ml,494.82,paracetamol 100mg,1
Augforte 500,Lupin,METHYLCOBALAMIN-200mg,10 tablets,89.94,methylcobalamin 200mg,11
Bruod 500,Dr Reddy,ciprofloxacin 200mg,10 capsules,442.69,ciprofloxacin 200mg,5
Amoxcin 40,Lupin,ranitidine(40 mg),10 capsules,486.54,ranitidine 40mg,11
Dolods 20,Sanofi India,rabeprazole 500mg,10 tablets,96.55,rabeprazole 500mg,15
Azeetab 500,Dabur Pharma,Metformin 1000  mg,10 capsules,263.71,metformin 1000mg,4
Pands 10,Himalaya,Clopidogrel 1000 mg,6 tablets,163.43,clopidogrel 1000mg,9
Augxr 40,Novartis India,Amlodipine 20 mg,15 tablets,346.23,amlodipine 20mg,13
Bruforte 40,Dr Reddy,CLONAZEPAM-400mg,30 tablets,555.09,clonazepam 400mg,5
Dolood 40,Alkem Labs,fexofenadine 500 mg,30 tablets,22.33,fexofenadine 500mg,1
Pansol 500,Zydus Cadila,zinc sulphate(20 mg),1 bottle,413.73,zinc sulphate 20mg,19
Cetplus 250,Abbott India,Omeprazole (10mg),10 capsules,211.22,omeprazole 10mg,0
Azeesol 500,Alkem Labs,sertraline 250mg,6 tablets,331.48,sertraline 250mg,1
Azeecin 1000,Aurobindo Pharma,Zinc Sulphate (20mg),10 capsules,108.83,zinc sulphate 20mg,2
Pantab 10,Pfizer India,Zinc Sulphate (200mg),6 tablets,398.94,zinc sulphate 200mg,14
Brusol 10,Intas Pharma,Esomeprazole (10mg),5 ml,309.06,esomeprazole 10mg,10
Brucap 250,Glenmark,aspirin 5 mg,1 bottle,213.29,aspirin 5mg,7
Amoxxr 250,Cipla,aspirin 5 mg,6 tablets,566.93,aspirin 5mg,3
Bruds 40,Dr Reddy,CLOPIDOGREL-1000mg,6 tablets,370.57,clopidogrel 1000mg,5
Clavforte 10,Wockhardt,ASPIRIN-200mg,30 tablets,329.0,aspirin 200mg,18
Azeecap 10,Intas Pharma,GABAPENTIN-5mg,6 tablets,597.45,gabapentin 5mg,10
Azeetab 500,Dr Reddy,methylcobalamin 40mg,10 capsules,196.02,methylcobalamin 40mg,5
Amoxcap 500,Intas Pharma,Levothyroxine 10  mg,1 bottle,71.21,levothyroxine 10mg,10
Clavsr 40,Sanofi India,OMEPRAZOLE-40mg,5 ml,392.54,omeprazole 40mg,15
Panxr 250,Alkem Labs,SERTRALINE-20mg,15 tablets,555.86,sertraline 20mg,1
Clavsr 40,Mankind Pharma,Domperidone (5mg),1 bottle,200.34,domperidone 5mg,12
Doloxr 20,Aurobindo Pharma,ondansetron(500mg),6 tablets,563.97,ondansetron 500mg,2
Augxr 1000,Alkem Labs,Rabeprazole (5 mg),30 tablets,466.02,rabeprazole 5mg,1
Augtab 40,Zydus Cadila,glimepiride(500mg),1 bottle,304.39,glimepiride 500mg,19
Augcin 500,Wockhardt,Gabapentin 20 mg,30 tablets,276.58,gabapentin 20mg,18
Cettab 250,Glenmark,tramadol 1000mg,6 tablets,75.59,tramadol 1000mg,7
Bruds 10,Dabur Pharma,clonazepam(1000 mg),15 tablets,33.99,clonazepam 1000mg,4
Panxr 1000,Mankind Pharma,METOPROLOL-40mg,5 ml,191.23,metoprolol 40mg,12
Clavplus 250,Alkem Labs,RANITIDINE-10mg,10 tablets,279.52,ranitidine 10mg,1
Omecin 250,Intas Pharma,amoxicillin(200 mg),30 tablets,254.84,amoxicillin 200mg,10
Clavforte 250,Mankind Pharma,zinc sulphate(200 mg),1 bottle,63.13,zinc sulphate 200mg,12
Amoxsr 500,Novartis India,Rabeprazole 1000 mg,10 tablets,80.24,rabeprazole 1000mg,13
Pantab 20,Alkem Labs,LEVOCETIRIZINE-5mg,10 capsules,440.0,levocetirizine 5mg,1
Doloplus 20,Dabur Pharma,Sertraline 100 mg,5 ml,348.48,sertraline 100mg,4
Augsr 500,Sanofi India,Zinc sulphate 200  mg,6 tablets,531.13,zinc sulphate 200mg,15
Omesol 20,Sun Pharma,Domperidone (250mg),1 bottle,599.4,domperidone 250mg,16
Amoxplus 250,Alkem Labs,Pregabalin (5mg),6 tablets,190.2,pregabalin 5mg,1
Clavod 250,Glenmark,paracetamol 10mg,1 bottle,500.57,paracetamol 10mg,7
Cetsr 20,Zydus Cadila,Sertraline (40 mg),1 bottle,538.39,sertraline 40mg,19
Dolods 20,Himalaya,metformin 5 mg,6 tablets,19.08,metformin 5mg,9
Panforte 10,Torrent Pharma,ROSUVASTATIN-1000mg,5 ml,378.89,rosuvastatin 1000mg,17
Amoxforte 40,Lupin,rabeprazole(40mg),5 ml,26.72,rabeprazole 40mg,11
Azeeplus 500,Intas Pharma,Aspirin 500  mg,15 tablets,74.44,aspirin 500mg,10
Augds 500,Sun Pharma,omeprazole(20 mg),5 ml,120.61,omeprazole 20mg,16
Panod 250,Sun Pharma,Rabeprazole (5 mg),30 tablets,205.31,rabeprazole 5mg,16
Metforte 500,Intas Pharma,montelukast(250mg),6 tablets,121.99,montelukast 250mg,10
Amoxtab 250,Zydus Cadila,diclofenac 10mg,15 tablets,575.31,diclofenac 10mg,19
Cetplus 20,Glenmark,gabapentin(500 mg),30 tablets,152.94,gabapentin 500mg,7
Pansr 40,Cipla,Clopidogrel 400  mg,15 tablets,37.87,clopidogrel 400mg,3
Augod 1000,Himalaya,ondansetron(40mg),6 tablets,192.96,ondansetron 40mg,9
Omesr 250,Himalaya,Gabapentin 1000 mg,15 tablets,277.71,gabapentin 1000mg,9
Clavplus 1000,Abbott India,TRAMADOL-40mg,15 tablets,240.11,tramadol 40mg,0
Augtab 1000,Sun Pharma,Levothyroxine 20  mg,10 tablets,291.36,levothyroxine 20mg,16
Brutab 1000,Sanofi India,ROSUVASTATIN-200mg,10 tablets,337.24,rosuvastatin 200mg,15
Clavsol 20,Wockhardt,tramadol(1000 mg),15 tablets,102.14,tramadol 1000mg,18
Dolods 40,Wockhardt,Doxycycline 200  mg,10 capsules,147.8,doxycycline 200mg,18
Augforte 20,Himalaya,Methylcobalamin (40 mg),10 capsules,65.81,methylcobalamin 40mg,9
Clavxr 1000,Lupin,ondansetron(1000mg),6 tablets,300.62,ondansetron 1000mg,11
Cetsr 20,Zydus Cadila,Amlodipine (200 mg),6 tablets,180.57,amlodipine 200mg,19
Amoxxr 40,Himalaya,doxycycline 250 mg,5 ml,589.69,doxycycline 250mg,9
Pansol 10,Intas Pharma,Pregabalin (500 mg),5 ml,423.72,pregabalin 500mg,10
Metcap 10,Wockhardt,Rabeprazole 1000  mg,10 capsules,90.33,rabeprazole 1000mg,18
Brusr 40,Dr Reddy,FLUOXETINE-10mg,15 tablets,365.82,fluoxetine 10mg,5
Omecap 40,Himalaya,Sertraline (500 mg),1 bottle,440.93,sertraline 500mg,9
Clavtab 500,Dr Reddy,telmisartan(20 mg),10 capsules,287.69,telmisartan 20mg,5
Panforte 20,Intas Pharma,atorvastatin(400 mg),10 capsules,468.89,atorvastatin 400mg,10
Amoxplus 500,Wockhardt,sertraline 200 mg,30 tablets,28.91,sertraline 200mg,18
Cetod 250,GSK India,Methylcobalamin (200mg),10 capsules,396.54,methylcobalamin 200mg,6
Azeetab 1000,Dr Reddy,Ibuprofen 100 mg,15 tablets,157.21,ibuprofen 100mg,5
Clavcap 40,Dabur Pharma,Losartan (250mg),15 tablets,272.42,losartan 250mg,4
Panforte 250,Sanofi India,ASPIRIN-40mg,5 ml,580.67,aspirin 40mg,15
Augcap 500,Abbott India,Fluoxetine 10  mg,6 tablets,350.03,fluoxetine 10mg,0
Brusr 1000,Mankind Pharma,Losartan (10mg),1 bottle,289.95,losartan 10mg,12
Cetds 10,GSK India,Ciprofloxacin 1000  mg,30 tablets,15.02,ciprofloxacin 1000mg,6
Doloxr 20,Lupin,Levothyroxine (5 mg),10 capsules,551.48,levothyroxine 5mg,11
Augsol 40,Himalaya,telmisartan 10mg,1 bottle,405.76,telmisartan 10mg,9
Pantab 250,Sun Pharma,ranitidine(250 mg),6 tablets,251.46,ranitidine 250mg,16
Pancin 20,Torrent Pharma,rosuvastatin 400mg,15 tablets,62.43,rosuvastatin 400mg,17
Clavcap 10,Dr Reddy,Doxycycline (10mg),5 ml,396.59,doxycycline 10mg,5
Augtab 40,Torrent Pharma,RANITIDINE-10mg,30 tablets,276.44,ranitidine 10mg,17
Panxr 10,Dr Reddy,LEVOTHYROXINE-200mg,30 tablets,204.93,levothyroxine 200mg,5
Metod 10,Dr Reddy,Losartan 40 mg,1 bottle,113.64,losartan 40mg,5
Amoxtab 250,Lupin,fexofenadine(5mg),1 bottle,51.17,fexofenadine 5mg,11
Pancin 40,Zydus Cadila,Diclofenac 250 mg,6 tablets,239.17,diclofenac 250mg,19
Augsr 10,Sanofi India,Ondansetron (200 mg),6 tablets,247.12,ondansetron 200mg,15
Augtab 20,Sun Pharma,ATORVASTATIN-400mg,1 bottle,324.9,atorvastatin 400mg,16
Azeeforte 250,Dr Reddy,Montelukast (1000 mg),30 tablets,505.98,montelukast 1000mg,5
Metplus 40,Cipla,domperidone(40mg),1 bottle,238.94,domperidone 40mg,3
Pansol 250,Alkem Labs,Fluoxetine 1000 mg,15 tablets,434.09,fluoxetine 1000mg,1
Augcin 250,GSK India,atorvastatin 400 mg,10 capsules,208.86,atorvastatin 400mg,6
Cetod 250,Pfizer India,Metformin (100mg),10 capsules,492.14,metformin 100mg,14
Doloxr 1000,Alkem Labs,Zinc Sulphate (400mg),1 bottle,79.52,zinc sulphate 400mg,1
Dolotab 250,Himalaya,Levothyroxine (5mg),15 tablets,170.14,levothyroxine 5mg,9
Clavcin 500,Pfizer India,ESOMEPRAZOLE-400mg,15 tablets,67.18,esomeprazole 400mg,14
Pancap 250,Dr Reddy,Pantoprazole 250 mg,10 tablets,426.39,pantoprazole 250mg,5
Amoxds 10,Zydus Cadila,SERTRALINE-20mg,6 tablets,251.92,sertraline 20mg,19
Amoxforte 10,Dabur Pharma,Amoxicillin 40 mg,10 tablets,10.71,amoxicillin 40mg,4
Azeeds 500,Hetero Drugs,clonazepam(10mg),5 ml,282.82,clonazepam 10mg,8
Augsr 500,Zydus Cadila,Metformin (5mg),6 tablets,102.58,metformin 5mg,19
Dolood 10,Wockhardt,ESOMEPRAZOLE-100mg,30 tablets,33.64,esomeprazole 100mg,18
Ometab 500,GSK India,Ranitidine (40mg),10 capsules,435.07,ranitidine 40mg,6
Mettab 500,Lupin,DOMPERIDONE-250mg,30 tablets,444.75,domperidone 250mg,11
Panxr 500,Himalaya,Ciprofloxacin 1000 mg,1 bottle,135.97,ciprofloxacin 1000mg,9
Augsr 10,Zydus Cadila,methylcobalamin 500mg,10 tablets,109.35,methylcobalamin 500mg,19
Azeesol 250,Mankind Pharma,calcium carbonate(40mg),10 capsules,251.72,calcium carbonate 40mg,12
Panxr 40,Pfizer India,Doxycycline 200  mg,30 tablets,524.58,doxycycline 200mg,14
Brucin 250,Himalaya,CIPROFLOXACIN-200mg,10 tablets,594.83,ciprofloxacin 200mg,9
Mettab 250,Hetero Drugs,LEVOCETIRIZINE-5mg,30 tablets,292.03,levocetirizine 5mg,8
Cetxr 500,Pfizer India,Methylcobalamin (200 mg),1 bottle,475.6,methylcobalamin 200mg,14
Panplus 10,Glenmark,Paracetamol 1000 mg,10 capsules,453.71,paracetamol 1000mg,7
Doloforte 500,Dabur Pharma,Rabeprazole 500  mg,10 tablets,391.72,rabeprazole 500mg,4
Omesr 40,Abbott India,doxycycline 20mg,10 capsules,563.98,doxycycline 20mg,0
Azeexr 1000,Hetero Drugs,doxycycline 400mg,30 tablets,40.24,doxycycline 400mg,8
Azeeds 1000,GSK India,Alprazolam (5 mg),6 tablets,275.57,alprazolam 5mg,6
Brucap 1000,Dr Reddy,Atorvastatin 5 mg,10 tablets,575.29,atorvastatin 5mg,5
Metds 40,Zydus Cadila,Azithromycin 20 mg,5 ml,21.43,azithromycin 20mg,19
Panplus 500,Wockhardt,amlodipine 40 mg,1 bottle,45.27,amlodipine 40mg,18
Dolosr 20,Himalaya,Clonazepam 250  mg,30 tablets,402.19,clonazepam 250mg,9
Amoxcap 1000,Zydus Cadila,tramadol(100mg),5 ml,142.25,tramadol 100mg,19
Cetod 500,Intas Pharma,metformin 20mg,1 bottle,429.39,metformin 20mg,10
Dolood 500,Lupin,METOPROLOL-40mg,10 tablets,269.01,metoprolol 40mg,11
Pands 20,Glenmark,Fluoxetine 20 mg,15 tablets,204.12,fluoxetine 20mg,7
Augforte 40,Himalaya,GLIMEPIRIDE-200mg,6 tablets,74.49,glimepiride 200mg,9
Clavsol 10,Sun Pharma,pregabalin 10mg,1 bottle,219.58,pregabalin 10mg,16
Amoxsol 250,Abbott India,domperidone(200 mg),5 ml,57.49,domperidone 200mg,0
Bruforte 250,Wockhardt,ESOMEPRAZOLE-1000mg,30 tablets,176.51,esomeprazole 1000mg,18
Brusr 1000,Pfizer India,PREGABALIN-1000mg,6 tablets,104.96,pregabalin 1000mg,14
Cetsol 1000,Dabur Pharma,levocetirizine(20mg),10 tablets,288.97,levocetirizine 20mg,4
Bruplus 10,Dr Reddy,Atorvastatin 200  mg,10 tablets,111.54,atorvastatin 200mg,5
Azeesr 250,Aurobindo Pharma,AMLODIPINE-5mg,30 tablets,495.1,amlodipine 5mg,2
Pancap 1000,Abbott India,Fluoxetine 400  mg,10 tablets,185.7,fluoxetine 400mg,0
Metcin 250,Mankind Pharma,Azithromycin 100 mg,1 bottle,460.71,azithromycin 100mg,12
Bruplus 40,GSK India,calcium carbonate(500 mg),10 capsules,414.06,calcium carbonate 500mg,6
Amoxcap 20,Sun Pharma,esomeprazole(5 mg),5 ml,42.64,esomeprazole 5mg,16
Doloxr 40,Cipla,AMLODIPINE-500mg,30 tablets,547.97,amlodipine 500mg,3
Cettab 20,Alkem Labs,clonazepam(1000mg),5 ml,453.56,clonazepam 1000mg,1
Clavforte 500,Lupin,montelukast 200mg,10 capsules,15.64,montelukast 200mg,11
Metcap 20,Mankind Pharma,fluoxetine 10 mg,10 tablets,138.9,fluoxetine 10mg,12
Omexr 10,Novartis India,zinc sulphate(5 mg),6 tablets,550.29,zinc sulphate 5mg,13
Dolocap 10,Intas Pharma,ibuprofen 40 mg,6 tablets,534.72,ibuprofen 40mg,10
Omesol 500,Sun Pharma,clopidogrel 40mg,6 tablets,515.23,clopidogrel 40mg,16
Ometab 250,Dr Reddy,AMLODIPINE-5mg,1 bottle,466.62,amlodipine 5mg,5
Metcap 40,Alkem Labs,cetirizine(10mg),10 capsules,216.11,cetirizine 10mg,1
Azeeod 500,Hetero Drugs,telmisartan 200 mg,15 tablets,306.91,telmisartan 200mg,8
Cetds 250,Alkem Labs,PARACETAMOL-5mg,30 tablets,584.36,paracetamol 5mg,1
Augtab 500,Himalaya,alprazolam 40 mg,15 tablets,502.17,alprazolam 40mg,9
Dolotab 10,Lupin,Alprazolam 400 mg,5 ml,73.31,alprazolam 400mg,11
Augtab 10,Dr Reddy,Glimepiride (400 mg),30 tablets,175.9,glimepiride 400mg,5
Brusol 250,Wockhardt,diclofenac(400mg),30 tablets,537.69,diclofenac 400mg,18
Omexr 10,GSK India,Esomeprazole (40mg),6 tablets,317.42,esomeprazole 40mg,6
Cettab 1000,Lupin,ondansetron(1000 mg),6 tablets,585.32,ondansetron 1000mg,11
Augplus 40,Wockhardt,ONDANSETRON-10mg,6 tablets,461.46,ondansetron 10mg,18
Augds 1000,Dabur Pharma,Ondansetron 500  mg,1 bottle,95.25,ondansetron 500mg,4
Amoxod 20,Glenmark,ranitidine(1000 mg),15 tablets,65.03,ranitidine 1000mg,7
Augsr 20,Intas Pharma,FLUOXETINE-20mg,6 tablets,162.91,fluoxetine 20mg,10
Brucap 1000,Mankind Pharma,ranitidine 400 mg,1 bottle,431.71,ranitidine 400mg,12
Augds 500,Himalaya,fluoxetine(400 mg),1 bottle,307.96,fluoxetine 400mg,9
Panod 250,Glenmark,rabeprazole 500 mg,10 tablets,83.89,rabeprazole 500mg,7
Ometab 1000,Intas Pharma,ASPIRIN-400mg,10 capsules,75.77,aspirin 400mg,10
Bruplus 250,Himalaya,Amoxicillin 20  mg,10 capsules,420.01,amoxicillin 20mg,9
Omesr 250,Glenmark,Rabeprazole 200  mg,10 capsules,416.99,rabeprazole 200mg,7
Brusol 10,Intas Pharma,clopidogrel(40mg),30 tablets,384.18,clopidogrel 40mg,10
Amoxod 10,Torrent Pharma,gabapentin 5mg,10 tablets,484.32,gabapentin 5mg,17
Omeod 20,Glenmark,vitamin d3(10mg),30 tablets,289.36,vitamin d3 10mg,7
Azeeforte 500,Wockhardt,montelukast 5 mg,6 tablets,253.27,montelukast 5mg,18
Cetod 10,Sanofi India,Pregabalin (40mg),5 ml,134.07,pregabalin 40mg,15
Bruod 40,Dabur Pharma,tramadol(200mg),5 ml,379.04,tramadol 200mg,4
Bruxr 1000,Intas Pharma,METOPROLOL-400mg,5 ml,517.23,metoprolol 400mg,10
Brucin 500,Novartis India,Montelukast 20  mg,1 bottle,102.34,montelukast 20mg,13
Augcin 250,Cipla,TELMISARTAN-400mg,6 tablets,516.87,telmisartan 400mg,3
Cetsol 250,Dr Reddy,atorvastatin 10 mg,1 bottle,346.02,atorvastatin 10mg,5
Metod 250,GSK India,vitamin d3 5 mg,10 tablets,465.73,vitamin d3 5mg,6
Omecap 500,Alkem Labs,Rabeprazole 400 mg,15 tablets,582.19,rabeprazole 400mg,1
Omeforte 20,Novartis India,Vitamin d3 500 mg,30 tablets,258.88,vitamin d3 500mg,13
Amoxcin 40,Hetero Drugs,Metoprolol 500  mg,5 ml,580.35,metoprolol 500mg,8
Amoxforte 40,Novartis India,metformin 400mg,1 bottle,80.26,metformin 400mg,13
Omesol 1000,Torrent Pharma,Rabeprazole 250 mg,30 tablets,132.55,rabeprazole 250mg,17
Omesr 10,Torrent Pharma,Levothyroxine (10 mg),5 ml,444.27,levothyroxine 10mg,17
Omeforte 10,Torrent Pharma,FEXOFENADINE-10mg,10 capsules,364.45,fexofenadine 10mg,17
Augcap 250,Mankind Pharma,Tramadol (250mg),6 tablets,245.19,tramadol 250mg,12
Cetod 40,Abbott India,OMEPRAZOLE-10mg,10 capsules,250.91,omeprazole 10mg,0
Doloplus 500,Himalaya,AMLODIPINE-200mg,5 ml,57.96,amlodipine 200mg,9
Azeeod 40,Sun Pharma,RABEPRAZOLE-200mg,10 tablets,143.39,rabeprazole 200mg,16
Bruod 1000,Aurobindo Pharma,Losartan (40mg),10 capsules,96.36,losartan 40mg,2
Augsr 250,Sanofi India,Methylcobalamin (10mg),1 bottle,140.89,methylcobalamin 10mg,15
Brusol 20,Aurobindo Pharma,Telmisartan 100 mg,15 tablets,135.62,telmisartan 100mg,2
Cetcin 1000,Wockhardt,DOMPERIDONE-10mg,5 ml,585.87,domperidone 10mg,18
Pansr 500,Pfizer India,aspirin(500 mg),10 tablets,523.89,aspirin 500mg,14
Ometab 20,Dabur Pharma,Doxycycline 1000  mg,30 tablets,42.78,doxycycline 1000mg,4
Clavxr 1000,Torrent Pharma,Rosuvastatin (500mg),10 capsules,586.69,rosuvastatin 500mg,17
Cetds 10,Mankind Pharma,pregabalin(500mg),30 tablets,558.75,pregabalin 500mg,12
Omeforte 250,Zydus Cadila,Levothyroxine 5  mg,30 tablets,587.28,levothyroxine 5mg,19
Clavplus 20,Intas Pharma,Telmisartan 500  mg,30 tablets,193.3,telmisartan 500mg,10
Augcin 10,Wockhardt,Losartan 40 mg,10 tablets,219.06,losartan 40mg,18
Omesol 1000,Lupin,FLUOXETINE-10mg,30 tablets,114.95,fluoxetine 10mg,11
Pands 20,Alkem Labs,telmisartan(200 mg),10 capsules,114.9,telmisartan 200mg,1
Omexr 1000,Sun Pharma,fluoxetine 10mg,30 tablets,357.48,fluoxetine 10mg,16
Metcin 40,Himalaya,amoxicillin 20 mg,15 tablets,175.51,amoxicillin 20mg,9
Cetsol 10,Aurobindo Pharma,Pregabalin (1000 mg),30 tablets,60.8,pregabalin 1000mg,2
Augxr 40,Lupin,ONDANSETRON-100mg,30 tablets,485.36,ondansetron 100mg,11
Metsr 10,Hetero Drugs,Amlodipine (500 mg),10 capsules,532.16,amlodipine 500mg,8
Azeeds 250,Zydus Cadila,CLOPIDOGREL-20mg,1 bottle,180.1,clopidogrel 20mg,19
Amoxsol 20,Zydus Cadila,SERTRALINE-100mg,6 tablets,261.22,sertraline 100mg,19
Brutab 10,Sanofi India,Amoxicillin (5 mg),1 bottle,399.23,amoxicillin 5mg,15
Omesr 500,Sanofi India,Losartan (200 mg),10 tablets,473.42,losartan 200mg,15
Augsr 20,Himalaya,levocetirizine 100mg,6 tablets,486.24,levocetirizine 100mg,9
Bruod 40,GSK India,AZITHROMYCIN-250mg,1 bottle,296.14,azithromycin 250mg,6
Cetsol 10,GSK India,DOMPERIDONE-250mg,6 tablets,506.52,domperidone 250mg,6
Brucin 250,Zydus Cadila,Omeprazole 100 mg,1 bottle,106.33,omeprazole 100mg,19
Metsol 1000,Pfizer India,Fluoxetine (40 mg),10 capsules,345.1,fluoxetine 40mg,14
Clavsr 500,Himalaya,ondansetron(40 mg),6 tablets,430.86,ondansetron 40mg,9
Brusr 250,Torrent Pharma,Levothyroxine (400 mg),6 tablets,300.91,levothyroxine 400mg,17
Metsr 1000,Intas Pharma,FEXOFENADINE-250mg,6 tablets,267.36,fexofenadine 250mg,10
Bruxr 40,Intas Pharma,CLOPIDOGREL-20mg,6 tablets,394.28,clopidogrel 20mg,10
Augcap 500,Dr Reddy,pantoprazole 5mg,6 tablets,126.09,pantoprazole 5mg,5
Azeecin 250,Abbott India,levocetirizine 40 mg,15 tablets,220.4,levocetirizine 40mg,0
Brutab 20,Dr Reddy,Ranitidine (5 mg),30 tablets,142.2,ranitidine 5mg,5
Cetds 20,Novartis India,Clopidogrel (500 mg),30 tablets,404.34,clopidogrel 500mg,13
Cetplus 40,Alkem Labs,Cetirizine (40mg),30 tablets,269.38,cetirizine 40mg,1
Cettab 500,Glenmark,cetirizine 20mg,5 ml,267.95,cetirizine 20mg,7
Cettab 1000,Intas Pharma,aspirin 40 mg,10 capsules,228.48,aspirin 40mg,10
Metcap 10,Wockhardt,aspirin(20mg),5 ml,252.74,aspirin 20mg,18
Pands 250,Pfizer India,Clonazepam (500 mg),15 tablets,58.19,clonazepam 500mg,14
Pancap 20,Aurobindo Pharma,Pantoprazole (10 mg),5 ml,42.22,pantoprazole 10mg,2
Brusr 40,Zydus Cadila,telmisartan(5 mg),6 tablets,129.44,telmisartan 5mg,19
Omecin 20,Alkem Labs,Diclofenac 500  mg,30 tablets,206.02,diclofenac 500mg,1
Omeds 20,Intas Pharma,amlodipine(5 mg),15 tablets,192.85,amlodipine 5mg,10
Metplus 40,Himalaya,ibuprofen(250mg),30 tablets,258.27,ibuprofen 250mg,9
Pantab 10,Hetero Drugs,esomeprazole(200mg),10 tablets,184.39,esomeprazole 200mg,8
Clavsol 1000,Novartis India,aspirin(200 mg),5 ml,185.13,aspirin 200mg,13
Mettab 1000,Sanofi India,Methylcobalamin 20 mg,6 tablets,313.74,methylcobalamin 20mg,15
Brutab 250,Wockhardt,TRAMADOL-10mg,5 ml,44.82,tramadol 10mg,18
Clavds 20,Sanofi India,diclofenac 1000mg,1 bottle,469.06,diclofenac 1000mg,15
Cetcap 20,Wockhardt,Fexofenadine 20  mg,5 ml,83.26,fexofenadine 20mg,18
Augcin 40,Alkem Labs,Alprazolam (5 mg),1 bottle,100.85,alprazolam 5mg,1
Clavplus 250,Lupin,Azithromycin (10 mg),30 tablets,317.48,azithromycin 10mg,11
Cetcap 20,GSK India,esomeprazole 100mg,10 tablets,257.68,esomeprazole 100mg,6
Doloxr 10,Himalaya,sertraline 200 mg,1 bottle,502.0,sertraline 200mg,9
Augcap 40,Pfizer India,Amlodipine 5  mg,6 tablets,200.53,amlodipine 5mg,14
Azeecin 40,Aurobindo Pharma,LEVOCETIRIZINE-1000mg,30 tablets,534.91,levocetirizine 1000mg,2
Omeds 250,Intas Pharma,pantoprazole(250mg),10 capsules,121.92,pantoprazole 250mg,10
Augds 250,Alkem Labs,metformin(200 mg),5 ml,79.21,metformin 200mg,1
Clavsr 250,Abbott India,IBUPROFEN-200mg,5 ml,485.7,ibuprofen 200mg,0
Cetxr 250,Glenmark,Amoxicillin (40 mg),1 bottle,516.91,amoxicillin 40mg,7
Cetcap 1000,Mankind Pharma,azithromycin(10mg),30 tablets,462.84,azithromycin 10mg,12
Pancin 1000,Glenmark,pantoprazole(500mg),15 tablets,238.84,pantoprazole 500mg,7
Metsol 20,Lupin,Levothyroxine 200 mg,10 tablets,354.93,levothyroxine 200mg,11
Omesol 20,Novartis India,ciprofloxacin 250mg,10 capsules,393.72,ciprofloxacin 250mg,13
Cetforte 20,Alkem Labs,diclofenac(1000mg),5 ml,591.3,diclofenac 1000mg,1
Augod 1000,Cipla,Fexofenadine 400  mg,10 tablets,394.61,fexofenadine 400mg,3
Bruforte 40,Torrent Pharma,sertraline(200mg),5 ml,133.95,sertraline 200mg,17
Omexr 40,Dr Reddy,pantoprazole(400 mg),30 tablets,80.8,pantoprazole 400mg,5
Doloforte 40,Dabur Pharma,TELMISARTAN-10mg,10 capsules,162.73,telmisartan 10mg,4
Clavforte 250,Alkem Labs,aspirin 250 mg,1 bottle,549.1,aspirin 250mg,1
Cetxr 20,Sun Pharma,Calcium Carbonate (40 mg),6 tablets,538.0,calcium carbonate 40mg,16
Augtab 1000,Novartis India,Gabapentin (1000mg),10 tablets,583.45,gabapentin 1000mg,13
Dolosol 10,Lupin,Rabeprazole (40mg),1 bottle,13.54,rabeprazole 40mg,11
Brutab 1000,Alkem Labs,Fluoxetine (5mg),5 ml,344.91,fluoxetine 5mg,1
Cettab 500,Dr Reddy,METHYLCOBALAMIN-200mg,10 capsules,161.7,methylcobalamin 200mg,5
Bruplus 250,Wockhardt,fexofenadine 500mg,5 ml,410.66,fexofenadine 500mg,18
Azeesr 1000,Torrent Pharma,Amoxicillin (400mg),1 bottle,11.05,amoxicillin 400mg,17
Metsol 500,Wockhardt,METHYLCOBALAMIN-250mg,10 tablets,202.9,methylcobalamin 250mg,18
Doloplus 500,Sun Pharma,Ibuprofen 40  mg,10 capsules,71.84,ibuprofen 40mg,16
Clavod 10,Abbott India,metformin(250 mg),10 tablets,460.35,metformin 250mg,0
Omecap 250,Aurobindo Pharma,Omeprazole (500mg),30 tablets,552.12,omeprazole 500mg,2
Panplus 10,Cipla,Fexofenadine (1000mg),10 capsules,245.8,fexofenadine 1000mg,3
Bruod 20,Aurobindo Pharma,Calcium carbonate 250 mg,1 bottle,67.96,calcium carbonate 250mg,2
Mettab 250,Glenmark,ibuprofen(20 mg),10 capsules,15.27,ibuprofen 20mg,7
Doloxr 10,Sanofi India,DOMPERIDONE-200mg,30 tablets,436.98,domperidone 200mg,15
Bruds 40,Intas Pharma,AMOXICILLIN-500mg,10 capsules,454.59,amoxicillin 500mg,10
Doloplus 1000,Intas Pharma,Metoprolol 20 mg,10 capsules,582.4,metoprolol 20mg,10
Azeecin 10,Sanofi India,METOPROLOL-500mg,5 ml,211.54,metoprolol 500mg,15
Augsr 20,Alkem Labs,domperidone 1000mg,6 tablets,417.91,domperidone 1000mg,1
Omesr 250,Glenmark,Clopidogrel 100 mg,15 tablets,301.59,clopidogrel 100mg,7
Augforte 40,Alkem Labs,ciprofloxacin(20 mg),15 tablets,230.54,ciprofloxacin 20mg,1
Pands 250,Dr Reddy,Paracetamol (500 mg),30 tablets,92.3,paracetamol 500mg,5
Amoxcap 500,Alkem Labs,Esomeprazole (500mg),15 tablets,532.15,esomeprazole 500mg,1
Cetplus 250,Alkem Labs,PREGABALIN-400mg,10 tablets,20.43,pregabalin 400mg,1
Metforte 1000,Intas Pharma,AZITHROMYCIN-250mg,1 bottle,399.26,azithromycin 250mg,10
Cetsol 500,Lupin,Zinc Sulphate (10 mg),15 tablets,323.27,zinc sulphate 10mg,11
Metds 1000,Dabur Pharma,Fexofenadine (400mg),10 capsules,475.44,fexofenadine 400mg,4
Mettab 10,Himalaya,telmisartan(20mg),1 bottle,476.27,telmisartan 20mg,9
Augcap 1000,GSK India,rabeprazole 5 mg,10 capsules,429.79,rabeprazole 5mg,6
Clavcin 500,Himalaya,fluoxetine 40 mg,1 bottle,137.96,fluoxetine 40mg,9
Clavcap 1000,Wockhardt,ondansetron 5mg,1 bottle,158.68,ondansetron 5mg,18
Clavcin 10,Hetero Drugs,glimepiride(20 mg),15 tablets,311.26,glimepiride 20mg,8
Amoxxr 250,GSK India,fexofenadine 10 mg,30 tablets,114.3,fexofenadine 10mg,6
Azeetab 1000,Sanofi India,rosuvastatin 1000mg,10 capsules,556.55,rosuvastatin 1000mg,15
Doloplus 1000,Glenmark,AMOXICILLIN-400mg,15 tablets,449.17,amoxicillin 400mg,7
Amoxplus 1000,Torrent Pharma,domperidone(20mg),10 tablets,471.61,domperidone 20mg,17
Cetxr 500,Sanofi India,Vitamin d3 250 mg,5 ml,142.34,vitamin d3 250mg,15
Augforte 250,Pfizer India,clonazepam(200 mg),6 tablets,193.34,clonazepam 200mg,14
Azeecin 1000,Pfizer India,Levocetirizine 5 mg,5 ml,90.26,levocetirizine 5mg,14
Bruxr 40,Glenmark,paracetamol 40 mg,15 tablets,453.55,paracetamol 40mg,7
Pancap 500,Sun Pharma,montelukast(250 mg),10 capsules,586.53,montelukast 250mg,16
Brutab 20,Aurobindo Pharma,Calcium carbonate 200  mg,15 tablets,236.77,calcium carbonate 200mg,2
Metplus 40,Intas Pharma,Domperidone 1000 mg,15 tablets,318.44,domperidone 1000mg,10
Cettab 500,Wockhardt,paracetamol 40mg,1 bottle,325.58,paracetamol 40mg,18
Augcap 20,Intas Pharma,DOXYCYCLINE-20mg,1 bottle,348.45,doxycycline 20mg,10
Augtab 10,Sun Pharma,TRAMADOL-200mg,15 tablets,366.07,tramadol 200mg,16
Pantab 1000,Pfizer India,Methylcobalamin 40  mg,10 capsules,390.61,methylcobalamin 40mg,14
Metcap 20,Mankind Pharma,montelukast(1000 mg),1 bottle,442.08,montelukast 1000mg,12
Pansol 500,Aurobindo Pharma,Ranitidine (200 mg),6 tablets,170.08,ranitidine 200mg,2
Azeetab 1000,Wockhardt,Atorvastatin 5 mg,5 ml,53.31,atorvastatin 5mg,18
Metds 250,Mankind Pharma,Levothyroxine 10  mg,30 tablets,281.6,levothyroxine 10mg,12
Metxr 250,Aurobindo Pharma,tramadol 1000 mg,5 ml,14.36,tramadol 1000mg,2
Omeds 40,Pfizer India,Levothyroxine 20  mg,10 tablets,151.44,levothyroxine 20mg,14
Omecap 1000,Sun Pharma,TELMISARTAN-40mg,10 capsules,81.5,telmisartan 40mg,16
Cetsol 40,Pfizer India,PARACETAMOL-200mg,30 tablets,28.39,paracetamol 200mg,14
Mettab 250,Hetero Drugs,RABEPRAZOLE-5mg,15 tablets,257.64,rabeprazole 5mg,8
Cetcap 250,Lupin,DOMPERIDONE-1000mg,5 ml,254.08,domperidone 1000mg,11
Bruxr 250,Alkem Labs,pregabalin(5mg),10 capsules,145.59,pregabalin 5mg,1
Metsr 500,Sun Pharma,paracetamol 1000 mg,1 bottle,47.08,paracetamol 1000mg,16
Amoxod 10,Alkem Labs,Esomeprazole (500mg),1 bottle,590.0,esomeprazole 500mg,1
Doloxr 40,Lupin,methylcobalamin 40mg,10 capsules,555.34,methylcobalamin 40mg,11
Panod 20,Dr Reddy,Ranitidine 250  mg,30 tablets,273.76,ranitidine 250mg,5
Clavtab 1000,Abbott India,Alprazolam (200 mg),10 tablets,147.95,alprazolam 200mg,0
Amoxsol 500,Hetero Drugs,OMEPRAZOLE-500mg,1 bottle,230.44,omeprazole 500mg,8
Dolocin 20,Zydus Cadila,calcium carbonate 20 mg,30 tablets,476.73,calcium carbonate 20mg,19
Metds 250,Glenmark,ibuprofen 400mg,15 tablets,544.73,ibuprofen 400mg,7
Augcin 250,Glenmark,ciprofloxacin(1000 mg),15 tablets,522.96,ciprofloxacin 1000mg,7
Clavds 500,Dr Reddy,METOPROLOL-5mg,15 tablets,147.9,metoprolol 5mg,5
Cetod 500,Abbott India,MONTELUKAST-40mg,1 bottle,187.44,montelukast 40mg,0
Bruxr 500,Dr Reddy,Domperidone 200 mg,30 tablets,286.66,domperidone 200mg,5
Bruxr 250,Sun Pharma,Fexofenadine 20 mg,5 ml,457.24,fexofenadine 20mg,16
Augplus 10,Torrent Pharma,METOPROLOL-400mg,1 bottle,175.67,metoprolol 400mg,17
Metcin 250,Alkem Labs,Clopidogrel 20 mg,15 tablets,518.1,clopidogrel 20mg,1
Augplus 40,Hetero Drugs,Ondansetron 10  mg,1 bottle,592.61,ondansetron 10mg,8
Bruplus 40,Mankind Pharma,azithromycin(1000 mg),15 tablets,214.36,azithromycin 1000mg,12
Metsol 10,Wockhardt,Esomeprazole 500 mg,6 tablets,28.43,esomeprazole 500mg,18
Cetplus 500,Dabur Pharma,ibuprofen 20mg,1 bottle,364.47,ibuprofen 20mg,4
Clavtab 20,Aurobindo Pharma,Paracetamol (10mg),1 bottle,546.69,paracetamol 10mg,2
Bruod 1000,Sanofi India,fexofenadine 200mg,10 capsules,442.49,fexofenadine 200mg,15
Cetplus 40,Hetero Drugs,omeprazole(10mg),5 ml,132.04,omeprazole 10mg,8
Omexr 20,Sun Pharma,Paracetamol 40 mg,10 tablets,254.77,paracetamol 40mg,16
Augcap 20,Zydus Cadila,RANITIDINE-500mg,15 tablets,569.5,ranitidine 500mg,19
Metplus 10,Mankind Pharma,Ranitidine (5mg),5 ml,268.91,ranitidine 5mg,12
Omeplus 250,Dr Reddy,pantoprazole 1000mg,1 bottle,210.55,pantoprazole 1000mg,5
Dolood 10,GSK India,calcium carbonate 5 mg,1 bottle,207.24,calcium carbonate 5mg,6
Azeeplus 40,Dabur Pharma,Ondansetron (20mg),10 tablets,452.85,ondansetron 20mg,4
Bruod 250,Dabur Pharma,LEVOTHYROXINE-20mg,1 bottle,214.21,levothyroxine 20mg,4
Metcap 20,Intas Pharma,Sertraline 10 mg,10 capsules,526.73,sertraline 10mg,10
Azeesr 500,Dr Reddy,Amoxicillin 20 mg,30 tablets,538.67,amoxicillin 20mg,5
Amoxsr 40,Abbott India,levothyroxine 1000 mg,6 tablets,80.87,levothyroxine 1000mg,0
Clavtab 40,Abbott India,fluoxetine 1000mg,10 capsules,211.19,fluoxetine 1000mg,0
Amoxtab 1000,Abbott India,Rabeprazole 400  mg,15 tablets,59.91,rabeprazole 400mg,0
Doloxr 20,Hetero Drugs,domperidone(10mg),15 tablets,444.26,domperidone 10mg,8
Dolocap 20,Glenmark,Domperidone 1000  mg,5 ml,400.94,domperidone 1000mg,7
Amoxsol 10,Glenmark,Paracetamol 400  mg,15 tablets,410.55,paracetamol 400mg,7
Omeplus 40,Sanofi India,amoxicillin 250 mg,6 tablets,347.79,amoxicillin 250mg,15
Metsol 40,Glenmark,Glimepiride (1000 mg),15 tablets,443.55,glimepiride 1000mg,7
Azeexr 1000,Mankind Pharma,fluoxetine 1000 mg,10 tablets,258.08,fluoxetine 1000mg,12
Amoxplus 40,Sanofi India,Ondansetron (1000 mg),6 tablets,554.45,ondansetron 1000mg,15
Panplus 10,Himalaya,cetirizine 20mg,5 ml,395.54,cetirizine 20mg,9
Metcin 1000,Alkem Labs,SERTRALINE-100mg,15 tablets,437.77,sertraline 100mg,1
Brusol 250,Wockhardt,alprazolam(250 mg),15 tablets,78.33,alprazolam 250mg,18
Azeesol 250,GSK India,Azithromycin (1000mg),6 tablets,355.42,azithromycin 1000mg,6
Bruplus 20,Aurobindo Pharma,CETIRIZINE-200mg,1 bottle,82.14,cetirizine 200mg,2
Azeeds 20,Sun Pharma,Gabapentin 40 mg,1 bottle,297.23,gabapentin 40mg,16
Clavcap 250,Mankind Pharma,Azithromycin (5mg),5 ml,336.4,azithromycin 5mg,12
Azeeplus 250,Mankind Pharma,AMLODIPINE-200mg,10 tablets,58.09,amlodipine 200mg,12
Amoxcin 20,Sun Pharma,Gabapentin 40 mg,15 tablets,543.53,gabapentin 40mg,16
Dolood 20,Glenmark,Amlodipine 200  mg,10 capsules,310.27,amlodipine 200mg,7
Amoxsol 500,Alkem Labs,Amoxicillin (400mg),15 tablets,364.47,amoxicillin 400mg,1
Amoxxr 40,Novartis India,Amlodipine (10 mg),30 tablets,542.97,amlodipine 10mg,13
Omeplus 40,Novartis India,LOSARTAN-10mg,15 tablets,420.51,losartan 10mg,13
Bruxr 250,Zydus Cadila,Alprazolam 40 mg,30 tablets,578.7,alprazolam 40mg,19
Dolotab 1000,Wockhardt,gabapentin(10mg),10 tablets,546.27,gabapentin 10mg,18
Metxr 250,Lupin,Ciprofloxacin (200mg),1 bottle,471.38,ciprofloxacin 200mg,11
Dolood 1000,Lupin,Montelukast 200  mg,10 capsules,334.51,montelukast 200mg,11
Azeeds 20,Mankind Pharma,Pantoprazole 250  mg,30 tablets,530.16,pantoprazole 250mg,12
Cetcap 10,Zydus Cadila,losartan(250mg),6 tablets,344.0,losartan 250mg,19
Augcap 10,Wockhardt,esomeprazole(400mg),6 tablets,591.86,esomeprazole 400mg,18
Omeplus 10,Abbott India,telmisartan(10 mg),30 tablets,464.18,telmisartan 10mg,0
Pantab 40,Mankind Pharma,Atorvastatin (400mg),10 capsules,177.22,atorvastatin 400mg,12
Augds 40,Zydus Cadila,paracetamol(10 mg),1 bottle,598.79,paracetamol 10mg,19
Panxr 40,Alkem Labs,ondansetron(250mg),5 ml,324.32,ondansetron 250mg,1
Azeesol 500,Pfizer India,clonazepam(500mg),15 tablets,52.47,clonazepam 500mg,14
Dolotab 1000,Aurobindo Pharma,Metformin 10  mg,15 tablets,549.11,metformin 10mg,2
Amoxsol 250,GSK India,azithromycin 100mg,30 tablets,444.91,azithromycin 100mg,6
Augcin 1000,Pfizer India,Montelukast (5 mg),10 capsules,11.49,montelukast 5mg,14
Dolocin 250,Mankind Pharma,cetirizine 250mg,1 bottle,263.04,cetirizine 250mg,12
Cetplus 500,GSK India,Metoprolol (10 mg),10 tablets,286.65,metoprolol 10mg,6
Augcap 500,Lupin,ranitidine 400 mg,1 bottle,217.41,ranitidine 400mg,11
Cetxr 10,Intas Pharma,DOMPERIDONE-10mg,10 tablets,448.4,domperidone 10mg,10
Augds 10,Lupin,domperidone 40 mg,1 bottle,481.49,domperidone 40mg,11
Omecin 500,Zydus Cadila,Ondansetron 5  mg,10 tablets,100.08,ondansetron 5mg,19
Panxr 10,Wockhardt,aspirin 500mg,10 capsules,179.36,aspirin 500mg,18
Amoxtab 1000,Mankind Pharma,aspirin(20mg),15 tablets,596.6,aspirin 20mg,12
Cetsol 20,Sanofi India,Domperidone (40 mg),10 capsules,380.31,domperidone 40mg,15
Brucin 20,Alkem Labs,ondansetron 500mg,15 tablets,126.19,ondansetron 500mg,1
Brusr 250,Abbott India,CLONAZEPAM-100mg,30 tablets,309.84,clonazepam 100mg,0
Clavtab 10,GSK India,levothyroxine 5mg,30 tablets,117.43,levothyroxine 5mg,6
Azeecap 1000,Sun Pharma,Montelukast (10mg),6 tablets,221.46,montelukast 10mg,16
Amoxsol 20,Hetero Drugs,vitamin d3(5 mg),15 tablets,235.36,vitamin d3 5mg,8
Metsol 40,Himalaya,Calcium Carbonate (10mg),6 tablets,271.9,calcium carbonate 10mg,9
Metds 40,GSK India,zinc sulphate 250 mg,5 ml,98.97,zinc sulphate 250mg,6
Omexr 250,Hetero Drugs,losartan 400 mg,1 bottle,293.83,losartan 400mg,8
Cetplus 250,Torrent Pharma,ibuprofen(40mg),6 tablets,573.84,ibuprofen 40mg,17
Azeetab 500,Novartis India,Domperidone 1000  mg,5 ml,267.15,domperidone 1000mg,13
Amoxsol 1000,Sanofi India,alprazolam(20 mg),30 tablets,427.29,alprazolam 20mg,15
Cetplus 500,Intas Pharma,AMOXICILLIN-400mg,10 tablets,168.1,amoxicillin 400mg,10
Dolood 1000,Lupin,aspirin(5mg),10 tablets,200.14,aspirin 5mg,11
Dolocin 40,Dabur Pharma,Losartan 20 mg,30 tablets,491.03,losartan 20mg,4
Clavtab 40,Sun Pharma,telmisartan 40mg,10 capsules,449.5,telmisartan 40mg,16
Doloplus 500,Pfizer India,CALCIUM CARBONATE-400mg,15 tablets,352.34,calcium carbonate 400mg,14
Cetsr 250,Wockhardt,METOPROLOL-20mg,30 tablets,301.61,metoprolol 20mg,18
Cetplus 250,GSK India,ranitidine(5mg),6 tablets,191.61,ranitidine 5mg,6
Brusol 10,Zydus Cadila,Calcium Carbonate (5mg),10 tablets,546.21,calcium carbonate 5mg,19
Cetsr 20,Dr Reddy,cetirizine 400 mg,15 tablets,536.3,cetirizine 400mg,5
Amoxsol 40,Hetero Drugs,FEXOFENADINE-1000mg,6 tablets,235.77,fexofenadine 1000mg,8
Omeplus 1000,Lupin,AZITHROMYCIN-40mg,15 tablets,53.16,azithromycin 40mg,11
Bruds 1000,Zydus Cadila,omeprazole(500mg),15 tablets,362.97,omeprazole 500mg,19
Augforte 1000,Lupin,montelukast 100mg,30 tablets,487.95,montelukast 100mg,11
Brusr 40,Glenmark,PARACETAMOL-20mg,15 tablets,479.74,paracetamol 20mg,7
Omeforte 500,Torrent Pharma,Azithromycin 200  mg,15 tablets,115.67,azithromycin 200mg,17
Dolocap 40,Dabur Pharma,Fexofenadine 40  mg,5 ml,553.59,fexofenadine 40mg,4
Metxr 250,Novartis India,Gabapentin 400  mg,10 capsules,351.93,gabapentin 400mg,13
Metcin 1000,Hetero Drugs,CIPROFLOXACIN-1000mg,10 tablets,338.56,ciprofloxacin 1000mg,8
Augcap 20,Zydus Cadila,metformin 500 mg,30 tablets,583.32,metformin 500mg,19
Cetxr 40,Lupin,CIPROFLOXACIN-500mg,6 tablets,23.6,ciprofloxacin 500mg,11
Clavcap 250,GSK India,Cetirizine (200 mg),5 ml,94.96,cetirizine 200mg,6
Cetsr 40,Zydus Cadila,Paracetamol 200  mg,5 ml,90.95,paracetamol 200mg,19
Brusr 20,Sun Pharma,RANITIDINE-5mg,1 bottle,429.15,ranitidine 5mg,16
Omeds 10,Mankind Pharma,Montelukast 400 mg,30 tablets,586.93,montelukast 400mg,12
Azeeod 250,Aurobindo Pharma,ZINC SULPHATE-500mg,15 tablets,491.4,zinc sulphate 500mg,2
Doloxr 500,Cipla,ONDANSETRON-1000mg,5 ml,167.79,ondansetron 1000mg,3
Pansol 1000,Alkem Labs,montelukast(5mg),6 tablets,58.34,montelukast 5mg,1
Amoxcin 1000,Glenmark,Sertraline (500mg),10 tablets,452.99,sertraline 500mg,7
Omeforte 10,Zydus Cadila,levothyroxine 1000 mg,6 tablets,538.73,levothyroxine 1000mg,19
Clavcin 1000,Aurobindo Pharma,metoprolol(250mg),1 bottle,103.44,metoprolol 250mg,2
Cetds 20,Zydus Cadila,OMEPRAZOLE-400mg,5 ml,595.43,omeprazole 400mg,19
Dolood 10,Glenmark,CLOPIDOGREL-20mg,30 tablets,31.69,clopidogrel 20mg,7
Augforte 500,GSK India,Montelukast (400 mg),10 tablets,560.96,montelukast 400mg,6
Augplus 10,Dr Reddy,Esomeprazole (500 mg),15 tablets,587.26,esomeprazole 500mg,5
Doloplus 10,GSK India,amlodipine(10mg),10 tablets,250.15,amlodipine 10mg,6
Dolotab 40,Dabur Pharma,diclofenac(500 mg),30 tablets,252.61,diclofenac 500mg,4
Cettab 1000,Novartis India,AMOXICILLIN-500mg,10 tablets,230.49,amoxicillin 500mg,13
Augsr 40,Dr Reddy,Ciprofloxacin 1000  mg,30 tablets,324.79,ciprofloxacin 1000mg,5
Bruforte 250,Wockhardt,Ranitidine 10 mg,15 tablets,195.83,ranitidine 10mg,18
Azeecap 10,Pfizer India,sertraline 10mg,10 tablets,94.14,sertraline 10mg,14
Brusr 500,Hetero Drugs,Calcium Carbonate (1000 mg),5 ml,40.01,calcium carbonate 1000mg,8
Cettab 1000,Mankind Pharma,fexofenadine 200mg,10 tablets,247.8,fexofenadine 200mg,12
Pantab 10,Torrent Pharma,LEVOCETIRIZINE-5mg,15 tablets,210.48,levocetirizine 5mg,17
Cetxr 1000,GSK India,Rosuvastatin 10  mg,10 capsules,548.26,rosuvastatin 10mg,6
Cetforte 40,Himalaya,Pregabalin (5mg),10 capsules,591.93,pregabalin 5mg,9
Augforte 250,Pfizer India,LEVOTHYROXINE-250mg,15 tablets,476.87,levothyroxine 250mg,14
Clavtab 250,Pfizer India,PARACETAMOL-20mg,6 tablets,137.42,paracetamol 20mg,14
Omesr 40,Intas Pharma,esomeprazole 250mg,10 capsules,599.44,esomeprazole 250mg,10
Cetsr 10,Glenmark,gabapentin(10 mg),10 tablets,228.89,gabapentin 10mg,7
Amoxod 250,Wockhardt,fexofenadine 1000 mg,6 tablets,597.26,fexofenadine 1000mg,18
Clavds 250,GSK India,Ibuprofen (10 mg),6 tablets,383.05,ibuprofen 10mg,6
Augds 10,Abbott India,GLIMEPIRIDE-10mg,5 ml,75.78,glimepiride 10mg,0
Dolosol 20,Aurobindo Pharma,Rosuvastatin 20  mg,10 tablets,175.89,rosuvastatin 20mg,2
Pancin 500,Wockhardt,Levocetirizine (400mg),10 tablets,475.98,levocetirizine 400mg,18
Brusol 20,Mankind Pharma,calcium carbonate 250 mg,10 capsules,584.31,calcium carbonate 250mg,12
Brucap 10,Zydus Cadila,Metformin 200  mg,6 tablets,543.27,metformin 200mg,19
Clavxr 40,Lupin,cetirizine(20mg),6 tablets,550.67,cetirizine 20mg,11
Brucin 40,Dr Reddy,Levothyroxine (5mg),10 tablets,463.86,levothyroxine 5mg,5
Cetsr 40,Aurobindo Pharma,gabapentin(1000mg),10 tablets,381.85,gabapentin 1000mg,2
Metxr 1000,Novartis India,CIPROFLOXACIN-100mg,5 ml,398.28,ciprofloxacin 100mg,13
Clavtab 250,Lupin,Ibuprofen (200 mg),1 bottle,91.97,ibuprofen 200mg,11
Omesr 250,Alkem Labs,atorvastatin 40 mg,1 bottle,252.94,atorvastatin 40mg,1
Augcap 500,Glenmark,Doxycycline 10  mg,6 tablets,184.86,doxycycline 10mg,7
Augod 20,Glenmark,Calcium Carbonate (500mg),30 tablets,331.52,calcium carbonate 500mg,7
Pands 20,Sun Pharma,azithromycin(5mg),10 capsules,458.49,azithromycin 5mg,16
Omecap 1000,Zydus Cadila,doxycycline 250mg,15 tablets,170.01,doxycycline 250mg,19
Azeexr 500,GSK India,Pregabalin 100 mg,1 bottle,156.06,pregabalin 100mg,6
Clavplus 500,Himalaya,Telmisartan (1000 mg),5 ml,478.11,telmisartan 1000mg,9
Dolood 250,Torrent Pharma,diclofenac(10 mg),5 ml,367.52,diclofenac 10mg,17
Azeeplus 20,Mankind Pharma,Esomeprazole 1000 mg,10 tablets,250.61,esomeprazole 1000mg,12
Cetforte 10,Sun Pharma,Clonazepam 500  mg,10 tablets,476.21,clonazepam 500mg,16
Panforte 40,Glenmark,ESOMEPRAZOLE-500mg,10 tablets,14.45,esomeprazole 500mg,7
Amoxod 500,Dr Reddy,levothyroxine(400mg),1 bottle,320.14,levothyroxine 400mg,5
Ometab 10,Torrent Pharma,Fluoxetine (40 mg),1 bottle,109.31,fluoxetine 40mg,17
Clavcin 10,Sun Pharma,methylcobalamin 250mg,6 tablets,176.34,methylcobalamin 250mg,16
Pantab 10,Glenmark,Gabapentin (5 mg),6 tablets,64.31,gabapentin 5mg,7
Azeeforte 10,Aurobindo Pharma,telmisartan 250 mg,10 tablets,370.49,telmisartan 250mg,2
Omesol 40,Abbott India,Cetirizine 250  mg,15 tablets,542.15,cetirizine 250mg,0
Panplus 250,Cipla,paracetamol 500mg,10 tablets,164.13,paracetamol 500mg,3
Augtab 500,Zydus Cadila,RABEPRAZOLE-200mg,10 capsules,197.04,rabeprazole 200mg,19
Metod 10,Sanofi India,Levocetirizine (20 mg),10 capsules,399.47,levocetirizine 20mg,15
Amoxtab 1000,Torrent Pharma,Sertraline (400mg),5 ml,338.64,sertraline 400mg,17
Metcin 40,GSK India,Doxycycline (1000mg),10 tablets,135.95,doxycycline 1000mg,6
Azeeds 1000,Himalaya,CETIRIZINE-250mg,5 ml,458.21,cetirizine 250mg,9
Doloxr 10,Zydus Cadila,Metoprolol (5 mg),15 tablets,521.77,metoprolol 5mg,19
Amoxod 40,Wockhardt,domperidone 1000mg,15 tablets,68.42,domperidone 1000mg,18
Amoxcin 10,Pfizer India,Azithromycin (400mg),15 tablets,399.84,azithromycin 400mg,14
Cetxr 20,Wockhardt,pregabalin 1000mg,15 tablets,263.06,pregabalin 1000mg,18
Brusol 1000,Aurobindo Pharma,Esomeprazole (10mg),6 tablets,120.15,esomeprazole 10mg,2
Azeetab 1000,Abbott India,amoxicillin 200 mg,10 tablets,142.07,amoxicillin 200mg,0
Amoxsr 500,Abbott India,Ondansetron (1000 mg),6 tablets,109.25,ondansetron 1000mg,0
Azeeod 10,Lupin,Calcium Carbonate (100mg),15 tablets,445.54,calcium carbonate 100mg,11
Dolosr 500,Mankind Pharma,Pantoprazole (250 mg),15 tablets,577.65,pantoprazole 250mg,12
Panod 1000,Dr Reddy,ibuprofen 40mg,15 tablets,581.97,ibuprofen 40mg,5
Panod 40,Cipla,Aspirin (40 mg),5 ml,594.32,aspirin 40mg,3
Dolosr 10,Lupin,Pantoprazole (20mg),30 tablets,443.01,pantoprazole 20mg,11
Doloplus 40,Pfizer India,fluoxetine 200mg,10 tablets,205.57,fluoxetine 200mg,14
Azeecin 500,Torrent Pharma,Calcium Carbonate (40 mg),6 tablets,587.35,calcium carbonate 40mg,17
Clavxr 1000,Sun Pharma,Metoprolol 500  mg,15 tablets,130.13,metoprolol 500mg,16
Azeecap 1000,Novartis India,rabeprazole 10mg,1 bottle,546.91,rabeprazole 10mg,13
Panod 20,Intas Pharma,vitamin d3 10 mg,15 tablets,423.49,vitamin d3 10mg,10
Pansr 40,Intas Pharma,tramadol 200 mg,10 tablets,95.1,tramadol 200mg,10
Amoxcin 10,Cipla,Glimepiride (200 mg),1 bottle,216.54,glimepiride 200mg,3
Azeecap 250,Sanofi India,amlodipine 500 mg,6 tablets,430.21,amlodipine 500mg,15
Pansr 1000,Intas Pharma,Fexofenadine (200 mg),15 tablets,155.25,fexofenadine 200mg,10
Amoxcap 20,Intas Pharma,ondansetron 10mg,10 capsules,266.0,ondansetron 10mg,10
Azeesol 1000,Zydus Cadila,amlodipine 5mg,1 bottle,188.56,amlodipine 5mg,19
Brutab 500,Aurobindo Pharma,TRAMADOL-400mg,5 ml,319.73,tramadol 400mg,2
Bruxr 10,Wockhardt,rosuvastatin 20 mg,1 bottle,24.38,rosuvastatin 20mg,18
Metod 20,Dabur Pharma,LEVOCETIRIZINE-1000mg,30 tablets,228.88,levocetirizine 1000mg,4
Omeplus 20,Glenmark,Metformin (200mg),10 capsules,293.03,metformin 200mg,7
Cetds 40,Alkem Labs,Vitamin D3 (5 mg),10 capsules,580.63,vitamin d3 5mg,1
Augod 40,Sun Pharma,metoprolol 100mg,5 ml,126.81,metoprolol 100mg,16
Omesr 250,Abbott India,Azithromycin (5 mg),15 tablets,500.97,azithromycin 5mg,0
Metds 1000,GSK India,Azithromycin 100 mg,15 tablets,494.44,azithromycin 100mg,6
Pancap 500,Zydus Cadila,Zinc sulphate 10 mg,6 tablets,492.58,zinc sulphate 10mg,19
Amoxtab 20,GSK India,Gabapentin 5 mg,30 tablets,299.83,gabapentin 5mg,6
Panplus 10,Wockhardt,Cetirizine 20  mg,15 tablets,79.11,cetirizine 20mg,18
Augsr 1000,Hetero Drugs,Amoxicillin (20 mg),15 tablets,13.4,amoxicillin 20mg,8
Azeetab 500,Sanofi India,alprazolam 5mg,1 bottle,396.3,alprazolam 5mg,15
Amoxxr 250,Torrent Pharma,CLOPIDOGREL-20mg,5 ml,550.37,clopidogrel 20mg,17
Azeeplus 500,Sanofi India,sertraline(40mg),5 ml,421.08,sertraline 40mg,15
Cetsol 250,Cipla,Vitamin D3 (1000 mg),10 tablets,401.83,vitamin d3 1000mg,3
Pancap 1000,Dabur Pharma,atorvastatin 20 mg,6 tablets,71.74,atorvastatin 20mg,4
Augsr 40,Alkem Labs,METHYLCOBALAMIN-400mg,30 tablets,177.36,methylcobalamin 400mg,1
Omesol 250,Himalaya,Clonazepam (5mg),10 tablets,487.53,clonazepam 5mg,9
Cetds 10,Dr Reddy,levocetirizine(200 mg),30 tablets,120.56,levocetirizine 200mg,5
Cettab 10,Dabur Pharma,alprazolam 500 mg,10 capsules,261.09,alprazolam 500mg,4
Cetplus 250,Hetero Drugs,Glimepiride 200 mg,10 tablets,324.38,glimepiride 200mg,8
Pands 40,Aurobindo Pharma,zinc sulphate 5 mg,10 capsules,535.95,zinc sulphate 5mg,2
Augtab 20,Cipla,doxycycline 400 mg,15 tablets,543.36,doxycycline 400mg,3
Clavtab 20,Wockhardt,Amoxicillin (500 mg),10 capsules,291.43,amoxicillin 500mg,18
Doloxr 10,Sanofi India,Cetirizine 500 mg,15 tablets,187.62,cetirizine 500mg,15
Cetxr 40,Aurobindo Pharma,Sertraline 500 mg,6 tablets,260.69,sertraline 500mg,2
Brucin 500,Alkem Labs,zinc sulphate 500 mg,30 tablets,145.36,zinc sulphate 500mg,1
Metcin 250,Sun Pharma,Gabapentin (200 mg),5 ml,41.54,gabapentin 200mg,16
Cetod 10,Abbott India,levothyroxine(500 mg),30 tablets,291.39,levothyroxine 500mg,0
Dolosol 10,GSK India,LOSARTAN-400mg,6 tablets,430.18,losartan 400mg,6
Azeeds 250,Torrent Pharma,glimepiride(400mg),30 tablets,39.97,glimepiride 400mg,17
Cetds 500,Dr Reddy,zinc sulphate 40 mg,15 tablets,188.52,zinc sulphate 40mg,5
Metxr 500,Cipla,Rabeprazole 1000  mg,15 tablets,398.68,rabeprazole 1000mg,3
Omeds 10,Cipla,Zinc sulphate 10  mg,5 ml,571.86,zinc sulphate 10mg,3
Clavds 1000,Himalaya,Gabapentin 20  mg,6 tablets,104.23,gabapentin 20mg,9
Amoxtab 500,Torrent Pharma,Aspirin (20mg),5 ml,464.63,aspirin 20mg,17
Amoxod 250,Torrent Pharma,amoxicillin 200mg,6 tablets,81.59,amoxicillin 200mg,17
Augcin 10,Pfizer India,Losartan 40 mg,10 tablets,29.91,losartan 40mg,14
Omeplus 20,Cipla,Pregabalin 5 mg,10 capsules,334.46,pregabalin 5mg,3
Metcap 500,GSK India,losartan 200mg,15 tablets,523.77,losartan 200mg,6
Dolocin 20,Pfizer India,amoxicillin(40mg),10 capsules,432.68,amoxicillin 40mg,14
Panod 500,Hetero Drugs,Losartan (200mg),10 capsules,215.04,losartan 200mg,8
Clavforte 40,Alkem Labs,ALPRAZOLAM-1000mg,30 tablets,254.25,alprazolam 1000mg,1
Doloforte 10,Dabur Pharma,metoprolol 250mg,5 ml,539.26,metoprolol 250mg,4
Amoxcap 20,Hetero Drugs,GLIMEPIRIDE-250mg,10 tablets,23.12,glimepiride 250mg,8
Bruod 250,Hetero Drugs,alprazolam(5 mg),15 tablets,396.98,alprazolam 5mg,8
Clavds 40,Himalaya,OMEPRAZOLE-1000mg,10 capsules,255.5,omeprazole 1000mg,9
Azeeds 10,GSK India,clonazepam(500mg),6 tablets,195.63,clonazepam 500mg,6
Augforte 40,Hetero Drugs,ASPIRIN-250mg,15 tablets,583.66,aspirin 250mg,8
Azeetab 1000,Hetero Drugs,Levocetirizine (500 mg),10 capsules,394.77,levocetirizine 500mg,8
Metxr 40,Zydus Cadila,levocetirizine(400mg),10 capsules,354.18,levocetirizine 400mg,19
Bruxr 20,Lupin,glimepiride 250 mg,10 tablets,590.08,glimepiride 250mg,11
Omexr 1000,Sun Pharma,Domperidone 40 mg,15 tablets,461.18,domperidone 40mg,16
Cettab 500,Wockhardt,Cetirizine (20mg),10 tablets,312.82,cetirizine 20mg,18
Azeesol 40,Aurobindo Pharma,FEXOFENADINE-500mg,6 tablets,181.69,fexofenadine 500mg,2
Pantab 40,Dabur Pharma,clopidogrel(200 mg),10 tablets,553.07,clopidogrel 200mg,4
Cetcap 40,GSK India,diclofenac 10 mg,6 tablets,461.45,diclofenac 10mg,6
Dolosr 10,Himalaya,Omeprazole (20mg),10 capsules,197.7,omeprazole 20mg,9
Dolocin 20,Intas Pharma,TELMISARTAN-10mg,1 bottle,314.47,telmisartan 10mg,10
Cetcap 250,Aurobindo Pharma,fexofenadine 100mg,30 tablets,489.88,fexofenadine 100mg,2
Clavforte 250,Torrent Pharma,doxycycline(10 mg),10 capsules,213.63,doxycycline 10mg,17
Amoxod 250,Mankind Pharma,FLUOXETINE-20mg,30 tablets,555.31,fluoxetine 20mg,12
Clavcin 20,Mankind Pharma,doxycycline(400 mg),10 tablets,326.45,doxycycline 400mg,12
Brusr 20,Intas Pharma,IBUPROFEN-500mg,10 capsules,82.7,ibuprofen 500mg,10
Omecap 1000,GSK India,Azithromycin 20  mg,30 tablets,441.13,azithromycin 20mg,6
Azeeforte 1000,Glenmark,Omeprazole (400mg),15 tablets,276.45,omeprazole 400mg,7
Azeeforte 500,Wockhardt,Atorvastatin (250 mg),10 tablets,506.13,atorvastatin 250mg,18
Brusol 40,Zydus Cadila,AMOXICILLIN-250mg,10 capsules,123.84,amoxicillin 250mg,19
Cetcin 10,Dabur Pharma,atorvastatin(40 mg),15 tablets,415.29,atorvastatin 40mg,4
Cetplus 500,Sanofi India,Aspirin 500  mg,6 tablets,526.02,aspirin 500mg,15
Omesol 250,GSK India,ondansetron(500 mg),30 tablets,578.05,ondansetron 500mg,6
Brutab 500,Abbott India,levocetirizine 20 mg,6 tablets,283.12,levocetirizine 20mg,0
Brusol 250,GSK India,Ondansetron 20 mg,10 capsules,180.23,ondansetron 20mg,6
Doloxr 10,Glenmark,levocetirizine(500mg),30 tablets,486.95,levocetirizine 500mg,7
Panplus 10,Abbott India,Metformin 200 mg,30 tablets,250.61,metformin 200mg,0
Cetod 20,Dabur Pharma,doxycycline(10mg),30 tablets,19.79,doxycycline 10mg,4
Pands 500,Novartis India,omeprazole 250 mg,10 tablets,222.36,omeprazole 250mg,13
Cetforte 1000,Intas Pharma,GABAPENTIN-1000mg,5 ml,252.73,gabapentin 1000mg,10
Bruxr 500,Lupin,aspirin 500mg,5 ml,492.43,aspirin 500mg,11
Pands 20,Wockhardt,atorvastatin(1000mg),10 tablets,552.03,atorvastatin 1000mg,18
Doloxr 20,Intas Pharma,ondansetron(5mg),5 ml,448.14,ondansetron 5mg,10
Amoxxr 250,GSK India,cetirizine(200mg),1 bottle,139.57,cetirizine 200mg,6
Pansr 40,Abbott India,glimepiride(400 mg),1 bottle,241.04,glimepiride 400mg,0
Brusol 10,Himalaya,CETIRIZINE-20mg,10 tablets,226.93,cetirizine 20mg,9
Cetsol 10,Lupin,Clopidogrel (20mg),10 capsules,359.3,clopidogrel 20mg,11
Augplus 10,Abbott India,sertraline(5 mg),10 tablets,192.38,sertraline 5mg,0
Panplus 40,Wockhardt,levothyroxine(200 mg),5 ml,131.86,levothyroxine 200mg,18
Augds 20,Glenmark,FLUOXETINE-250mg,1 bottle,516.32,fluoxetine 250mg,7
Pancap 20,Aurobindo Pharma,Cetirizine (10 mg),15 tablets,450.9,cetirizine 10mg,2
Azeesr 500,GSK India,Azithromycin 500 mg,15 tablets,451.4,azithromycin 500mg,6
Amoxds 1000,Intas Pharma,Glimepiride 10 mg,6 tablets,372.14,glimepiride 10mg,10
Clavforte 20,Alkem Labs,metoprolol(100mg),5 ml,365.87,metoprolol 100mg,1
Augcin 1000,Sanofi India,CLOPIDOGREL-20mg,6 tablets,254.45,clopidogrel 20mg,15
Omeds 10,Alkem Labs,PARACETAMOL-100mg,6 tablets,203.97,paracetamol 100mg,1
Dolocin 500,Novartis India,pantoprazole 1000mg,15 tablets,170.55,pantoprazole 1000mg,13
Bruplus 20,Dabur Pharma,vitamin d3 100mg,5 ml,328.28,vitamin d3 100mg,4
Amoxod 250,Torrent Pharma,METOPROLOL-10mg,15 tablets,83.01,metoprolol 10mg,17
Cetcap 10,Dabur Pharma,Ciprofloxacin (5mg),15 tablets,525.77,ciprofloxacin 5mg,4
Augforte 1000,Pfizer India,metformin(20mg),1 bottle,304.22,metformin 20mg,14
Azeeforte 20,Hetero Drugs,Rabeprazole 1000  mg,30 tablets,54.29,rabeprazole 1000mg,8
Augsr 40,Wockhardt,PANTOPRAZOLE-200mg,10 capsules,475.07,pantoprazole 200mg,18
Dolosr 40,Sun Pharma,FEXOFENADINE-500mg,5 ml,212.83,fexofenadine 500mg,16
Pansol 10,Mankind Pharma,domperidone 1000 mg,6 tablets,221.71,domperidone 1000mg,12
Panod 1000,Torrent Pharma,clopidogrel 10mg,10 capsules,27.85,clopidogrel 10mg,17
Pansr 20,Cipla,amoxicillin 200mg,10 capsules,382.29,amoxicillin 200mg,3
Clavcap 40,Hetero Drugs,Gabapentin (10mg),10 tablets,443.83,gabapentin 10mg,8
Panforte 250,Pfizer India,Levocetirizine (10mg),6 tablets,515.87,levocetirizine 10mg,14
Cetod 40,Glenmark,zinc sulphate 250mg,6 tablets,567.03,zinc sulphate 250mg,7
Azeecap 40,Dr Reddy,Ondansetron (10 mg),15 tablets,165.85,ondansetron 10mg,5
Panplus 1000,Wockhardt,calcium carbonate(5mg),15 tablets,339.85,calcium carbonate 5mg,18
Omecap 40,Dr Reddy,Omeprazole 200  mg,10 tablets,59.16,omeprazole 200mg,5
Dolosr 250,Alkem Labs,Ibuprofen (40mg),6 tablets,527.3,ibuprofen 40mg,1
Amoxcap 1000,Cipla,domperidone 20mg,1 bottle,91.13,domperidone 20mg,3
Amoxsr 1000,Mankind Pharma,DOMPERIDONE-200mg,30 tablets,62.71,domperidone 200mg,12
Clavxr 500,Cipla,CLONAZEPAM-20mg,5 ml,326.47,clonazepam 20mg,3
Azeeds 40,Glenmark,ROSUVASTATIN-100mg,6 tablets,478.22,rosuvastatin 100mg,7
Omeds 40,Torrent Pharma,Losartan 5 mg,10 tablets,381.62,losartan 5mg,17
Clavcin 1000,Aurobindo Pharma,levothyroxine(500 mg),6 tablets,423.16,levothyroxine 500mg,2
Dolotab 500,GSK India,Paracetamol 40 mg,30 tablets,548.58,paracetamol 40mg,6
Clavod 40,Dabur Pharma,Ranitidine 250 mg,1 bottle,265.5,ranitidine 250mg,4
Bruplus 250,Glenmark,losartan(500 mg),1 bottle,582.69,losartan 500mg,7
Amoxod 10,Wockhardt,Alprazolam 10 mg,5 ml,359.1,alprazolam 10mg,18
Cetcap 40,Himalaya,MONTELUKAST-5mg,5 ml,205.22,montelukast 5mg,9
Cetsr 250,Pfizer India,montelukast 20mg,1 bottle,397.9,montelukast 20mg,14
Metxr 250,Abbott India,MONTELUKAST-1000mg,5 ml,436.69,montelukast 1000mg,0
Omesr 20,Mankind Pharma,Esomeprazole 250 mg,30 tablets,414.58,esomeprazole 250mg,12
Cetforte 500,Lupin,RABEPRAZOLE-20mg,1 bottle,244.73,rabeprazole 20mg,11
Augod 250,Dr Reddy,fexofenadine(1000 mg),30 tablets,139.24,fexofenadine 1000mg,5
Panod 20,Sanofi India,esomeprazole 500 mg,5 ml,453.0,esomeprazole 500mg,15
Amoxxr 250,Cipla,AMLODIPINE-40mg,15 tablets,209.04,amlodipine 40mg,3
Amoxxr 500,GSK India,Glimepiride 100 mg,10 tablets,104.82,glimepiride 100mg,6
Brucin 500,Lupin,tramadol 1000mg,6 tablets,196.86,tramadol 1000mg,11
Panplus 10,Aurobindo Pharma,Tramadol 250 mg,1 bottle,161.12,tramadol 250mg,2
Dolods 1000,GSK India,diclofenac 5 mg,6 tablets,74.11,diclofenac 5mg,6
Clavplus 500,Sun Pharma,RABEPRAZOLE-1000mg,30 tablets,312.82,rabeprazole 1000mg,16
Omesr 10,Intas Pharma,Fexofenadine 500 mg,10 tablets,225.33,fexofenadine 500mg,10
Dolocin 20,Dabur Pharma,Levothyroxine (100mg),10 tablets,445.3,levothyroxine 100mg,4
Amoxforte 10,GSK India,CETIRIZINE-20mg,1 bottle,415.88,cetirizine 20mg,6
Doloforte 250,Cipla,Clonazepam 200  mg,10 tablets,94.88,clonazepam 200mg,3
Amoxxr 10,Dr Reddy,cetirizine(1000 mg),30 tablets,21.25,cetirizine 1000mg,5
Amoxplus 20,Alkem Labs,Omeprazole (10 mg),10 capsules,312.31,omeprazole 10mg,1
Bruplus 40,GSK India,metformin(500 mg),15 tablets,415.81,metformin 500mg,6
Panxr 500,Intas Pharma,AMOXICILLIN-1000mg,30 tablets,19.08,amoxicillin 1000mg,10
Metsol 250,Glenmark,telmisartan(20 mg),10 tablets,427.73,telmisartan 20mg,7
Augsr 500,Pfizer India,clopidogrel 250 mg,15 tablets,323.09,clopidogrel 250mg,14
Augds 1000,Dr Reddy,ondansetron(500mg),6 tablets,57.19,ondansetron 500mg,5
Augcin 500,Pfizer India,montelukast 100mg,6 tablets,377.92,montelukast 100mg,14
Augsol 10,Intas Pharma,Fexofenadine (10 mg),10 capsules,553.34,fexofenadine 10mg,10
Omeod 1000,Alkem Labs,Azithromycin 10 mg,15 tablets,113.74,azithromycin 10mg,1
Metxr 20,Hetero Drugs,Ondansetron 400  mg,5 ml,173.1,ondansetron 400mg,8
Metxr 10,Novartis India,levothyroxine(5 mg),1 bottle,456.04,levothyroxine 5mg,13
Azeeforte 10,Intas Pharma,Pantoprazole 40 mg,10 tablets,396.46,pantoprazole 40mg,10
Panod 500,Wockhardt,Vitamin d3 10  mg,15 tablets,90.03,vitamin d3 10mg,18
Clavsol 500,Sun Pharma,Calcium carbonate 200  mg,30 tablets,345.03,calcium carbonate 200mg,16
Azeesol 500,Aurobindo Pharma,esomeprazole(250mg),10 capsules,279.0,esomeprazole 250mg,2
Omecin 500,Zydus Cadila,sertraline 5mg,30 tablets,349.94,sertraline 5mg,19
Omeod 1000,Pfizer India,DICLOFENAC-400mg,10 capsules,524.27,diclofenac 400mg,14
Azeesr 10,Wockhardt,Atorvastatin (250mg),5 ml,49.66,atorvastatin 250mg,18
Azeesr 10,Aurobindo Pharma,ondansetron 500mg,6 tablets,474.15,ondansetron 500mg,2
Dolocap 500,Hetero Drugs,VITAMIN D3-10mg,1 bottle,478.97,vitamin d3 10mg,8
Amoxforte 1000,Abbott India,Atorvastatin 20  mg,5 ml,416.0,atorvastatin 20mg,0
Cetcap 20,Dabur Pharma,losartan 200 mg,10 tablets,178.75,losartan 200mg,4
Amoxsr 40,Mankind Pharma,esomeprazole 100mg,10 capsules,268.4,esomeprazole 100mg,12
Bruplus 40,Intas Pharma,amlodipine(20mg),5 ml,142.93,amlodipine 20mg,10
Azeeds 10,Torrent Pharma,Metoprolol (200 mg),30 tablets,290.37,metoprolol 200mg,17
Doloxr 10,Glenmark,metoprolol(200 mg),10 capsules,391.84,metoprolol 200mg,7
Metplus 500,Dr Reddy,Sertraline (1000 mg),30 tablets,140.79,sertraline 1000mg,5
Clavcin 40,GSK India,azithromycin 5mg,1 bottle,508.68,azithromycin 5mg,6
Omeforte 20,Cipla,ciprofloxacin 5mg,1 bottle,47.78,ciprofloxacin 5mg,3
Azeesol 500,Pfizer India,Gabapentin (1000mg),10 capsules,159.59,gabapentin 1000mg,14
Clavplus 20,Mankind Pharma,Aspirin 400 mg,10 tablets,172.27,aspirin 400mg,12
Metsol 500,Intas Pharma,atorvastatin(20mg),10 tablets,354.72,atorvastatin 20mg,10
Augtab 10,Dr Reddy,gabapentin 500mg,15 tablets,57.36,gabapentin 500mg,5
Clavxr 250,Himalaya,doxycycline 40 mg,10 tablets,434.23,doxycycline 40mg,9
Bruod 1000,Torrent Pharma,Vitamin D3 (20 mg),5 ml,299.62,vitamin d3 20mg,17
Azeesol 1000,Torrent Pharma,alprazolam 100mg,5 ml,170.97,alprazolam 100mg,17
Dolods 10,GSK India,DICLOFENAC-10mg,10 tablets,301.51,diclofenac 10mg,6
Azeecap 500,Glenmark,Montelukast 10 mg,6 tablets,469.04,montelukast 10mg,7
Omeplus 20,Sanofi India,alprazolam 100mg,1 bottle,132.49,alprazolam 100mg,15
Cetforte 20,Mankind Pharma,DOMPERIDONE-1000mg,10 capsules,588.84,domperidone 1000mg,12
Amoxforte 500,GSK India,telmisartan 400mg,5 ml,189.29,telmisartan 400mg,6
Bruxr 250,Wockhardt,levothyroxine 20 mg,10 capsules,459.24,levothyroxine 20mg,18
Metsol 40,Torrent Pharma,Rosuvastatin 20 mg,10 tablets,432.27,rosuvastatin 20mg,17
Azeesol 500,Glenmark,Levothyroxine 10  mg,10 capsules,373.59,levothyroxine 10mg,7
Augod 10,Glenmark,ATORVASTATIN-400mg,6 tablets,571.61,atorvastatin 400mg,7
Clavxr 250,Torrent Pharma,RABEPRAZOLE-40mg,10 capsules,68.05,rabeprazole 40mg,17
Cettab 1000,Lupin,esomeprazole 20 mg,1 bottle,586.49,esomeprazole 20mg,11
Azeetab 10,Himalaya,metoprolol 200 mg,15 tablets,153.17,metoprolol 200mg,9
Pancap 250,Intas Pharma,losartan(400 mg),6 tablets,523.47,losartan 400mg,10
Augsol 10,Mankind Pharma,ESOMEPRAZOLE-20mg,30 tablets,222.42,esomeprazole 20mg,12
Omexr 10,Sun Pharma,losartan(200mg),15 tablets,242.61,losartan 200mg,16
Clavxr 250,Hetero Drugs,clonazepam(500mg),10 tablets,576.19,clonazepam 500mg,8
Ometab 20,Himalaya,gabapentin 40 mg,30 tablets,62.55,gabapentin 40mg,9
Clavsol 250,Himalaya,Pantoprazole (5 mg),1 bottle,462.13,pantoprazole 5mg,9
Clavforte 10,Dr Reddy,diclofenac 20mg,15 tablets,320.41,diclofenac 20mg,5
Panod 10,Himalaya,Fexofenadine 250 mg,30 tablets,19.17,fexofenadine 250mg,9
Augsol 20,Glenmark,losartan(400mg),10 capsules,555.81,losartan 400mg,7
Amoxcap 250,Zydus Cadila,METHYLCOBALAMIN-20mg,15 tablets,23.52,methylcobalamin 20mg,19
Dolosol 40,Dr Reddy,amlodipine 400 mg,30 tablets,131.61,amlodipine 400mg,5
Cetsr 250,Hetero Drugs,TELMISARTAN-400mg,10 tablets,501.82,telmisartan 400mg,8
Brusol 500,Pfizer India,Doxycycline (1000 mg),1 bottle,464.42,doxycycline 1000mg,14
Cetsol 250,Sanofi India,ranitidine(5 mg),10 tablets,564.89,ranitidine 5mg,15
Azeeforte 10,Alkem Labs,LEVOTHYROXINE-10mg,10 tablets,159.13,levothyroxine 10mg,1
Omeforte 1000,Aurobindo Pharma,Paracetamol 1000  mg,5 ml,567.87,paracetamol 1000mg,2
Panplus 40,Aurobindo Pharma,Montelukast (400mg),1 bottle,391.24,montelukast 400mg,2
Azeecap 500,Sun Pharma,aspirin(40mg),15 tablets,419.48,aspirin 40mg,16
Cetxr 500,Dabur Pharma,doxycycline 100mg,1 bottle,111.39,doxycycline 100mg,4
Augsol 1000,Mankind Pharma,Ranitidine (500 mg),10 tablets,246.96,ranitidine 500mg,12
Pansr 250,Sun Pharma,Zinc Sulphate (250 mg),30 tablets,443.09,zinc sulphate 250mg,16
Cettab 250,Sanofi India,gabapentin(1000 mg),15 tablets,214.41,gabapentin 1000mg,15
Azeeforte 20,Zydus Cadila,sertraline 40 mg,30 tablets,403.71,sertraline 40mg,19
Cetcap 500,Abbott India,METHYLCOBALAMIN-5mg,10 capsules,398.25,methylcobalamin 5mg,0
Cetplus 1000,Abbott India,GLIMEPIRIDE-10mg,30 tablets,428.59,glimepiride 10mg,0
Bruforte 40,Zydus Cadila,clonazepam 200 mg,30 tablets,93.97,clonazepam 200mg,19
Cetcin 500,Mankind Pharma,RABEPRAZOLE-500mg,10 tablets,103.84,rabeprazole 500mg,12
Augsol 10,Himalaya,SERTRALINE-500mg,1 bottle,375.82,sertraline 500mg,9
Amoxforte 10,Glenmark,telmisartan 5 mg,15 tablets,465.03,telmisartan 5mg,7
Doloxr 40,Dr Reddy,clopidogrel 5 mg,5 ml,23.05,clopidogrel 5mg,5
Amoxcap 1000,Novartis India,Tramadol (10mg),6 tablets,189.76,tramadol 10mg,13
Azeeds 250,Zydus Cadila,rosuvastatin(5 mg),10 capsules,481.75,rosuvastatin 5mg,19
Cetod 500,Mankind Pharma,clonazepam 40mg,10 tablets,507.2,clonazepam 40mg,12
Bruplus 10,Torrent Pharma,ZINC SULPHATE-10mg,10 tablets,541.37,zinc sulphate 10mg,17
Omeplus 40,Intas Pharma,TRAMADOL-250mg,10 tablets,337.01,tramadol 250mg,10
Cetsr 500,Wockhardt,Zinc Sulphate (1000mg),15 tablets,460.64,zinc sulphate 1000mg,18
Clavsol 500,Wockhardt,ASPIRIN-1000mg,1 bottle,501.92,aspirin 1000mg,18
Clavcap 500,Lupin,Telmisartan 20 mg,6 tablets,270.48,telmisartan 20mg,11
Omeod 10,Intas Pharma,paracetamol(10mg),10 capsules,145.45,paracetamol 10mg,10
Doloplus 250,Dr Reddy,GABAPENTIN-20mg,5 ml,233.85,gabapentin 20mg,5
Augplus 500,Mankind Pharma,tramadol(10 mg),6 tablets,317.52,tramadol 10mg,12
Bruxr 250,GSK India,CALCIUM CARBONATE-500mg,5 ml,385.73,calcium carbonate 500mg,6
Amoxforte 250,Glenmark,telmisartan(200mg),1 bottle,15.65,telmisartan 200mg,7
Amoxtab 40,Himalaya,VITAMIN D3-40mg,1 bottle,296.81,vitamin d3 40mg,9
Omeod 40,Cipla,Calcium carbonate 5  mg,10 capsules,572.81,calcium carbonate 5mg,3
Brucin 1000,Dabur Pharma,aspirin(500 mg),1 bottle,391.08,aspirin 500mg,4
Pansol 20,Wockhardt,Clonazepam 500 mg,6 tablets,115.0,clonazepam 500mg,18
Amoxforte 40,Pfizer India,Glimepiride (10 mg),5 ml,211.68,glimepiride 10mg,14
Amoxcap 500,Pfizer India,diclofenac 500mg,6 tablets,338.62,diclofenac 500mg,14
Omeforte 1000,GSK India,ONDANSETRON-500mg,5 ml,372.91,ondansetron 500mg,6
Omexr 1000,Lupin,ciprofloxacin 250 mg,6 tablets,376.11,ciprofloxacin 250mg,11
Augforte 500,Hetero Drugs,Domperidone 200 mg,30 tablets,575.91,domperidone 200mg,8
Azeeds 500,Novartis India,vitamin d3(100mg),30 tablets,243.6,vitamin d3 100mg,13
Dolods 1000,Zydus Cadila,omeprazole 1000 mg,6 tablets,242.88,omeprazole 1000mg,19
Augcin 500,Glenmark,Glimepiride (200 mg),15 tablets,332.41,glimepiride 200mg,7
Azeeod 500,Wockhardt,Zinc sulphate 40  mg,10 capsules,252.1,zinc sulphate 40mg,18
Amoxxr 1000,Hetero Drugs,methylcobalamin 1000 mg,5 ml,223.79,methylcobalamin 1000mg,8
Metds 20,Zydus Cadila,Gabapentin (500 mg),30 tablets,84.23,gabapentin 500mg,19
Clavsol 40,Glenmark,alprazolam(40 mg),10 tablets,214.22,alprazolam 40mg,7
Pansr 20,Himalaya,ciprofloxacin 20 mg,5 ml,267.22,ciprofloxacin 20mg,9
Panforte 10,Pfizer India,pantoprazole(250mg),10 capsules,521.61,pantoprazole 250mg,14
Panod 10,Torrent Pharma,atorvastatin(200mg),6 tablets,263.05,atorvastatin 200mg,17
Amoxforte 500,Intas Pharma,Ondansetron 5 mg,10 capsules,345.36,ondansetron 5mg,10
Panod 250,Glenmark,metoprolol(400 mg),5 ml,429.57,metoprolol 400mg,7
Cetsol 500,Wockhardt,atorvastatin(1000mg),6 tablets,588.03,atorvastatin 1000mg,18
Ometab 10,Lupin,Ranitidine 250 mg,30 tablets,347.81,ranitidine 250mg,11
Dolocap 250,Zydus Cadila,Levocetirizine 1000  mg,5 ml,192.23,levocetirizine 1000mg,19
Brusol 500,Mankind Pharma,Losartan (40 mg),30 tablets,215.91,losartan 40mg,12
Clavcin 20,Torrent Pharma,diclofenac(10mg),10 tablets,43.01,diclofenac 10mg,17
Amoxcin 20,Glenmark,Clonazepam (250mg),1 bottle,341.51,clonazepam 250mg,7
Dolotab 40,Novartis India,DOMPERIDONE-40mg,15 tablets,548.27,domperidone 40mg,13
Augcin 20,Zydus Cadila,diclofenac(40mg),5 ml,30.95,diclofenac 40mg,19
Cetod 20,Lupin,azithromycin 100mg,30 tablets,107.09,azithromycin 100mg,11
Brusr 250,Novartis India,Metoprolol 250  mg,5 ml,403.87,metoprolol 250mg,13
Brucin 1000,Alkem Labs,Metoprolol 400 mg,5 ml,42.71,metoprolol 400mg,1
Dolods 20,Dr Reddy,vitamin d3(10mg),6 tablets,348.45,vitamin d3 10mg,5
Augsol 1000,Glenmark,gabapentin 5mg,15 tablets,566.99,gabapentin 5mg,7
Dolods 10,GSK India,Omeprazole (40 mg),10 tablets,368.92,omeprazole 40mg,6
Omeplus 20,Cipla,glimepiride(500mg),15 tablets,450.73,glimepiride 500mg,3
Amoxxr 500,Sun Pharma,levothyroxine(500mg),10 tablets,216.25,levothyroxine 500mg,16
Dolocin 500,Mankind Pharma,fexofenadine(5 mg),10 capsules,66.4,fexofenadine 5mg,12
Clavod 250,GSK India,LEVOTHYROXINE-1000mg,15 tablets,34.78,levothyroxine 1000mg,6
Dolocap 10,Abbott India,Azithromycin (100mg),6 tablets,497.33,azithromycin 100mg,0
Clavplus 10,Dabur Pharma,AMOXICILLIN-20mg,15 tablets,410.79,amoxicillin 20mg,4
Panxr 10,Wockhardt,montelukast 5mg,6 tablets,231.26,montelukast 5mg,18
Brucin 40,Sun Pharma,fluoxetine(200mg),6 tablets,462.14,fluoxetine 200mg,16
Augtab 500,Mankind Pharma,Atorvastatin (10mg),5 ml,325.87,atorvastatin 10mg,12
Clavplus 250,Intas Pharma,ondansetron(100mg),30 tablets,458.51,ondansetron 100mg,10
Cetds 250,GSK India,domperidone(1000mg),15 tablets,285.62,domperidone 1000mg,6
Bruod 1000,Dr Reddy,Rabeprazole (40mg),15 tablets,267.36,rabeprazole 40mg,5
Dolocin 20,Alkem Labs,AMOXICILLIN-5mg,6 tablets,16.41,amoxicillin 5mg,1
Panxr 10,Pfizer India,losartan 40mg,15 tablets,98.63,losartan 40mg,14
Augtab 500,Pfizer India,ranitidine 5mg,10 tablets,364.18,ranitidine 5mg,14
Omexr 20,Lupin,Pregabalin (250 mg),6 tablets,324.29,pregabalin 250mg,11
Panod 20,Abbott India,Rabeprazole (200 mg),5 ml,51.76,rabeprazole 200mg,0
Augsol 40,Dabur Pharma,methylcobalamin 1000 mg,1 bottle,298.41,methylcobalamin 1000mg,4
Dolosol 500,Pfizer India,TRAMADOL-40mg,10 capsules,177.82,tramadol 40mg,14
Panxr 1000,Hetero Drugs,RABEPRAZOLE-200mg,6 tablets,93.24,rabeprazole 200mg,8
Dolosol 10,Zydus Cadila,Gabapentin 400 mg,5 ml,257.32,gabapentin 400mg,19
Doloxr 500,Hetero Drugs,Diclofenac 1000  mg,30 tablets,436.2,diclofenac 1000mg,8
Augds 10,Dabur Pharma,DOMPERIDONE-200mg,30 tablets,229.89,domperidone 200mg,4
Clavxr 250,Pfizer India,sertraline(10mg),30 tablets,126.05,sertraline 10mg,14
Pansol 10,Mankind Pharma,Rabeprazole 5  mg,1 bottle,343.9,rabeprazole 5mg,12
Metcap 10,Himalaya,Methylcobalamin 20 mg,5 ml,195.36,methylcobalamin 20mg,9
Metcap 500,Glenmark,Metformin (250 mg),30 tablets,190.08,metformin 250mg,7
Cetplus 1000,GSK India,Levothyroxine 200  mg,30 tablets,68.09,levothyroxine 200mg,6
Clavxr 500,Lupin,Metoprolol 40 mg,10 capsules,340.51,metoprolol 40mg,11
Omecin 500,Zydus Cadila,Telmisartan (400mg),1 bottle,529.1,telmisartan 400mg,19
Clavcap 10,Pfizer India,ibuprofen 200 mg,10 capsules,537.24,ibuprofen 200mg,14
Omecap 500,Dr Reddy,methylcobalamin 500 mg,30 tablets,377.43,methylcobalamin 500mg,5
Omeforte 20,Intas Pharma,azithromycin 5mg,6 tablets,590.27,azithromycin 5mg,10
Amoxsol 20,Hetero Drugs,VITAMIN D3-10mg,5 ml,173.91,vitamin d3 10mg,8
Metplus 1000,Cipla,FLUOXETINE-250mg,6 tablets,273.77,fluoxetine 250mg,3
Panplus 40,Aurobindo Pharma,Rabeprazole 5 mg,1 bottle,230.08,rabeprazole 5mg,2
Amoxds 500,Zydus Cadila,fexofenadine 10 mg,30 tablets,297.39,fexofenadine 10mg,19
Cettab 500,Lupin,omeprazole(250 mg),10 tablets,52.05,omeprazole 250mg,11
Panforte 20,Sun Pharma,Aspirin (1000mg),6 tablets,49.67,aspirin 1000mg,16
Pancap 500,Dabur Pharma,Tramadol (250 mg),10 tablets,551.46,tramadol 250mg,4
Pantab 10,Abbott India,Omeprazole 250 mg,15 tablets,197.68,omeprazole 250mg,0
Amoxod 250,Mankind Pharma,domperidone(40 mg),1 bottle,269.97,domperidone 40mg,12
Mettab 40,Novartis India,DOMPERIDONE-200mg,10 capsules,458.91,domperidone 200mg,13
Clavxr 20,Himalaya,Ciprofloxacin 40 mg,30 tablets,387.23,ciprofloxacin 40mg,9
Amoxplus 500,Sun Pharma,rosuvastatin(400mg),6 tablets,46.27,rosuvastatin 400mg,16
Omeforte 20,Pfizer India,Metformin (10 mg),10 tablets,464.66,metformin 10mg,14
Dolosr 1000,Torrent Pharma,calcium carbonate(1000mg),6 tablets,447.38,calcium carbonate 1000mg,17
Clavcap 250,Alkem Labs,fluoxetine(250 mg),15 tablets,416.99,fluoxetine 250mg,1
Dolocin 10,Zydus Cadila,Amlodipine 250  mg,1 bottle,476.49,amlodipine 250mg,19
Brusr 500,Lupin,VITAMIN D3-40mg,10 tablets,168.37,vitamin d3 40mg,11
Metsr 20,Torrent Pharma,pantoprazole(100mg),15 tablets,436.45,pantoprazole 100mg,17
Omeforte 40,Hetero Drugs,Pantoprazole (40 mg),10 tablets,290.21,pantoprazole 40mg,8
Amoxcap 1000,GSK India,Fluoxetine 5 mg,10 tablets,381.23,fluoxetine 5mg,6
Metforte 40,Alkem Labs,ESOMEPRAZOLE-10mg,30 tablets,550.12,esomeprazole 10mg,1
Metcap 1000,Glenmark,pregabalin(250 mg),6 tablets,470.7,pregabalin 250mg,7
Augcin 1000,GSK India,VITAMIN D3-400mg,10 capsules,310.49,vitamin d3 400mg,6
Augod 40,Sanofi India,Zinc Sulphate (250 mg),1 bottle,165.48,zinc sulphate 250mg,15
Metsol 40,Cipla,telmisartan 20mg,1 bottle,9.81,telmisartan 20mg,3
Dolood 20,Glenmark,pregabalin 20mg,1 bottle,126.43,pregabalin 20mg,7
Metds 20,Cipla,calcium carbonate 10mg,6 tablets,175.21,calcium carbonate 10mg,3
Amoxcin 250,Alkem Labs,paracetamol 100mg,15 tablets,393.77,paracetamol 100mg,1
Cetod 10,Aurobindo Pharma,Tramadol 20 mg,10 capsules,457.01,tramadol 20mg,2
Clavcin 40,Mankind Pharma,Fexofenadine 250  mg,30 tablets,175.48,fexofenadine 250mg,12
Omecap 500,GSK India,ALPRAZOLAM-500mg,10 tablets,68.53,alprazolam 500mg,6
Bruforte 250,Glenmark,omeprazole 500 mg,10 tablets,299.53,omeprazole 500mg,7
Metsr 500,Dr Reddy,ondansetron(20mg),5 ml,76.23,ondansetron 20mg,5
Metsr 250,Sun Pharma,aspirin(500mg),10 tablets,32.97,aspirin 500mg,16
Brucin 20,Glenmark,amlodipine 5 mg,1 bottle,461.2,amlodipine 5mg,7
Clavcin 500,Cipla,Levocetirizine (400 mg),15 tablets,143.87,levocetirizine 400mg,3
Azeexr 500,Novartis India,zinc sulphate 100mg,30 tablets,502.21,zinc sulphate 100mg,13
Amoxsr 250,Aurobindo Pharma,domperidone 250 mg,10 tablets,271.76,domperidone 250mg,2
Brutab 40,Lupin,ONDANSETRON-5mg,10 tablets,560.39,ondansetron 5mg,11
Augcin 40,Intas Pharma,montelukast(5mg),30 tablets,378.66,montelukast 5mg,10
Pansol 500,Sun Pharma,losartan(5mg),30 tablets,517.33,losartan 5mg,16
Cetsr 10,Aurobindo Pharma,Rabeprazole 250  mg,10 capsules,340.01,rabeprazole 250mg,2
Panod 250,Lupin,aspirin(1000mg),10 tablets,515.44,aspirin 1000mg,11
Omecin 1000,Himalaya,Montelukast 20  mg,15 tablets,135.46,montelukast 20mg,9
Panplus 250,Wockhardt,esomeprazole 1000mg,6 tablets,539.92,esomeprazole 1000mg,18
Pantab 250,GSK India,Doxycycline (10mg),15 tablets,437.09,doxycycline 10mg,6
Clavsr 250,Sun Pharma,pregabalin 200mg,6 tablets,441.01,pregabalin 200mg,16
Augxr 500,GSK India,Rabeprazole (250mg),1 bottle,583.96,rabeprazole 250mg,6
Amoxcin 40,GSK India,atorvastatin 200mg,15 tablets,169.0,atorvastatin 200mg,6
Bruds 40,Himalaya,Diclofenac (250mg),5 ml,297.21,diclofenac 250mg,9
Dolosr 10,Dr Reddy,metformin 100mg,10 capsules,330.4,metformin 100mg,5
Doloxr 500,Glenmark,PREGABALIN-400mg,6 tablets,351.49,pregabalin 400mg,7
Doloxr 250,Novartis India,Glimepiride 20 mg,1 bottle,364.47,glimepiride 20mg,13
Cetcin 1000,Novartis India,Rosuvastatin 20  mg,5 ml,307.76,rosuvastatin 20mg,13
Clavcap 500,Mankind Pharma,calcium carbonate(250 mg),5 ml,496.21,calcium carbonate 250mg,12
Omeod 250,Cipla,azithromycin(5 mg),10 capsules,158.79,azithromycin 5mg,3
Dolods 10,Lupin,Ciprofloxacin 250  mg,30 tablets,317.69,ciprofloxacin 250mg,11
Amoxsol 10,Zydus Cadila,Alprazolam 10 mg,10 tablets,187.29,alprazolam 10mg,19
Omesol 500,Sun Pharma,Domperidone (250mg),30 tablets,497.97,domperidone 250mg,16
Brucin 40,Hetero Drugs,Diclofenac 10 mg,6 tablets,361.76,diclofenac 10mg,8
Clavod 250,Himalaya,montelukast(10 mg),1 bottle,410.04,montelukast 10mg,9
Bruds 250,GSK India,rosuvastatin 250mg,5 ml,258.24,rosuvastatin 250mg,6
Omesr 1000,Cipla,Fluoxetine 250 mg,1 bottle,329.89,fluoxetine 250mg,3
Clavsr 250,Glenmark,Cetirizine 20  mg,15 tablets,199.14,cetirizine 20mg,7
Pancap 20,Wockhardt,diclofenac(5mg),10 tablets,518.73,diclofenac 5mg,18
Amoxod 10,Mankind Pharma,diclofenac(1000mg),1 bottle,482.37,diclofenac 1000mg,12
Cettab 500,Lupin,Calcium carbonate 250  mg,6 tablets,293.43,calcium carbonate 250mg,11
Metforte 40,Intas Pharma,Ranitidine (1000 mg),15 tablets,353.47,ranitidine 1000mg,10
Clavod 250,Zydus Cadila,AZITHROMYCIN-10mg,15 tablets,267.35,azithromycin 10mg,19
Brusr 250,Novartis India,ibuprofen 5 mg,10 tablets,173.11,ibuprofen 5mg,13
Bruds 500,Hetero Drugs,atorvastatin 1000mg,1 bottle,544.72,atorvastatin 1000mg,8
Metsr 40,Mankind Pharma,pantoprazole(1000mg),6 tablets,597.94,pantoprazole 1000mg,12
Azeecin 500,Wockhardt,atorvastatin(40mg),10 tablets,127.85,atorvastatin 40mg,18
Metsol 40,GSK India,AMLODIPINE-250mg,5 ml,289.06,amlodipine 250mg,6
Cetds 500,Dr Reddy,rabeprazole(400 mg),15 tablets,517.82,rabeprazole 400mg,5
Bruforte 500,Abbott India,ATORVASTATIN-200mg,6 tablets,498.16,atorvastatin 200mg,0
Doloxr 10,Sun Pharma,Amoxicillin 250  mg,15 tablets,367.01,amoxicillin 250mg,16
Cetsol 20,Sanofi India,amlodipine(40 mg),1 bottle,316.59,amlodipine 40mg,15
Omecap 40,Dr Reddy,Calcium carbonate 250 mg,10 capsules,31.65,calcium carbonate 250mg,5
Amoxsr 20,Dabur Pharma,clopidogrel(100mg),30 tablets,296.77,clopidogrel 100mg,4
Clavcap 10,Dabur Pharma,vitamin d3(400 mg),6 tablets,207.55,vitamin d3 400mg,4
Amoxplus 1000,Dr Reddy,gabapentin(5 mg),30 tablets,359.9,gabapentin 5mg,5
Amoxsol 1000,Alkem Labs,levothyroxine(400mg),30 tablets,314.46,levothyroxine 400mg,1
Amoxsol 40,Zydus Cadila,fexofenadine(5mg),5 ml,414.1,fexofenadine 5mg,19
Omeplus 40,Sanofi India,doxycycline(20 mg),15 tablets,154.24,doxycycline 20mg,15
Brusr 40,Hetero Drugs,Clopidogrel 40 mg,15 tablets,168.28,clopidogrel 40mg,8
Clavplus 20,Pfizer India,Domperidone 200 mg,10 capsules,343.93,domperidone 200mg,14
Bruxr 1000,Lupin,fexofenadine(40 mg),1 bottle,78.71,fexofenadine 40mg,11
Azeeds 1000,Torrent Pharma,Metformin (500mg),10 tablets,83.43,metformin 500mg,17
Pantab 1000,Himalaya,Fexofenadine (5mg),10 tablets,586.29,fexofenadine 5mg,9
Brusol 20,Mankind Pharma,VITAMIN D3-250mg,5 ml,372.85,vitamin d3 250mg,12
Metxr 500,Lupin,Zinc sulphate 200 mg,10 tablets,151.28,zinc sulphate 200mg,11
Amoxxr 20,Sun Pharma,Ciprofloxacin (200mg),15 tablets,517.65,ciprofloxacin 200mg,16
Augsr 500,Wockhardt,Ciprofloxacin (10mg),6 tablets,445.59,ciprofloxacin 10mg,18
Dolocap 40,Dabur Pharma,Alprazolam 1000  mg,15 tablets,53.8,alprazolam 1000mg,4
Doloxr 1000,Alkem Labs,PANTOPRAZOLE-1000mg,30 tablets,155.27,pantoprazole 1000mg,1
Omesr 40,Himalaya,Calcium Carbonate (40 mg),15 tablets,481.66,calcium carbonate 40mg,9
Augxr 250,Wockhardt,Rabeprazole 250 mg,6 tablets,266.92,rabeprazole 250mg,18
Amoxcap 10,Pfizer India,omeprazole 5 mg,15 tablets,172.88,omeprazole 5mg,14
Omeod 250,Dr Reddy,montelukast(40mg),15 tablets,346.98,montelukast 40mg,5
Cetsol 250,GSK India,ranitidine(100mg),1 bottle,486.18,ranitidine 100mg,6
Omesr 20,Mankind Pharma,atorvastatin 10mg,10 capsules,458.43,atorvastatin 10mg,12
Cetplus 20,Glenmark,Ranitidine (400mg),5 ml,489.48,ranitidine 400mg,7
Cetcap 500,Cipla,ONDANSETRON-20mg,1 bottle,518.12,ondansetron 20mg,3
Omesol 500,Pfizer India,TELMISARTAN-20mg,15 tablets,386.96,telmisartan 20mg,14
Azeesr 40,Intas Pharma,Rabeprazole (20mg),1 bottle,454.52,rabeprazole 20mg,10
Clavod 40,Hetero Drugs,clonazepam(20 mg),5 ml,503.88,clonazepam 20mg,8
Pansol 250,GSK India,levocetirizine(40mg),15 tablets,363.08,levocetirizine 40mg,6
Dolocin 1000,Aurobindo Pharma,Calcium carbonate 10  mg,30 tablets,296.44,calcium carbonate 10mg,2
Amoxxr 500,Zydus Cadila,metoprolol(20 mg),6 tablets,92.25,metoprolol 20mg,19
Augforte 500,Pfizer India,Losartan 40  mg,6 tablets,282.27,losartan 40mg,14
Dolosr 10,Hetero Drugs,metoprolol 10mg,10 tablets,533.13,metoprolol 10mg,8
Pansr 250,Novartis India,glimepiride(500 mg),1 bottle,216.67,glimepiride 500mg,13
Azeeplus 250,Zydus Cadila,Pantoprazole (250mg),6 tablets,22.61,pantoprazole 250mg,19
Clavsr 1000,Glenmark,Ibuprofen 20  mg,5 ml,376.09,ibuprofen 20mg,7
Augxr 20,Pfizer India,Clonazepam (200 mg),5 ml,29.4,clonazepam 200mg,14
Bruforte 40,Zydus Cadila,Methylcobalamin (5 mg),5 ml,430.85,methylcobalamin 5mg,19
Metxr 500,Wockhardt,PARACETAMOL-20mg,10 capsules,260.73,paracetamol 20mg,18
Panplus 40,Mankind Pharma,Doxycycline (250mg),5 ml,293.74,doxycycline 250mg,12
Augforte 20,Dr Reddy,Pantoprazole (40 mg),6 tablets,438.93,pantoprazole 40mg,5
Doloforte 20,Novartis India,losartan(200 mg),5 ml,100.11,losartan 200mg,13
Panxr 10,Abbott India,clonazepam(200mg),15 tablets,169.14,clonazepam 200mg,0
Amoxtab 500,Intas Pharma,ondansetron(500mg),5 ml,336.57,ondansetron 500mg,10
Azeeds 1000,Lupin,ASPIRIN-20mg,6 tablets,252.29,aspirin 20mg,11
Panforte 1000,Wockhardt,ONDANSETRON-10mg,1 bottle,77.99,ondansetron 10mg,18
Brusol 1000,Alkem Labs,fluoxetine(1000 mg),1 bottle,152.0,fluoxetine 1000mg,1
Ometab 250,Aurobindo Pharma,calcium carbonate(250 mg),5 ml,56.73,calcium carbonate 250mg,2
Pansr 500,Zydus Cadila,Fexofenadine (40 mg),10 tablets,27.35,fexofenadine 40mg,19
Amoxforte 250,Cipla,Rosuvastatin (200 mg),15 tablets,31.05,rosuvastatin 200mg,3
Augtab 1000,Mankind Pharma,ZINC SULPHATE-250mg,1 bottle,359.28,zinc sulphate 250mg,12
Clavplus 500,Dr Reddy,ZINC SULPHATE-100mg,1 bottle,388.93,zinc sulphate 100mg,5
Dolocap 40,Cipla,calcium carbonate 400mg,1 bottle,287.81,calcium carbonate 400mg,3
Metplus 40,Wockhardt,Montelukast 100 mg,5 ml,201.35,montelukast 100mg,18
Omecap 250,Cipla,Metoprolol (500mg),10 capsules,598.95,metoprolol 500mg,3
Augxr 10,Himalaya,glimepiride 250 mg,15 tablets,80.59,glimepiride 250mg,9
Panforte 500,Alkem Labs,pregabalin 200 mg,1 bottle,239.35,pregabalin 200mg,1
Bruforte 10,GSK India,LOSARTAN-1000mg,1 bottle,86.68,losartan 1000mg,6
Cetplus 10,Mankind Pharma,fexofenadine(250 mg),10 tablets,63.18,fexofenadine 250mg,12
Augplus 500,Sanofi India,AMOXICILLIN-20mg,10 capsules,434.7,amoxicillin 20mg,15
Pantab 10,Hetero Drugs,esomeprazole(250 mg),30 tablets,464.77,esomeprazole 250mg,8
Bruds 20,Torrent Pharma,metoprolol(250 mg),10 capsules,370.58,metoprolol 250mg,17
Clavod 500,Wockhardt,Vitamin d3 1000 mg,1 bottle,554.47,vitamin d3 1000mg,18
Clavplus 10,Abbott India,Losartan (100mg),6 tablets,165.1,losartan 100mg,0
Pantab 1000,Sun Pharma,Diclofenac 400 mg,1 bottle,324.87,diclofenac 400mg,16
Pansr 20,Dabur Pharma,ibuprofen 5 mg,6 tablets,134.34,ibuprofen 5mg,4
Pantab 500,Abbott India,fexofenadine 1000mg,1 bottle,559.2,fexofenadine 1000mg,0
Metcap 1000,Mankind Pharma,Glimepiride 200 mg,1 bottle,65.78,glimepiride 200mg,12
Omecin 500,Dr Reddy,Gabapentin (400 mg),15 tablets,47.06,gabapentin 400mg,5
Omeds 20,Pfizer India,Telmisartan (40mg),30 tablets,283.46,telmisartan 40mg,14
Dolocap 20,Mankind Pharma,Zinc Sulphate (1000mg),15 tablets,490.61,zinc sulphate 1000mg,12
Brutab 20,Aurobindo Pharma,rosuvastatin 250mg,5 ml,467.31,rosuvastatin 250mg,2
Metsr 20,Dr Reddy,zinc sulphate(40 mg),6 tablets,464.34,zinc sulphate 40mg,5
Panod 1000,Pfizer India,Domperidone (500mg),15 tablets,18.14,domperidone 500mg,14
Augtab 500,Glenmark,Clopidogrel (10 mg),5 ml,507.07,clopidogrel 10mg,7
Azeeds 40,GSK India,AZITHROMYCIN-200mg,1 bottle,458.86,azithromycin 200mg,6
Amoxforte 10,Aurobindo Pharma,montelukast 20mg,15 tablets,588.94,montelukast 20mg,2
Panplus 1000,Wockhardt,fluoxetine 100mg,10 tablets,117.39,fluoxetine 100mg,18
Amoxforte 1000,Lupin,clonazepam 10mg,10 tablets,533.94,clonazepam 10mg,11
Azeeds 250,Torrent Pharma,Omeprazole (400mg),30 tablets,488.45,omeprazole 400mg,17
Brucin 1000,Intas Pharma,gabapentin(100mg),10 tablets,551.95,gabapentin 100mg,10
Cetod 20,Lupin,esomeprazole(1000 mg),30 tablets,537.85,esomeprazole 1000mg,11
Metcap 500,Sun Pharma,Ranitidine (200 mg),1 bottle,444.81,ranitidine 200mg,16
Dolocap 10,Sanofi India,DOXYCYCLINE-1000mg,30 tablets,584.44,doxycycline 1000mg,15
Amoxcap 20,Alkem Labs,azithromycin(1000 mg),6 tablets,117.14,azithromycin 1000mg,1
Pantab 40,Abbott India,Aspirin (20mg),15 tablets,241.67,aspirin 20mg,0
Omecin 10,Alkem Labs,Azithromycin (200 mg),6 tablets,71.32,azithromycin 200mg,1
Azeeplus 10,Wockhardt,azithromycin 500 mg,1 bottle,400.57,azithromycin 500mg,18
Augds 1000,Cipla,Tramadol (40mg),6 tablets,128.67,tramadol 40mg,3
Pansr 20,Wockhardt,GLIMEPIRIDE-200mg,5 ml,46.65,glimepiride 200mg,18
Augxr 1000,Torrent Pharma,CIPROFLOXACIN-20mg,5 ml,102.99,ciprofloxacin 20mg,17
Azeeds 40,Aurobindo Pharma,Ibuprofen 400 mg,15 tablets,560.91,ibuprofen 400mg,2
Azeeplus 40,Torrent Pharma,Clonazepam (200mg),5 ml,247.0,clonazepam 200mg,17
Metds 20,Torrent Pharma,cetirizine 400mg,5 ml,348.05,cetirizine 400mg,17
Bruplus 40,Intas Pharma,Domperidone (40mg),6 tablets,484.32,domperidone 40mg,10
Brusr 20,Hetero Drugs,calcium carbonate(200 mg),10 tablets,124.19,calcium carbonate 200mg,8
Dolosr 500,Abbott India,Clopidogrel 500  mg,10 capsules,263.05,clopidogrel 500mg,0
Pansol 10,Abbott India,CETIRIZINE-200mg,1 bottle,252.12,cetirizine 200mg,0
Metsol 1000,Abbott India,PREGABALIN-20mg,6 tablets,65.34,pregabalin 20mg,0
Mettab 1000,Himalaya,levocetirizine 10mg,1 bottle,554.75,levocetirizine 10mg,9
Pancap 500,Mankind Pharma,TELMISARTAN-5mg,15 tablets,497.75,telmisartan 5mg,12
Pantab 40,Dabur Pharma,METFORMIN-20mg,15 tablets,548.05,metformin 20mg,4
Cetsr 10,Dr Reddy,MONTELUKAST-10mg,5 ml,12.51,montelukast 10mg,5
Omecap 10,Mankind Pharma,Levocetirizine (10mg),15 tablets,72.2,levocetirizine 10mg,12
Clavforte 10,Sanofi India,telmisartan(5 mg),10 capsules,101.18,telmisartan 5mg,15
Clavsr 1000,Wockhardt,Methylcobalamin 5 mg,15 tablets,194.91,methylcobalamin 5mg,18
Azeesr 250,Intas Pharma,Ibuprofen 5 mg,1 bottle,525.84,ibuprofen 5mg,10
Augxr 40,Lupin,metformin(400mg),10 capsules,351.75,metformin 400mg,11
Cetsol 250,Abbott India,clonazepam(40mg),5 ml,308.98,clonazepam 40mg,0
Azeeds 250,Dr Reddy,aspirin(400 mg),30 tablets,161.72,aspirin 400mg,5
Metcap 500,GSK India,Ranitidine 500 mg,5 ml,421.68,ranitidine 500mg,6
Dolosr 500,Novartis India,Diclofenac 1000 mg,10 tablets,411.35,diclofenac 1000mg,13
Pantab 1000,Sun Pharma,Amoxicillin (250mg),5 ml,105.63,amoxicillin 250mg,16
Brutab 20,Hetero Drugs,CALCIUM CARBONATE-250mg,30 tablets,390.2,calcium carbonate 250mg,8
Clavds 10,Dabur Pharma,OMEPRAZOLE-400mg,6 tablets,178.01,omeprazole 400mg,4
Panforte 10,Sanofi India,metoprolol 40mg,10 capsules,285.57,metoprolol 40mg,15
Bruforte 40,Torrent Pharma,Amoxicillin (500mg),15 tablets,210.16,amoxicillin 500mg,17
Omesol 10,Aurobindo Pharma,Clonazepam 20 mg,10 capsules,96.37,clonazepam 20mg,2
Bruod 20,Alkem Labs,Sertraline 500 mg,15 tablets,338.49,sertraline 500mg,1
Panplus 250,Zydus Cadila,IBUPROFEN-5mg,10 tablets,557.46,ibuprofen 5mg,19
Panplus 40,Sanofi India,clonazepam(10mg),6 tablets,442.1,clonazepam 10mg,15
Metxr 40,Abbott India,Pregabalin 40  mg,10 capsules,460.2,pregabalin 40mg,0
Bruod 40,Dr Reddy,TELMISARTAN-400mg,15 tablets,182.73,telmisartan 400mg,5
Metxr 40,Mankind Pharma,montelukast 10 mg,10 tablets,85.26,montelukast 10mg,12
Amoxtab 10,Intas Pharma,Fexofenadine (5mg),5 ml,525.08,fexofenadine 5mg,10
Amoxcin 500,Hetero Drugs,rabeprazole 40mg,5 ml,246.74,rabeprazole 40mg,8
Pantab 10,Intas Pharma,CLOPIDOGREL-400mg,15 tablets,231.34,clopidogrel 400mg,10
Pansol 40,Sanofi India,glimepiride(5 mg),10 capsules,72.51,glimepiride 5mg,15
Cetsr 20,Glenmark,clonazepam 40mg,6 tablets,500.4,clonazepam 40mg,7
Metsol 500,Intas Pharma,Amoxicillin (100mg),15 tablets,582.08,amoxicillin 100mg,10
Omexr 40,Glenmark,clonazepam(200mg),6 tablets,139.35,clonazepam 200mg,7
Omeds 250,Pfizer India,cetirizine(20 mg),6 tablets,367.02,cetirizine 20mg,14
Dolosol 250,Zydus Cadila,DOMPERIDONE-40mg,1 bottle,530.37,domperidone 40mg,19
Omesr 20,Glenmark,Omeprazole 5  mg,1 bottle,516.16,omeprazole 5mg,7
Pancin 20,Mankind Pharma,Clonazepam (250mg),15 tablets,71.19,clonazepam 250mg,12
Bruforte 10,Abbott India,Amlodipine (5 mg),6 tablets,385.01,amlodipine 5mg,0
Metxr 1000,Sun Pharma,Calcium carbonate 10 mg,10 capsules,368.97,calcium carbonate 10mg,16
Omeds 40,Dr Reddy,atorvastatin(100mg),5 ml,464.95,atorvastatin 100mg,5
Dolocin 20,Sanofi India,Ciprofloxacin 400 mg,1 bottle,90.46,ciprofloxacin 400mg,15
Cettab 500,Dabur Pharma,pantoprazole(5mg),10 capsules,275.16,pantoprazole 5mg,4
Bruxr 10,Abbott India,esomeprazole 250mg,1 bottle,580.04,esomeprazole 250mg,0
Omecin 10,Aurobindo Pharma,Doxycycline 500  mg,10 capsules,99.16,doxycycline 500mg,2
Doloforte 250,Alkem Labs,DOXYCYCLINE-10mg,30 tablets,491.9,doxycycline 10mg,1
Azeecap 20,GSK India,Methylcobalamin 10 mg,1 bottle,132.83,methylcobalamin 10mg,6
Pands 10,Intas Pharma,AMOXICILLIN-10mg,10 capsules,469.9,amoxicillin 10mg,10
Metsol 40,Wockhardt,PREGABALIN-5mg,10 tablets,229.59,pregabalin 5mg,18
Pands 1000,Dabur Pharma,Esomeprazole (20 mg),5 ml,595.97,esomeprazole 20mg,4
Augplus 20,Mankind Pharma,glimepiride(100mg),10 tablets,485.94,glimepiride 100mg,12
Bruplus 20,Himalaya,methylcobalamin(10 mg),5 ml,387.92,methylcobalamin 10mg,9
Azeeforte 20,Intas Pharma,tramadol(1000mg),15 tablets,235.39,tramadol 1000mg,10
Azeeplus 20,Intas Pharma,Clopidogrel (200 mg),10 tablets,374.32,clopidogrel 200mg,10
Metplus 500,Mankind Pharma,Ranitidine (5mg),5 ml,467.55,ranitidine 5mg,12
Augcap 10,Sun Pharma,metformin(10 mg),10 capsules,387.02,metformin 10mg,16
Azeesol 20,Alkem Labs,IBUPROFEN-20mg,30 tablets,367.18,ibuprofen 20mg,1
Azeecin 1000,Zydus Cadila,esomeprazole(400mg),6 tablets,498.18,esomeprazole 400mg,19
Dolocin 20,Dabur Pharma,azithromycin(20mg),1 bottle,484.31,azithromycin 20mg,4
Amoxtab 20,Wockhardt,ROSUVASTATIN-400mg,6 tablets,234.4,rosuvastatin 400mg,18
Brutab 40,Novartis India,Atorvastatin (5mg),1 bottle,499.72,atorvastatin 5mg,13
Omeplus 500,Glenmark,clonazepam(250 mg),5 ml,468.11,clonazepam 250mg,7
Omecin 250,Aurobindo Pharma,alprazolam(10 mg),1 bottle,501.56,alprazolam 10mg,2
Dolocin 10,Dabur Pharma,telmisartan 1000mg,10 tablets,249.41,telmisartan 1000mg,4
Cetcin 40,Wockhardt,Domperidone 200  mg,6 tablets,226.07,domperidone 200mg,18
Brucap 250,Dabur Pharma,Fluoxetine 20  mg,30 tablets,430.87,fluoxetine 20mg,4
Dolocin 20,Dabur Pharma,ONDANSETRON-10mg,15 tablets,480.81,ondansetron 10mg,4
Clavtab 1000,Mankind Pharma,Sertraline (1000 mg),10 capsules,21.46,sertraline 1000mg,12
Augsol 250,Alkem Labs,LOSARTAN-1000mg,15 tablets,562.85,losartan 1000mg,1
Augds 250,Aurobindo Pharma,pantoprazole 5mg,10 tablets,282.84,pantoprazole 5mg,2
Panxr 250,Dabur Pharma,Pantoprazole (10mg),15 tablets,137.57,pantoprazole 10mg,4
Clavforte 10,GSK India,Levothyroxine 20 mg,10 capsules,79.79,levothyroxine 20mg,6
Pancap 20,Torrent Pharma,gabapentin 100mg,10 capsules,199.23,gabapentin 100mg,17
Amoxcin 500,Wockhardt,Alprazolam (500mg),30 tablets,275.43,alprazolam 500mg,18
Augsr 40,Lupin,ondansetron(40 mg),15 tablets,311.93,ondansetron 40mg,11
Cettab 40,Himalaya,Pantoprazole 1000 mg,10 capsules,122.48,pantoprazole 1000mg,9
Augod 10,Glenmark,pantoprazole(200 mg),6 tablets,146.45,pantoprazole 200mg,7
Azeeforte 10,Sanofi India,Gabapentin (400mg),15 tablets,25.26,gabapentin 400mg,15
Bruxr 40,Novartis India,ibuprofen(40 mg),6 tablets,556.85,ibuprofen 40mg,13
Metforte 1000,Mankind Pharma,Gabapentin (20mg),15 tablets,406.94,gabapentin 20mg,12
Omeplus 10,Novartis India,esomeprazole 250mg,1 bottle,345.1,esomeprazole 250mg,13
Clavxr 10,Zydus Cadila,ranitidine(1000mg),30 tablets,454.94,ranitidine 1000mg,19
Clavds 1000,Wockhardt,GABAPENTIN-200mg,10 capsules,471.74,gabapentin 200mg,18
Metds 10,Cipla,amlodipine 500mg,10 capsules,585.21,amlodipine 500mg,3
Dolood 20,Intas Pharma,ALPRAZOLAM-100mg,10 capsules,335.7,alprazolam 100mg,10
Pansr 250,Sanofi India,rosuvastatin(20 mg),1 bottle,219.31,rosuvastatin 20mg,15
Azeecap 250,GSK India,Ondansetron 20  mg,15 tablets,560.87,ondansetron 20mg,6
Azeesr 10,GSK India,Atorvastatin 1000 mg,10 capsules,328.85,atorvastatin 1000mg,6
Cetforte 20,Zydus Cadila,Fexofenadine 5  mg,5 ml,349.47,fexofenadine 5mg,19
Augod 250,Dabur Pharma,Esomeprazole 1000  mg,30 tablets,26.14,esomeprazole 1000mg,4
Amoxcap 20,Hetero Drugs,gabapentin 40mg,30 tablets,240.76,gabapentin 40mg,8
Cetds 40,Abbott India,ROSUVASTATIN-100mg,6 tablets,349.02,rosuvastatin 100mg,0
Doloxr 500,Himalaya,ciprofloxacin(5mg),10 tablets,162.35,ciprofloxacin 5mg,9
Doloxr 500,GSK India,ranitidine 400 mg,15 tablets,581.43,ranitidine 400mg,6
Dolotab 500,Sanofi India,ciprofloxacin 400mg,10 capsules,517.39,ciprofloxacin 400mg,15
Augds 1000,Sun Pharma,ondansetron 500 mg,6 tablets,574.11,ondansetron 500mg,16
Amoxsol 250,Intas Pharma,Ibuprofen 250  mg,5 ml,122.94,ibuprofen 250mg,10
Clavsr 500,Lupin,Alprazolam (200 mg),1 bottle,35.76,alprazolam 200mg,11
Dolosol 10,Cipla,vitamin d3 400mg,10 tablets,190.09,vitamin d3 400mg,3
Cetforte 20,Lupin,LEVOTHYROXINE-250mg,15 tablets,532.57,levothyroxine 250mg,11
Dolocin 250,Wockhardt,CLONAZEPAM-10mg,1 bottle,576.2,clonazepam 10mg,18
Dolocap 10,Cipla,Cetirizine (100mg),5 ml,234.7,cetirizine 100mg,3
Clavcap 10,Novartis India,Vitamin d3 5  mg,10 tablets,11.98,vitamin d3 5mg,13
Cetcap 1000,Hetero Drugs,alprazolam(5 mg),1 bottle,337.98,alprazolam 5mg,8
Brusr 20,Himalaya,levocetirizine 500mg,10 capsules,269.78,levocetirizine 500mg,9
Amoxds 40,Glenmark,fluoxetine(250 mg),6 tablets,209.01,fluoxetine 250mg,7
Amoxod 250,Sanofi India,LEVOTHYROXINE-100mg,15 tablets,580.84,levothyroxine 100mg,15
Pancap 1000,Sun Pharma,CLOPIDOGREL-250mg,10 tablets,228.52,clopidogrel 250mg,16
Bruds 40,Sanofi India,Clopidogrel (40 mg),15 tablets,115.83,clopidogrel 40mg,15
Clavod 40,Aurobindo Pharma,clonazepam(5 mg),1 bottle,298.45,clonazepam 5mg,2
Amoxxr 500,Pfizer India,Ciprofloxacin 10  mg,6 tablets,450.16,ciprofloxacin 10mg,14
Azeesol 500,Alkem Labs,pantoprazole 500 mg,10 tablets,426.88,pantoprazole 500mg,1
Clavcap 40,Zydus Cadila,Amlodipine (5mg),15 tablets,12.19,amlodipine 5mg,19
Bruplus 10,Sanofi India,Rabeprazole (250mg),15 tablets,102.81,rabeprazole 250mg,15
Azeetab 40,GSK India,IBUPROFEN-400mg,1 bottle,277.97,ibuprofen 400mg,6
Dolods 40,Torrent Pharma,sertraline 20 mg,6 tablets,165.25,sertraline 20mg,17
Omeds 40,Zydus Cadila,methylcobalamin 500mg,10 capsules,447.21,methylcobalamin 500mg,19
Cetsr 250,Cipla,Aspirin 10 mg,10 capsules,390.09,aspirin 10mg,3
Clavcap 250,Alkem Labs,Doxycycline 5 mg,10 capsules,200.89,doxycycline 5mg,1
Bruforte 40,Mankind Pharma,Methylcobalamin 5 mg,10 tablets,513.49,methylcobalamin 5mg,12
Doloforte 40,Abbott India,PREGABALIN-400mg,15 tablets,578.78,pregabalin 400mg,0
Amoxxr 250,Novartis India,gabapentin 5mg,30 tablets,297.55,gabapentin 5mg,13
Metcin 20,Aurobindo Pharma,FLUOXETINE-400mg,30 tablets,204.91,fluoxetine 400mg,2
Clavsr 250,Pfizer India,FLUOXETINE-10mg,10 capsules,118.58,fluoxetine 10mg,14
Azeesr 40,Dabur Pharma,METFORMIN-250mg,1 bottle,74.61,metformin 250mg,4
Metcap 500,Novartis India,levothyroxine(20mg),10 capsules,24.62,levothyroxine 20mg,13
Metcap 250,Cipla,Amlodipine 500  mg,10 capsules,530.96,amlodipine 500mg,3
Clavsr 1000,Sanofi India,calcium carbonate(20 mg),10 capsules,412.69,calcium carbonate 20mg,15
Azeexr 250,Mankind Pharma,esomeprazole 5 mg,15 tablets,480.83,esomeprazole 5mg,12
Metxr 40,Torrent Pharma,Amoxicillin (5mg),30 tablets,56.55,amoxicillin 5mg,17
Cetsol 40,Dr Reddy,Levothyroxine 10 mg,30 tablets,345.75,levothyroxine 10mg,5
Dolocin 250,Himalaya,METOPROLOL-200mg,6 tablets,187.25,metoprolol 200mg,9
Metcin 20,Dabur Pharma,Alprazolam (5mg),5 ml,254.03,alprazolam 5mg,4
Cetxr 250,Dabur Pharma,Vitamin D3 (40 mg),10 tablets,382.91,vitamin d3 40mg,4
Cetcin 250,Wockhardt,Pantoprazole 10 mg,1 bottle,366.66,pantoprazole 10mg,18
Metds 250,Aurobindo Pharma,Methylcobalamin 5 mg,30 tablets,398.92,methylcobalamin 5mg,2
Panod 40,Zydus Cadila,pregabalin(1000 mg),30 tablets,201.37,pregabalin 1000mg,19
Doloforte 40,Himalaya,Rabeprazole (20mg),15 tablets,233.25,rabeprazole 20mg,9
Cetod 10,Dabur Pharma,paracetamol(5mg),30 tablets,495.51,paracetamol 5mg,4
Bruforte 20,Torrent Pharma,TRAMADOL-10mg,15 tablets,201.37,tramadol 10mg,17
Cetcin 500,Torrent Pharma,Amlodipine (5mg),10 tablets,594.14,amlodipine 5mg,17
Augplus 250,Abbott India,Esomeprazole 40 mg,10 capsules,106.48,esomeprazole 40mg,0
Brusol 500,Himalaya,Omeprazole 10  mg,10 tablets,82.88,omeprazole 10mg,9
Brusr 20,Dabur Pharma,Metformin (10mg),30 tablets,549.21,metformin 10mg,4
Doloforte 1000,Pfizer India,montelukast 1000mg,10 capsules,259.7,montelukast 1000mg,14
Panxr 20,Cipla,Azithromycin (5 mg),15 tablets,144.07,azithromycin 5mg,3
Pands 250,Wockhardt,OMEPRAZOLE-40mg,10 capsules,313.98,omeprazole 40mg,18
Omeforte 40,Himalaya,DICLOFENAC-10mg,10 tablets,44.0,diclofenac 10mg,9
Azeeforte 10,Hetero Drugs,METHYLCOBALAMIN-10mg,10 capsules,260.14,methylcobalamin 10mg,8
Dolosol 40,Novartis India,Ibuprofen (5mg),10 tablets,483.76,ibuprofen 5mg,13
Brucap 250,Wockhardt,pantoprazole 20 mg,1 bottle,217.11,pantoprazole 20mg,18
Amoxxr 10,Cipla,Amlodipine (40 mg),10 tablets,259.93,amlodipine 40mg,3
Augod 10,Lupin,Vitamin D3 (250mg),10 tablets,402.59,vitamin d3 250mg,11
Azeetab 40,Abbott India,ibuprofen(200mg),10 capsules,341.25,ibuprofen 200mg,0
Omeforte 500,Glenmark,Telmisartan (200 mg),15 tablets,33.04,telmisartan 200mg,7
Clavds 10,GSK India,vitamin d3(100mg),1 bottle,386.22,vitamin d3 100mg,6
Clavds 40,Wockhardt,Vitamin D3 (20 mg),1 bottle,181.23,vitamin d3 20mg,18
Pansr 10,GSK India,CETIRIZINE-20mg,30 tablets,346.04,cetirizine 20mg,6
Azeeod 20,Alkem Labs,LEVOTHYROXINE-10mg,6 tablets,179.15,levothyroxine 10mg,1
Amoxcap 10,Dr Reddy,Zinc Sulphate (20 mg),6 tablets,510.09,zinc sulphate 20mg,5
Azeetab 500,Lupin,pantoprazole 250mg,5 ml,226.67,pantoprazole 250mg,11
Ometab 10,Pfizer India,alprazolam(5 mg),15 tablets,577.81,alprazolam 5mg,14
Omeds 10,Sun Pharma,vitamin d3(100mg),5 ml,537.34,vitamin d3 100mg,16
Metod 10,Sanofi India,azithromycin 20 mg,10 capsules,583.73,azithromycin 20mg,15
Azeecin 10,Sun Pharma,Gabapentin (40mg),30 tablets,288.79,gabapentin 40mg,16
Amoxod 10,Himalaya,Ranitidine 5 mg,10 tablets,62.17,ranitidine 5mg,9
Cetod 40,Himalaya,Pantoprazole 5  mg,30 tablets,258.7,pantoprazole 5mg,9
Panod 1000,Cipla,Ondansetron 200  mg,30 tablets,143.77,ondansetron 200mg,3
Brucin 10,Lupin,Omeprazole 200  mg,30 tablets,540.56,omeprazole 200mg,11
Bruforte 250,Abbott India,glimepiride(400 mg),30 tablets,469.19,glimepiride 400mg,0
Bruplus 20,Cipla,ondansetron 40mg,10 capsules,230.78,ondansetron 40mg,3
Cetforte 20,Aurobindo Pharma,Pregabalin (250 mg),15 tablets,457.95,pregabalin 250mg,2
Clavsol 1000,Sun Pharma,GABAPENTIN-400mg,10 capsules,324.5,gabapentin 400mg,16
Brusr 500,Zydus Cadila,Zinc sulphate 500 mg,30 tablets,594.43,zinc sulphate 500mg,19
Ometab 1000,Sun Pharma,Methylcobalamin 1000 mg,10 capsules,51.72,methylcobalamin 1000mg,16
Metxr 250,Mankind Pharma,aspirin(500 mg),5 ml,145.73,aspirin 500mg,12
Amoxforte 20,Abbott India,PARACETAMOL-250mg,10 tablets,310.54,paracetamol 250mg,0
Amoxsr 500,Torrent Pharma,ibuprofen 40mg,5 ml,163.21,ibuprofen 40mg,17
Clavxr 10,Torrent Pharma,amoxicillin 5mg,10 tablets,508.32,amoxicillin 5mg,17
Azeeod 20,Torrent Pharma,ATORVASTATIN-5mg,10 capsules,381.25,atorvastatin 5mg,17
Omeplus 250,Novartis India,Paracetamol 1000  mg,15 tablets,270.17,paracetamol 1000mg,13
Bruxr 1000,Dabur Pharma,cetirizine 400mg,15 tablets,331.18,cetirizine 400mg,4
Augplus 20,Dabur Pharma,Aspirin 200  mg,10 capsules,233.65,aspirin 200mg,4
Dolocin 250,Himalaya,omeprazole 250 mg,30 tablets,81.48,omeprazole 250mg,9
Brucin 1000,Hetero Drugs,Ranitidine 500 mg,15 tablets,75.13,ranitidine 500mg,8
Azeexr 500,Novartis India,metformin(400mg),5 ml,257.38,metformin 400mg,13
Doloforte 20,Himalaya,amlodipine(10mg),30 tablets,41.04,amlodipine 10mg,9
Azeeod 1000,Zydus Cadila,calcium carbonate 200 mg,30 tablets,113.93,calcium carbonate 200mg,19
Brusr 10,Dabur Pharma,rabeprazole(200mg),1 bottle,37.6,rabeprazole 200mg,4
Dolosr 10,Wockhardt,paracetamol 100mg,5 ml,209.23,paracetamol 100mg,18
Azeeod 250,Alkem Labs,MONTELUKAST-250mg,5 ml,259.69,montelukast 250mg,1
Metcin 250,Dabur Pharma,ondansetron(250 mg),30 tablets,419.32,ondansetron 250mg,4
Cetsr 10,Zydus Cadila,RANITIDINE-10mg,30 tablets,578.89,ranitidine 10mg,19
Omexr 250,Glenmark,MONTELUKAST-1000mg,10 capsules,69.36,montelukast 1000mg,7
Azeexr 10,GSK India,Gabapentin (250mg),10 capsules,428.89,gabapentin 250mg,6
Augcin 1000,Dabur Pharma,omeprazole(40mg),30 tablets,272.1,omeprazole 40mg,4
Omecap 250,Dr Reddy,Losartan 40 mg,15 tablets,128.7,losartan 40mg,5
Clavxr 20,Wockhardt,SERTRALINE-250mg,30 tablets,36.47,sertraline 250mg,18
Amoxcap 250,Sanofi India,pantoprazole 500 mg,15 tablets,405.68,pantoprazole 500mg,15
Panxr 1000,Torrent Pharma,levothyroxine 200mg,10 tablets,188.86,levothyroxine 200mg,17
Cetsol 500,Dr Reddy,CLOPIDOGREL-20mg,10 tablets,561.32,clopidogrel 20mg,5
Augxr 500,Dr Reddy,gabapentin(40 mg),1 bottle,151.79,gabapentin 40mg,5
Azeeds 10,Sun Pharma,PANTOPRAZOLE-40mg,15 tablets,413.57,pantoprazole 40mg,16
Omeod 10,Cipla,rosuvastatin(250mg),5 ml,577.69,rosuvastatin 250mg,3
Metforte 40,Dabur Pharma,Domperidone 500 mg,5 ml,330.83,domperidone 500mg,4
Pantab 20,Intas Pharma,CIPROFLOXACIN-250mg,10 tablets,48.92,ciprofloxacin 250mg,10
Bruforte 500,Dr Reddy,alprazolam(100mg),5 ml,173.08,alprazolam 100mg,5
Azeesol 20,Wockhardt,esomeprazole 200mg,10 tablets,528.37,esomeprazole 200mg,18
Panforte 500,Novartis India,Zinc sulphate 5 mg,10 tablets,389.04,zinc sulphate 5mg,13
Bruod 20,Novartis India,alprazolam 5 mg,6 tablets,350.93,alprazolam 5mg,13
Clavcap 10,Glenmark,metoprolol 500mg,1 bottle,69.96,metoprolol 500mg,7
Omeod 20,Cipla,LOSARTAN-1000mg,5 ml,450.64,losartan 1000mg,3
Metod 10,Novartis India,TELMISARTAN-20mg,6 tablets,104.34,telmisartan 20mg,13
Panxr 500,Novartis India,Cetirizine (20mg),1 bottle,566.67,cetirizine 20mg,13
Azeexr 10,Sun Pharma,Ciprofloxacin (40mg),10 tablets,264.91,ciprofloxacin 40mg,16
Pands 250,Aurobindo Pharma,Alprazolam 400  mg,10 tablets,492.16,alprazolam 400mg,2
Amoxforte 40,Abbott India,Omeprazole (100mg),10 capsules,152.43,omeprazole 100mg,0
Azeecap 500,Wockhardt,metformin 40 mg,5 ml,194.4,metformin 40mg,18
Omecin 40,Torrent Pharma,Fexofenadine 1000  mg,10 tablets,240.65,fexofenadine 1000mg,17
Augds 1000,Sun Pharma,omeprazole 400mg,5 ml,67.54,omeprazole 400mg,16
Azeeod 250,GSK India,vitamin d3(200mg),10 tablets,225.43,vitamin d3 200mg,6
Cetxr 20,Intas Pharma,LEVOCETIRIZINE-400mg,10 capsules,437.56,levocetirizine 400mg,10
Azeexr 20,Sanofi India,Rabeprazole (20 mg),15 tablets,336.81,rabeprazole 20mg,15
Dolocin 1000,Dabur Pharma,Sertraline 5  mg,10 tablets,483.29,sertraline 5mg,4
Clavsol 500,Aurobindo Pharma,Atorvastatin 200  mg,10 tablets,21.19,atorvastatin 200mg,2
Cetxr 250,Himalaya,rosuvastatin(20 mg),10 capsules,187.21,rosuvastatin 20mg,9
Augforte 1000,Dr Reddy,METHYLCOBALAMIN-500mg,5 ml,310.21,methylcobalamin 500mg,5
Cetsr 1000,Dr Reddy,fluoxetine 20 mg,6 tablets,235.98,fluoxetine 20mg,5
Clavod 10,Torrent Pharma,GABAPENTIN-400mg,10 tablets,564.46,gabapentin 400mg,17
Omesr 250,Sanofi India,metoprolol 40 mg,10 capsules,488.21,metoprolol 40mg,15
Azeeforte 40,Zydus Cadila,losartan 500 mg,10 tablets,181.84,losartan 500mg,19
Clavcap 500,Zydus Cadila,levothyroxine(10 mg),10 tablets,507.98,levothyroxine 10mg,19
Brusol 40,Dr Reddy,Methylcobalamin (250mg),6 tablets,539.9,methylcobalamin 250mg,5
Augcap 20,Zydus Cadila,TRAMADOL-40mg,30 tablets,104.47,tramadol 40mg,19
Azeeds 500,Dr Reddy,Telmisartan (250mg),1 bottle,103.26,telmisartan 250mg,5
Clavforte 250,Dr Reddy,Rosuvastatin (400 mg),10 tablets,369.37,rosuvastatin 400mg,5
Omecin 40,Mankind Pharma,cetirizine 1000mg,1 bottle,222.73,cetirizine 1000mg,12
Pancin 10,Zydus Cadila,diclofenac(500mg),15 tablets,49.96,diclofenac 500mg,19
Omeds 20,Torrent Pharma,Paracetamol 250 mg,6 tablets,472.84,paracetamol 250mg,17
Augxr 20,Himalaya,GLIMEPIRIDE-400mg,10 capsules,336.76,glimepiride 400mg,9
Augtab 10,Torrent Pharma,rosuvastatin(20mg),30 tablets,503.11,rosuvastatin 20mg,17
Amoxds 250,Alkem Labs,Alprazolam 20 mg,5 ml,134.22,alprazolam 20mg,1
Dolods 40,Cipla,amoxicillin 200mg,15 tablets,369.58,amoxicillin 200mg,3
Amoxds 500,Hetero Drugs,TRAMADOL-100mg,1 bottle,207.74,tramadol 100mg,8
Panxr 10,Novartis India,metformin 1000 mg,1 bottle,122.7,metformin 1000mg,13
Azeeplus 500,Sanofi India,losartan(100mg),15 tablets,196.21,losartan 100mg,15
Doloforte 250,Novartis India,MONTELUKAST-1000mg,10 tablets,271.75,montelukast 1000mg,13
Doloforte 250,Pfizer India,metformin 1000 mg,10 capsules,223.62,metformin 1000mg,14
Doloforte 250,Cipla,ranitidine(250mg),10 capsules,33.16,ranitidine 250mg,3
Omesr 20,Lupin,IBUPROFEN-10mg,10 tablets,565.31,ibuprofen 10mg,11
Augxr 250,Intas Pharma,ibuprofen 20mg,6 tablets,414.55,ibuprofen 20mg,10
Clavforte 250,Pfizer India,OMEPRAZOLE-20mg,30 tablets,14.26,omeprazole 20mg,14
Metcap 1000,Lupin,metformin 1000mg,30 tablets,580.23,metformin 1000mg,11
Augplus 250,Glenmark,losartan(20 mg),10 tablets,573.87,losartan 20mg,7
Panforte 40,Dabur Pharma,Domperidone 20 mg,10 capsules,447.95,domperidone 20mg,4
Cetcin 500,Torrent Pharma,Vitamin D3 (10mg),30 tablets,261.62,vitamin d3 10mg,17
Clavtab 500,Novartis India,Glimepiride (1000mg),30 tablets,594.37,glimepiride 1000mg,13
Metforte 40,Hetero Drugs,ranitidine 400 mg,5 ml,343.71,ranitidine 400mg,8
Clavod 250,Wockhardt,Atorvastatin (500mg),1 bottle,389.32,atorvastatin 500mg,18
Augsr 1000,Novartis India,Pregabalin (500mg),1 bottle,34.1,pregabalin 500mg,13
Metsol 20,Zydus Cadila,sertraline 5 mg,6 tablets,510.18,sertraline 5mg,19
Augsr 10,Sun Pharma,Esomeprazole (400mg),1 bottle,457.19,esomeprazole 400mg,16
Pantab 10,Hetero Drugs,PARACETAMOL-5mg,5 ml,133.81,paracetamol 5mg,8
Azeeplus 500,Lupin,ondansetron 40mg,1 bottle,352.61,ondansetron 40mg,11
Dolotab 250,Abbott India,METHYLCOBALAMIN-20mg,30 tablets,17.02,methylcobalamin 20mg,0
Azeeds 10,Abbott India,levocetirizine 500mg,10 tablets,310.18,levocetirizine 500mg,0
Metcap 20,Aurobindo Pharma,Azithromycin 1000 mg,1 bottle,557.09,azithromycin 1000mg,2
Azeesr 1000,Novartis India,tramadol(250 mg),5 ml,515.47,tramadol 250mg,13
Brucin 500,Intas Pharma,Vitamin d3 200  mg,15 tablets,572.32,vitamin d3 200mg,10
Dolods 500,Pfizer India,RANITIDINE-250mg,30 tablets,54.02,ranitidine 250mg,14
Clavcap 250,Lupin,DOMPERIDONE-10mg,6 tablets,216.72,domperidone 10mg,11
Dolood 250,Sun Pharma,Clonazepam 200  mg,6 tablets,264.77,clonazepam 200mg,16
Azeetab 40,Glenmark,doxycycline 400 mg,10 capsules,356.42,doxycycline 400mg,7
Azeecin 40,Aurobindo Pharma,Sertraline (40mg),10 capsules,37.8,sertraline 40mg,2
Mettab 20,Dabur Pharma,aspirin(40 mg),5 ml,587.62,aspirin 40mg,4
Doloplus 250,Sanofi India,VITAMIN D3-40mg,30 tablets,397.16,vitamin d3 40mg,15
Azeesol 20,Cipla,Sertraline (40mg),15 tablets,182.37,sertraline 40mg,3
Omeplus 1000,Cipla,CIPROFLOXACIN-20mg,30 tablets,296.47,ciprofloxacin 20mg,3
Dolood 20,Dr Reddy,Amlodipine (5 mg),1 bottle,428.64,amlodipine 5mg,5
Amoxcap 500,Alkem Labs,Paracetamol (20mg),10 tablets,512.61,paracetamol 20mg,1
Metcin 500,Abbott India,Rosuvastatin (20mg),30 tablets,305.98,rosuvastatin 20mg,0
Panforte 40,Alkem Labs,Levocetirizine 200 mg,10 tablets,477.48,levocetirizine 200mg,1
Omeod 20,Aurobindo Pharma,tramadol 20 mg,10 capsules,140.75,tramadol 20mg,2
Amoxxr 20,Dr Reddy,Pantoprazole 1000 mg,1 bottle,32.2,pantoprazole 1000mg,5
Metds 1000,Sun Pharma,Clonazepam (5mg),30 tablets,47.59,clonazepam 5mg,16
Augcin 20,Lupin,METHYLCOBALAMIN-1000mg,1 bottle,41.08,methylcobalamin 1000mg,11
Metxr 500,Cipla,Levocetirizine 1000  mg,1 bottle,57.79,levocetirizine 1000mg,3
Amoxplus 40,Himalaya,esomeprazole 500mg,30 tablets,29.42,esomeprazole 500mg,9
Metod 10,Alkem Labs,domperidone(100mg),6 tablets,211.52,domperidone 100mg,1
Cetxr 500,Zydus Cadila,PANTOPRAZOLE-20mg,5 ml,264.83,pantoprazole 20mg,19
Cetforte 40,Wockhardt,METOPROLOL-200mg,6 tablets,336.44,metoprolol 200mg,18
Augod 40,Cipla,cetirizine(5 mg),10 capsules,373.68,cetirizine 5mg,3
Clavod 40,Dr Reddy,metoprolol 400mg,6 tablets,233.12,metoprolol 400mg,5
Dolocin 1000,Pfizer India,aspirin 20mg,15 tablets,322.72,aspirin 20mg,14
Dolods 10,Dr Reddy,DOMPERIDONE-500mg,10 tablets,248.16,domperidone 500mg,5
Amoxsr 1000,Himalaya,Esomeprazole 20  mg,6 tablets,479.27,esomeprazole 20mg,9
Bruforte 20,Hetero Drugs,TELMISARTAN-250mg,15 tablets,287.54,telmisartan 250mg,8
Metplus 500,Dr Reddy,Calcium carbonate 5  mg,1 bottle,54.81,calcium carbonate 5mg,5
Clavplus 20,Glenmark,gabapentin(250mg),5 ml,59.82,gabapentin 250mg,7
Bruxr 1000,Hetero Drugs,calcium carbonate 20mg,10 capsules,507.79,calcium carbonate 20mg,8
Metforte 40,Torrent Pharma,Aspirin 250 mg,15 tablets,356.39,aspirin 250mg,17
Azeeod 500,Torrent Pharma,Azithromycin (100mg),6 tablets,154.7,azithromycin 100mg,17
Pansr 20,Intas Pharma,azithromycin 100mg,15 tablets,252.29,azithromycin 100mg,10
Omesr 20,Novartis India,Cetirizine (250mg),6 tablets,494.6,cetirizine 250mg,13
Omeds 1000,Novartis India,azithromycin 1000mg,1 bottle,196.45,azithromycin 1000mg,13
Augplus 1000,Sanofi India,Telmisartan 40 mg,5 ml,507.73,telmisartan 40mg,15
Cetcin 40,Alkem Labs,Metformin 10 mg,6 tablets,321.19,metformin 10mg,1
Cetod 10,Pfizer India,Metoprolol 400 mg,1 bottle,244.98,metoprolol 400mg,14
Panforte 500,Torrent Pharma,Tramadol (250mg),10 tablets,489.69,tramadol 250mg,17
Pancap 10,Cipla,esomeprazole(250 mg),10 tablets,514.95,esomeprazole 250mg,3
Mettab 10,Pfizer India,montelukast 40mg,6 tablets,23.67,montelukast 40mg,14
Omesr 500,Sanofi India,Azithromycin 5 mg,5 ml,545.79,azithromycin 5mg,15
Brucap 40,Zydus Cadila,zinc sulphate 500 mg,10 capsules,23.86,zinc sulphate 500mg,19
Dolood 1000,Zydus Cadila,fluoxetine 400mg,6 tablets,497.73,fluoxetine 400mg,19
Augsol 40,Zydus Cadila,ASPIRIN-20mg,6 tablets,372.64,aspirin 20mg,19
Augsol 1000,Hetero Drugs,ranitidine 250mg,5 ml,141.5,ranitidine 250mg,8
Omeforte 40,Zydus Cadila,Paracetamol (40 mg),1 bottle,508.43,paracetamol 40mg,19
Augxr 40,Dr Reddy,PREGABALIN-400mg,5 ml,459.13,pregabalin 400mg,5
Amoxcap 500,Glenmark,ONDANSETRON-40mg,1 bottle,132.21,ondansetron 40mg,7
Omeod 1000,Sanofi India,METOPROLOL-20mg,10 tablets,158.22,metoprolol 20mg,15
Doloxr 250,Mankind Pharma,METHYLCOBALAMIN-20mg,6 tablets,231.2,methylcobalamin 20mg,12
Metsr 500,Cipla,clopidogrel 5mg,1 bottle,47.47,clopidogrel 5mg,3
Metcin 10,Torrent Pharma,Telmisartan 1000  mg,10 tablets,404.05,telmisartan 1000mg,17
Pantab 500,Glenmark,montelukast(10mg),15 tablets,466.66,montelukast 10mg,7
Augforte 10,Abbott India,Alprazolam 100 mg,10 capsules,45.45,alprazolam 100mg,0
Omecap 40,Torrent Pharma,amoxicillin 500 mg,10 capsules,398.54,amoxicillin 500mg,17
Doloforte 10,Himalaya,Telmisartan (1000mg),5 ml,168.8,telmisartan 1000mg,9
Dolosr 20,Alkem Labs,methylcobalamin(1000 mg),10 capsules,302.02,methylcobalamin 1000mg,1
Brucap 40,Torrent Pharma,Paracetamol (20mg),15 tablets,16.83,paracetamol 20mg,17
Omesol 20,Zydus Cadila,Cetirizine (20mg),30 tablets,152.24,cetirizine 20mg,19
Augxr 250,Novartis India,Zinc sulphate 1000  mg,10 capsules,343.31,zinc sulphate 1000mg,13
Omeod 500,GSK India,Pantoprazole 10  mg,15 tablets,86.06,pantoprazole 10mg,6
Azeeod 10,Himalaya,ibuprofen 20 mg,10 capsules,392.06,ibuprofen 20mg,9
Clavtab 40,Alkem Labs,doxycycline 200 mg,10 tablets,463.82,doxycycline 200mg,1
Omecap 250,Mankind Pharma,alprazolam 200 mg,15 tablets,101.86,alprazolam 200mg,12
Amoxod 40,Aurobindo Pharma,Ibuprofen 500  mg,30 tablets,278.01,ibuprofen 500mg,2
Augxr 1000,Wockhardt,METFORMIN-250mg,10 capsules,191.04,metformin 250mg,18
Augplus 250,Pfizer India,ondansetron(100mg),10 capsules,256.52,ondansetron 100mg,14
Panxr 500,Glenmark,fexofenadine 500mg,10 tablets,216.98,fexofenadine 500mg,7
Bruod 500,Torrent Pharma,Amoxicillin 200  mg,10 capsules,578.03,amoxicillin 200mg,17
Brusol 1000,Himalaya,METHYLCOBALAMIN-500mg,6 tablets,129.89,methylcobalamin 500mg,9
Cetds 500,Hetero Drugs,paracetamol 40mg,10 tablets,281.9,paracetamol 40mg,8
Azeeod 20,Dabur Pharma,aspirin 1000mg,30 tablets,505.57,aspirin 1000mg,4
Amoxforte 1000,Wockhardt,Rosuvastatin 100 mg,15 tablets,525.8,rosuvastatin 100mg,18
Amoxod 250,Dr Reddy,ciprofloxacin 100mg,5 ml,242.15,ciprofloxacin 100mg,5
Augplus 500,Torrent Pharma,calcium carbonate 400mg,10 capsules,348.35,calcium carbonate 400mg,17
Metcin 20,Mankind Pharma,ibuprofen(5 mg),15 tablets,202.29,ibuprofen 5mg,12
Azeeod 1000,Novartis India,sertraline(5mg),6 tablets,67.06,sertraline 5mg,13
Cettab 10,Cipla,METHYLCOBALAMIN-20mg,6 tablets,458.92,methylcobalamin 20mg,3
Bruforte 1000,Intas Pharma,CLONAZEPAM-500mg,6 tablets,287.79,clonazepam 500mg,10
Amoxplus 20,Sun Pharma,AMLODIPINE-500mg,10 tablets,264.24,amlodipine 500mg,16
Pancap 40,Cipla,metoprolol(400mg),5 ml,525.79,metoprolol 400mg,3
Dolods 40,Aurobindo Pharma,doxycycline 20 mg,5 ml,360.18,doxycycline 20mg,2
Omeod 20,Wockhardt,sertraline(250mg),5 ml,137.29,sertraline 250mg,18
Doloxr 10,Torrent Pharma,PREGABALIN-100mg,6 tablets,139.0,pregabalin 100mg,17
Cetsol 10,Alkem Labs,Pregabalin (500 mg),30 tablets,101.28,pregabalin 500mg,1
Cetplus 10,Pfizer India,aspirin 5mg,30 tablets,131.08,aspirin 5mg,14
Bruds 250,Sanofi India,Diclofenac 200  mg,6 tablets,27.34,diclofenac 200mg,15
Clavcin 500,Torrent Pharma,levothyroxine(20mg),1 bottle,532.58,levothyroxine 20mg,17
Amoxsol 250,Dr Reddy,fluoxetine 20 mg,1 bottle,186.84,fluoxetine 20mg,5
Cetds 20,Cipla,ciprofloxacin 400 mg,15 tablets,567.04,ciprofloxacin 400mg,3
Cetds 500,Alkem Labs,DICLOFENAC-250mg,15 tablets,377.18,diclofenac 250mg,1
Metsol 250,Himalaya,Amlodipine 250  mg,10 tablets,144.0,amlodipine 250mg,9
Cetsol 40,Cipla,TELMISARTAN-500mg,10 tablets,352.38,telmisartan 500mg,3
Cetcin 500,Alkem Labs,Pantoprazole (400mg),30 tablets,327.79,pantoprazole 400mg,1
Cetcap 40,Pfizer India,Vitamin D3 (250mg),6 tablets,479.86,vitamin d3 250mg,14
Azeesr 40,Torrent Pharma,Metformin 20  mg,6 tablets,467.5,metformin 20mg,17
Augcap 40,Novartis India,ESOMEPRAZOLE-400mg,5 ml,285.74,esomeprazole 400mg,13
Panod 40,Glenmark,ATORVASTATIN-40mg,10 capsules,211.2,atorvastatin 40mg,7
Metsol 10,Abbott India,LOSARTAN-5mg,1 bottle,347.45,losartan 5mg,0
Omesr 250,Dabur Pharma,Rosuvastatin 400  mg,10 tablets,518.87,rosuvastatin 400mg,4
Clavod 1000,Lupin,ciprofloxacin 20mg,10 capsules,419.11,ciprofloxacin 20mg,11
Cetsr 10,Mankind Pharma,Azithromycin (40 mg),15 tablets,451.08,azithromycin 40mg,12
Amoxcap 500,Hetero Drugs,Ranitidine (40mg),5 ml,74.89,ranitidine 40mg,8
Pands 500,Alkem Labs,Losartan 200  mg,15 tablets,127.8,losartan 200mg,1
Dolood 40,Sun Pharma,TRAMADOL-250mg,5 ml,231.49,tramadol 250mg,16
Amoxod 40,Pfizer India,ZINC SULPHATE-250mg,1 bottle,543.03,zinc sulphate 250mg,14
Metplus 500,Glenmark,doxycycline(40mg),1 bottle,275.79,doxycycline 40mg,7
Panxr 250,Himalaya,pantoprazole 40mg,15 tablets,532.41,pantoprazole 40mg,9
Cetcap 20,Hetero Drugs,Calcium Carbonate (20mg),10 capsules,177.22,calcium carbonate 20mg,8
Doloforte 40,Zydus Cadila,Levocetirizine (5mg),10 capsules,423.07,levocetirizine 5mg,19
Clavplus 40,Mankind Pharma,Tramadol 20 mg,5 ml,460.26,tramadol 20mg,12
Pands 1000,Dabur Pharma,atorvastatin 250 mg,10 capsules,65.48,atorvastatin 250mg,4
Azeesol 40,Torrent Pharma,Gabapentin (500mg),10 capsules,514.48,gabapentin 500mg,17
Omeforte 40,Mankind Pharma,Ranitidine (20mg),5 ml,183.27,ranitidine 20mg,12
Azeeds 250,Glenmark,vitamin d3(10mg),30 tablets,238.56,vitamin d3 10mg,7
Azeesr 10,Mankind Pharma,Paracetamol 500 mg,10 capsules,385.86,paracetamol 500mg,12
Bruplus 40,Aurobindo Pharma,Clonazepam 250  mg,30 tablets,78.3,clonazepam 250mg,2
Brucap 500,Dabur Pharma,Glimepiride (40mg),15 tablets,52.46,glimepiride 40mg,4
Amoxds 500,Mankind Pharma,atorvastatin 500mg,10 capsules,479.14,atorvastatin 500mg,12
Clavsr 500,Dr Reddy,Alprazolam (200 mg),1 bottle,496.63,alprazolam 200mg,5
Cetcin 250,Wockhardt,Ciprofloxacin 10  mg,10 tablets,11.19,ciprofloxacin 10mg,18
Azeecin 1000,Sanofi India,RANITIDINE-200mg,15 tablets,335.47,ranitidine 200mg,15
Pansr 10,Dabur Pharma,zinc sulphate(40mg),10 tablets,324.12,zinc sulphate 40mg,4
Azeesol 20,Mankind Pharma,FEXOFENADINE-400mg,5 ml,368.77,fexofenadine 400mg,12
Omeds 1000,Wockhardt,Doxycycline 5 mg,6 tablets,383.92,doxycycline 5mg,18
Cetsol 500,Sanofi India,ATORVASTATIN-5mg,5 ml,432.4,atorvastatin 5mg,15
Clavtab 20,Mankind Pharma,alprazolam 400mg,1 bottle,290.31,alprazolam 400mg,12
Omecin 10,GSK India,Ibuprofen 1000  mg,1 bottle,455.27,ibuprofen 1000mg,6
Amoxsol 250,Sanofi India,pantoprazole(250mg),10 tablets,375.73,pantoprazole 250mg,15
Omeforte 20,Sanofi India,Levocetirizine 10 mg,6 tablets,256.05,levocetirizine 10mg,15
Pancap 40,GSK India,gabapentin 100mg,15 tablets,239.35,gabapentin 100mg,6
Dolood 250,Mankind Pharma,Ondansetron 400  mg,10 capsules,89.91,ondansetron 400mg,12
Dolosol 20,Mankind Pharma,alprazolam(200 mg),30 tablets,169.51,alprazolam 200mg,12
Clavcin 10,Himalaya,DICLOFENAC-100mg,5 ml,166.73,diclofenac 100mg,9
Augplus 20,Pfizer India,paracetamol(400 mg),30 tablets,216.35,paracetamol 400mg,14
Clavds 1000,Sanofi India,Ondansetron (200mg),15 tablets,74.63,ondansetron 200mg,15
Clavds 20,Alkem Labs,tramadol 5 mg,1 bottle,71.24,tramadol 5mg,1
Panod 500,Intas Pharma,gabapentin 250mg,30 tablets,400.43,gabapentin 250mg,10
Pancap 10,Lupin,PARACETAMOL-250mg,5 ml,90.61,paracetamol 250mg,11
Azeecap 1000,Cipla,glimepiride(400 mg),10 tablets,324.51,glimepiride 400mg,3
Azeesol 40,Novartis India,ciprofloxacin(250mg),10 capsules,484.26,ciprofloxacin 250mg,13
Augplus 40,Dabur Pharma,GABAPENTIN-400mg,10 capsules,596.95,gabapentin 400mg,4
Clavforte 40,Lupin,Rosuvastatin 1000  mg,10 capsules,128.36,rosuvastatin 1000mg,11
Clavsol 10,Novartis India,Rabeprazole (100mg),30 tablets,587.42,rabeprazole 100mg,13
Azeesr 40,Himalaya,Glimepiride 10  mg,10 tablets,548.06,glimepiride 10mg,9
Metxr 1000,Sun Pharma,Pantoprazole (10 mg),10 tablets,534.02,pantoprazole 10mg,16
Clavcin 10,Zydus Cadila,glimepiride 100mg,10 capsules,294.5,glimepiride 100mg,19
Panxr 500,Mankind Pharma,pregabalin 1000 mg,30 tablets,474.14,pregabalin 1000mg,12
Brucap 500,Zydus Cadila,Rosuvastatin 10  mg,30 tablets,563.85,rosuvastatin 10mg,19
Panplus 10,Intas Pharma,CLOPIDOGREL-400mg,1 bottle,189.92,clopidogrel 400mg,10
Clavxr 1000,Dabur Pharma,glimepiride 250 mg,15 tablets,109.07,glimepiride 250mg,4
Omecap 1000,Sun Pharma,gabapentin 400mg,1 bottle,205.15,gabapentin 400mg,16
Cetcap 250,Abbott India,Calcium Carbonate (500mg),1 bottle,558.87,calcium carbonate 500mg,0
Cetxr 1000,Pfizer India,SERTRALINE-400mg,1 bottle,325.35,sertraline 400mg,14
Dolocap 500,Glenmark,rosuvastatin 400 mg,10 capsules,354.0,rosuvastatin 400mg,7
Omeds 1000,Lupin,rosuvastatin 20mg,1 bottle,297.64,rosuvastatin 20mg,11
Panforte 1000,Sanofi India,Metformin (250 mg),5 ml,362.78,metformin 250mg,15
Metforte 500,Hetero Drugs,TELMISARTAN-40mg,6 tablets,184.16,telmisartan 40mg,8
Clavplus 40,Lupin,Glimepiride 10 mg,30 tablets,485.02,glimepiride 10mg,11
Augds 20,Glenmark,Glimepiride (5mg),15 tablets,25.93,glimepiride 5mg,7
Azeetab 1000,Mankind Pharma,sertraline(5 mg),5 ml,478.29,sertraline 5mg,12
Dolotab 1000,Wockhardt,paracetamol(100mg),15 tablets,115.47,paracetamol 100mg,18
Azeecin 250,Abbott India,levothyroxine 5mg,1 bottle,311.04,levothyroxine 5mg,0
Brusr 250,Torrent Pharma,sertraline 5mg,5 ml,443.25,sertraline 5mg,17
Amoxsol 500,Himalaya,Pantoprazole 200  mg,10 tablets,489.67,pantoprazole 200mg,9
Panod 20,Torrent Pharma,Losartan 1000  mg,30 tablets,348.47,losartan 1000mg,17
Dolosr 500,Dabur Pharma,azithromycin(500mg),10 capsules,349.84,azithromycin 500mg,4
Clavxr 40,Dr Reddy,Clopidogrel (40mg),10 capsules,317.06,clopidogrel 40mg,5
Azeeplus 20,Sanofi India,glimepiride 1000 mg,5 ml,452.64,glimepiride 1000mg,15
Azeeforte 10,Pfizer India,tramadol 200 mg,15 tablets,202.53,tramadol 200mg,14
Clavcin 500,Lupin,clonazepam(20mg),5 ml,92.93,clonazepam 20mg,11
Azeesol 40,Intas Pharma,GABAPENTIN-1000mg,10 capsules,368.19,gabapentin 1000mg,10
Amoxplus 1000,Himalaya,tramadol 250mg,10 capsules,488.04,tramadol 250mg,9
Bruds 250,Mankind Pharma,Doxycycline 10  mg,10 capsules,57.14,doxycycline 10mg,12
Bruds 250,Glenmark,doxycycline(5 mg),5 ml,467.01,doxycycline 5mg,7
Clavcin 250,Torrent Pharma,Fluoxetine (400 mg),30 tablets,444.83,fluoxetine 400mg,17
Clavcin 1000,Pfizer India,Methylcobalamin (40mg),1 bottle,194.85,methylcobalamin 40mg,14
Dolotab 40,Abbott India,FEXOFENADINE-200mg,5 ml,498.8,fexofenadine 200mg,0
Cetxr 250,Glenmark,Ibuprofen (20 mg),15 tablets,449.71,ibuprofen 20mg,7
Azeecap 20,Abbott India,Vitamin D3 (1000mg),5 ml,590.98,vitamin d3 1000mg,0
Brucin 20,Abbott India,Levothyroxine (500 mg),6 tablets,42.97,levothyroxine 500mg,0
Dolocin 500,Cipla,Cetirizine (5 mg),30 tablets,185.21,cetirizine 5mg,3
Bruxr 500,GSK India,atorvastatin(250 mg),15 tablets,549.69,atorvastatin 250mg,6
Doloplus 10,Wockhardt,clopidogrel 400 mg,10 tablets,402.07,clopidogrel 400mg,18
Clavcap 1000,Himalaya,RABEPRAZOLE-1000mg,1 bottle,213.26,rabeprazole 1000mg,9
Bruxr 250,Wockhardt,pantoprazole(400 mg),5 ml,211.12,pantoprazole 400mg,18
Brutab 250,Torrent Pharma,omeprazole 1000 mg,10 tablets,536.83,omeprazole 1000mg,17
Amoxxr 1000,Novartis India,levothyroxine 5mg,5 ml,33.37,levothyroxine 5mg,13
Augsol 250,Sun Pharma,domperidone(400 mg),15 tablets,164.32,domperidone 400mg,16
Amoxplus 10,Torrent Pharma,Amlodipine (5 mg),6 tablets,76.71,amlodipine 5mg,17
Clavcin 10,Himalaya,Levothyroxine (5mg),1 bottle,301.22,levothyroxine 5mg,9
Azeeds 1000,Mankind Pharma,calcium carbonate(250mg),15 tablets,563.58,calcium carbonate 250mg,12
Dolods 40,Abbott India,Levothyroxine (500 mg),5 ml,536.51,levothyroxine 500mg,0
Bruds 20,Sun Pharma,TRAMADOL-200mg,6 tablets,591.19,tramadol 200mg,16
Clavds 20,Intas Pharma,TELMISARTAN-500mg,15 tablets,541.48,telmisartan 500mg,10
Panod 250,Sun Pharma,LOSARTAN-10mg,10 capsules,565.71,losartan 10mg,16
Clavcin 40,Abbott India,LOSARTAN-1000mg,10 tablets,394.2,losartan 1000mg,0
Augod 40,Sun Pharma,Telmisartan (200mg),10 tablets,169.09,telmisartan 200mg,16
Clavsr 40,Dr Reddy,esomeprazole(400mg),10 tablets,372.75,esomeprazole 400mg,5
Panod 40,Novartis India,metoprolol 20mg,1 bottle,443.34,metoprolol 20mg,13
Cetforte 250,Alkem Labs,Losartan 200  mg,15 tablets,595.18,losartan 200mg,1
Metcap 10,Torrent Pharma,Ranitidine (100mg),5 ml,67.01,ranitidine 100mg,17
Cettab 20,Wockhardt,Clopidogrel 400 mg,6 tablets,221.35,clopidogrel 400mg,18
Clavforte 250,Pfizer India,ibuprofen 250mg,1 bottle,43.48,ibuprofen 250mg,14
Clavsr 250,Pfizer India,Methylcobalamin (250mg),15 tablets,120.19,methylcobalamin 250mg,14
Azeexr 20,Lupin,Pantoprazole (40mg),15 tablets,32.42,pantoprazole 40mg,11
Panplus 1000,Mankind Pharma,RABEPRAZOLE-40mg,10 tablets,523.12,rabeprazole 40mg,12
Cetsol 1000,Wockhardt,LOSARTAN-100mg,10 tablets,181.54,losartan 100mg,18
Brucin 500,Dr Reddy,RANITIDINE-500mg,6 tablets,210.65,ranitidine 500mg,5
Metcap 10,Glenmark,ranitidine 10 mg,10 tablets,250.11,ranitidine 10mg,7
Azeeod 250,Lupin,cetirizine(10mg),30 tablets,109.07,cetirizine 10mg,11
Azeexr 20,Torrent Pharma,Glimepiride 400  mg,1 bottle,407.28,glimepiride 400mg,17
Amoxsr 1000,Sanofi India,metformin(250mg),30 tablets,21.99,metformin 250mg,15
Pansr 1000,Lupin,pregabalin(1000mg),10 capsules,374.87,pregabalin 1000mg,11
Azeesol 10,Aurobindo Pharma,Montelukast (500mg),10 capsules,367.89,montelukast 500mg,2
Bruforte 1000,Himalaya,PANTOPRAZOLE-10mg,10 capsules,263.56,pantoprazole 10mg,9
Augcap 250,Alkem Labs,PANTOPRAZOLE-1000mg,6 tablets,220.69,pantoprazole 1000mg,1
Azeeds 10,Sun Pharma,Doxycycline (250mg),10 tablets,155.21,doxycycline 250mg,16
Clavcin 250,Himalaya,ONDANSETRON-20mg,10 tablets,313.57,ondansetron 20mg,9
Pancin 20,Lupin,omeprazole 10mg,1 bottle,573.33,omeprazole 10mg,11
Augod 40,GSK India,METOPROLOL-400mg,15 tablets,322.9,metoprolol 400mg,6
Doloplus 20,Sun Pharma,Zinc sulphate 500 mg,10 capsules,593.48,zinc sulphate 500mg,16
Metcin 250,Torrent Pharma,Pregabalin 10  mg,1 bottle,21.65,pregabalin 10mg,17
Brutab 250,Abbott India,vitamin d3 5 mg,15 tablets,436.02,vitamin d3 5mg,0
Clavds 40,Glenmark,Cetirizine (5 mg),10 tablets,226.67,cetirizine 5mg,7
Amoxcin 250,Sun Pharma,METHYLCOBALAMIN-100mg,15 tablets,222.91,methylcobalamin 100mg,16
Bruod 20,Pfizer India,Levocetirizine (10 mg),30 tablets,361.56,levocetirizine 10mg,14
Pantab 250,Pfizer India,Telmisartan 1000  mg,15 tablets,333.92,telmisartan 1000mg,14
Azeecap 500,Dr Reddy,ibuprofen(20mg),6 tablets,394.35,ibuprofen 20mg,5
Pands 1000,Aurobindo Pharma,GLIMEPIRIDE-250mg,15 tablets,304.47,glimepiride 250mg,2
Dolosol 10,Abbott India,Levothyroxine 20 mg,5 ml,192.45,levothyroxine 20mg,0
Cetod 250,Intas Pharma,Tramadol (250mg),10 tablets,595.55,tramadol 250mg,10
Brutab 40,Lupin,clopidogrel(10mg),6 tablets,112.6,clopidogrel 10mg,11
Pancin 10,Aurobindo Pharma,methylcobalamin 250mg,10 tablets,364.16,methylcobalamin 250mg,2
Azeesol 20,Dr Reddy,Levocetirizine (250mg),15 tablets,92.85,levocetirizine 250mg,5
Bruxr 1000,Sun Pharma,losartan 400 mg,1 bottle,140.84,losartan 400mg,16
Cetcap 10,Cipla,Losartan 100 mg,30 tablets,256.03,losartan 100mg,3
Dolosol 250,Dabur Pharma,Rabeprazole (250mg),10 tablets,224.64,rabeprazole 250mg,4
Metforte 20,Zydus Cadila,Doxycycline 100 mg,30 tablets,576.97,doxycycline 100mg,19
Omecap 10,Glenmark,GABAPENTIN-40mg,5 ml,403.56,gabapentin 40mg,7
Bruforte 40,Wockhardt,Paracetamol 5  mg,6 tablets,471.64,paracetamol 5mg,18
Azeesr 20,Pfizer India,telmisartan(1000mg),1 bottle,514.91,telmisartan 1000mg,14
Pansol 1000,Mankind Pharma,Sertraline (20 mg),10 capsules,16.91,sertraline 20mg,12
Amoxcap 500,Himalaya,alprazolam(100mg),1 bottle,147.29,alprazolam 100mg,9
Bruds 500,Wockhardt,montelukast 500mg,6 tablets,568.9,montelukast 500mg,18
Ometab 40,Dr Reddy,ondansetron 200mg,5 ml,428.47,ondansetron 200mg,5
Metcin 40,Zydus Cadila,pregabalin(1000mg),1 bottle,261.99,pregabalin 1000mg,19
Cettab 20,Sanofi India,vitamin d3(100mg),5 ml,313.96,vitamin d3 100mg,15
Panforte 250,Torrent Pharma,Ibuprofen 1000  mg,5 ml,491.4,ibuprofen 1000mg,17
Amoxtab 40,Alkem Labs,pantoprazole 500 mg,6 tablets,118.4,pantoprazole 500mg,1
Azeexr 250,Dabur Pharma,ondansetron 500mg,6 tablets,495.69,ondansetron 500mg,4
Cetcin 40,Cipla,Alprazolam (1000 mg),15 tablets,127.37,alprazolam 1000mg,3
Amoxcin 250,Dr Reddy,Vitamin D3 (500mg),5 ml,132.24,vitamin d3 500mg,5
Omeod 10,GSK India,Azithromycin (400mg),6 tablets,459.06,azithromycin 400mg,6
Clavcin 40,Hetero Drugs,CETIRIZINE-1000mg,6 tablets,308.34,cetirizine 1000mg,8
Ometab 500,Hetero Drugs,tramadol 5 mg,10 tablets,575.26,tramadol 5mg,8
Azeeds 40,GSK India,Pantoprazole (10mg),15 tablets,521.4,pantoprazole 10mg,6
Pansol 10,Dabur Pharma,Sertraline 20 mg,5 ml,74.28,sertraline 20mg,4
Cetcap 500,Dabur Pharma,Pregabalin (5 mg),1 bottle,408.69,pregabalin 5mg,4
Omeds 500,GSK India,Rabeprazole 200 mg,5 ml,295.22,rabeprazole 200mg,6
Amoxds 250,Sun Pharma,Levocetirizine (400 mg),15 tablets,406.85,levocetirizine 400mg,16
Cetplus 40,Cipla,rosuvastatin(20 mg),10 tablets,521.93,rosuvastatin 20mg,3
Omexr 20,Mankind Pharma,DOXYCYCLINE-1000mg,5 ml,30.53,doxycycline 1000mg,12
Brusr 250,Pfizer India,rabeprazole 400 mg,30 tablets,238.25,rabeprazole 400mg,14
Clavforte 40,Lupin,atorvastatin(10 mg),15 tablets,451.15,atorvastatin 10mg,11
Cetxr 250,Wockhardt,Levothyroxine (500mg),30 tablets,10.61,levothyroxine 500mg,18
Cetplus 500,Torrent Pharma,esomeprazole(500mg),5 ml,424.07,esomeprazole 500mg,17
Panforte 500,Dr Reddy,cetirizine(10 mg),5 ml,35.74,cetirizine 10mg,5
Amoxxr 40,Novartis India,rabeprazole 40 mg,1 bottle,478.16,rabeprazole 40mg,13
Ometab 250,Intas Pharma,ZINC SULPHATE-250mg,10 capsules,200.9,zinc sulphate 250mg,10
Cetsr 20,Torrent Pharma,Telmisartan 40  mg,5 ml,493.6,telmisartan 40mg,17
Doloforte 40,Abbott India,Azithromycin 250  mg,10 capsules,460.83,azithromycin 250mg,0
Omecap 500,Glenmark,Atorvastatin 20  mg,5 ml,358.63,atorvastatin 20mg,7
Brucin 40,Torrent Pharma,cetirizine 250 mg,15 tablets,488.76,cetirizine 250mg,17
Amoxxr 40,Intas Pharma,RABEPRAZOLE-250mg,5 ml,506.8,rabeprazole 250mg,10
Omesr 250,Cipla,TRAMADOL-20mg,30 tablets,24.17,tramadol 20mg,3
Amoxsr 20,Aurobindo Pharma,tramadol 10mg,5 ml,596.99,tramadol 10mg,2
Amoxsol 20,GSK India,Metformin (5mg),30 tablets,17.44,metformin 5mg,6
Augcap 10,Glenmark,atorvastatin(100mg),6 tablets,37.49,atorvastatin 100mg,7
Cetds 20,Zydus Cadila,Ondansetron 5  mg,1 bottle,501.67,ondansetron 5mg,19
Brusol 500,Sun Pharma,FEXOFENADINE-200mg,1 bottle,291.12,fexofenadine 200mg,16
Augxr 40,Novartis India,DOXYCYCLINE-250mg,1 bottle,89.91,doxycycline 250mg,13
Panxr 40,GSK India,clonazepam(10 mg),10 capsules,418.9,clonazepam 10mg,6
Panforte 1000,Abbott India,clonazepam(1000 mg),15 tablets,468.23,clonazepam 1000mg,0
Metod 10,Zydus Cadila,ibuprofen(5 mg),1 bottle,447.38,ibuprofen 5mg,19
Metforte 10,Sun Pharma,diclofenac 10 mg,30 tablets,274.54,diclofenac 10mg,16
Cetxr 250,Hetero Drugs,tramadol 40 mg,30 tablets,355.32,tramadol 40mg,8
Metxr 40,Mankind Pharma,CLONAZEPAM-200mg,1 bottle,503.68,clonazepam 200mg,12
Ometab 250,Zydus Cadila,METFORMIN-40mg,1 bottle,502.86,metformin 40mg,19
Omexr 500,Lupin,fluoxetine(10 mg),1 bottle,41.87,fluoxetine 10mg,11
Metod 500,Himalaya,Ranitidine 10 mg,10 tablets,118.81,ranitidine 10mg,9
Cetxr 1000,Lupin,Methylcobalamin (400 mg),30 tablets,301.31,methylcobalamin 400mg,11
Pansol 250,Pfizer India,Ibuprofen 1000 mg,5 ml,244.84,ibuprofen 1000mg,14
Clavsol 500,Cipla,Amoxicillin (250 mg),30 tablets,117.37,amoxicillin 250mg,3
Omesr 500,Abbott India,telmisartan(1000 mg),5 ml,341.42,telmisartan 1000mg,0
Clavcin 40,Novartis India,Aspirin (400 mg),15 tablets,243.44,aspirin 400mg,13
Azeeforte 250,Dabur Pharma,pantoprazole(500 mg),5 ml,421.74,pantoprazole 500mg,4
Azeetab 500,GSK India,AMLODIPINE-20mg,15 tablets,537.73,amlodipine 20mg,6
Brucin 500,Himalaya,rosuvastatin 500mg,5 ml,499.62,rosuvastatin 500mg,9
Amoxforte 500,Mankind Pharma,Clopidogrel 40 mg,10 capsules,356.16,clopidogrel 40mg,12
Pands 20,Pfizer India,Vitamin D3 (500 mg),6 tablets,265.43,vitamin d3 500mg,14
Pands 250,Sun Pharma,Fluoxetine 500  mg,15 tablets,401.74,fluoxetine 500mg,16
Metcap 500,Cipla,losartan(400 mg),10 capsules,214.31,losartan 400mg,3
Pancap 1000,Hetero Drugs,PARACETAMOL-40mg,10 tablets,544.27,paracetamol 40mg,8
Azeeplus 40,Novartis India,ondansetron(200 mg),5 ml,471.75,ondansetron 200mg,13
Metxr 500,Intas Pharma,ASPIRIN-5mg,5 ml,358.52,aspirin 5mg,10
Mettab 500,Novartis India,ibuprofen(500 mg),6 tablets,500.34,ibuprofen 500mg,13
Dolood 10,Cipla,omeprazole(40mg),1 bottle,193.33,omeprazole 40mg,3
Augxr 500,Zydus Cadila,Amlodipine (500mg),15 tablets,52.55,amlodipine 500mg,19
Cetod 1000,Sun Pharma,Telmisartan (40mg),1 bottle,387.42,telmisartan 40mg,16
Brusr 250,Zydus Cadila,clopidogrel(10mg),15 tablets,424.17,clopidogrel 10mg,19
Dolocap 40,Torrent Pharma,Ondansetron 20 mg,1 bottle,513.0,ondansetron 20mg,17
Cetplus 250,Torrent Pharma,vitamin d3(40mg),30 tablets,121.1,vitamin d3 40mg,17
Omeplus 500,Sun Pharma,ciprofloxacin 250 mg,30 tablets,434.12,ciprofloxacin 250mg,16
Augsr 20,Cipla,CETIRIZINE-100mg,10 capsules,280.91,cetirizine 100mg,3
Omeds 20,Zydus Cadila,amlodipine 500 mg,15 tablets,147.87,amlodipine 500mg,19
Metcap 20,Alkem Labs,fluoxetine(1000 mg),15 tablets,357.02,fluoxetine 1000mg,1
Azeeplus 10,Glenmark,ROSUVASTATIN-500mg,1 bottle,170.76,rosuvastatin 500mg,7
Azeecap 1000,Sanofi India,alprazolam(500 mg),15 tablets,422.09,alprazolam 500mg,15
Brusr 500,Sanofi India,Ondansetron (40mg),30 tablets,397.81,ondansetron 40mg,15
Clavxr 500,Dr Reddy,doxycycline 250 mg,5 ml,336.83,doxycycline 250mg,5
Brucap 1000,Mankind Pharma,paracetamol(10mg),30 tablets,272.76,paracetamol 10mg,12
Cetcap 500,Dr Reddy,Losartan (40mg),5 ml,553.86,losartan 40mg,5
Bruxr 500,Dabur Pharma,Ranitidine (250mg),6 tablets,500.23,ranitidine 250mg,4
Panod 1000,Glenmark,ondansetron 250mg,5 ml,262.74,ondansetron 250mg,7
Omecin 40,Abbott India,Glimepiride (500mg),10 capsules,458.07,glimepiride 500mg,0
Cetplus 10,Mankind Pharma,domperidone(400 mg),15 tablets,63.44,domperidone 400mg,12
Cetsr 10,Sun Pharma,Paracetamol 500 mg,10 capsules,398.17,paracetamol 500mg,16
Cetxr 1000,GSK India,Azithromycin (10 mg),1 bottle,137.29,azithromycin 10mg,6
Augcap 500,Glenmark,paracetamol(250mg),15 tablets,168.66,paracetamol 250mg,7
Metxr 250,Alkem Labs,Metoprolol (400mg),5 ml,15.36,metoprolol 400mg,1
Mettab 10,Intas Pharma,Glimepiride 1000 mg,15 tablets,214.59,glimepiride 1000mg,10
Bruds 1000,Pfizer India,DOMPERIDONE-20mg,1 bottle,290.15,domperidone 20mg,14
Amoxcap 20,Torrent Pharma,AMOXICILLIN-10mg,10 capsules,585.01,amoxicillin 10mg,17
Azeeds 10,Glenmark,atorvastatin 40 mg,10 tablets,19.71,atorvastatin 40mg,7
Cetcin 500,Mankind Pharma,ZINC SULPHATE-200mg,30 tablets,177.92,zinc sulphate 200mg,12
Amoxforte 10,Mankind Pharma,Telmisartan 1000 mg,15 tablets,470.3,telmisartan 1000mg,12
Pancap 1000,Pfizer India,rabeprazole 200 mg,10 capsules,525.49,rabeprazole 200mg,14
Clavcin 1000,Wockhardt,CIPROFLOXACIN-1000mg,10 capsules,415.42,ciprofloxacin 1000mg,18
Dolosol 20,Sun Pharma,Telmisartan (1000mg),10 capsules,525.64,telmisartan 1000mg,16
Amoxsol 1000,Aurobindo Pharma,Telmisartan (40mg),6 tablets,469.9,telmisartan 40mg,2
Omeplus 40,GSK India,AMOXICILLIN-200mg,10 capsules,260.99,amoxicillin 200mg,6
Azeeds 1000,Abbott India,levocetirizine 10mg,1 bottle,171.28,levocetirizine 10mg,0
Doloxr 1000,Pfizer India,rabeprazole(1000mg),5 ml,538.49,rabeprazole 1000mg,14
Omeforte 40,Novartis India,Rabeprazole 400 mg,5 ml,183.79,rabeprazole 400mg,13
Augds 10,Cipla,clonazepam 100mg,6 tablets,20.1,clonazepam 100mg,3
Metsr 1000,Cipla,fexofenadine 500mg,15 tablets,549.59,fexofenadine 500mg,3
Metcin 10,Pfizer India,Ibuprofen 1000  mg,6 tablets,286.83,ibuprofen 1000mg,14
Brusr 20,Mankind Pharma,PREGABALIN-20mg,1 bottle,388.28,pregabalin 20mg,12
Dolosol 20,Sanofi India,alprazolam(20 mg),1 bottle,457.88,alprazolam 20mg,15
Brusol 1000,Alkem Labs,Amoxicillin 1000  mg,10 capsules,410.4,amoxicillin 1000mg,1
Doloforte 250,Aurobindo Pharma,Zinc sulphate 5  mg,10 tablets,507.55,zinc sulphate 5mg,2
Azeexr 40,Cipla,Amlodipine 10 mg,30 tablets,460.79,amlodipine 10mg,3
Cetcin 250,Aurobindo Pharma,Diclofenac 250 mg,15 tablets,246.11,diclofenac 250mg,2
Cetds 20,Himalaya,PARACETAMOL-40mg,10 capsules,55.41,paracetamol 40mg,9
Bruforte 500,Novartis India,Pantoprazole (40 mg),15 tablets,465.39,pantoprazole 40mg,13
Amoxcap 10,Intas Pharma,Paracetamol 400  mg,10 capsules,355.69,paracetamol 400mg,10
Metforte 1000,Dr Reddy,VITAMIN D3-400mg,6 tablets,414.76,vitamin d3 400mg,5
Brusr 250,Himalaya,azithromycin 100mg,10 capsules,596.38,azithromycin 100mg,9
Doloplus 20,Alkem Labs,Clopidogrel 400  mg,10 tablets,322.06,clopidogrel 400mg,1
Pancap 40,Abbott India,pregabalin 5 mg,5 ml,409.55,pregabalin 5mg,0
Panxr 40,GSK India,Gabapentin 10 mg,10 capsules,231.13,gabapentin 10mg,6
Pantab 10,Himalaya,azithromycin(250 mg),5 ml,393.09,azithromycin 250mg,9
Azeecap 20,Aurobindo Pharma,ATORVASTATIN-20mg,15 tablets,567.95,atorvastatin 20mg,2
Pancin 10,Glenmark,glimepiride(100mg),5 ml,95.2,glimepiride 100mg,7
Omecap 10,Aurobindo Pharma,vitamin d3(10mg),5 ml,248.44,vitamin d3 10mg,2
Omesr 250,Abbott India,Clonazepam (20mg),10 capsules,384.28,clonazepam 20mg,0
Metforte 20,Torrent Pharma,levocetirizine 5mg,30 tablets,233.84,levocetirizine 5mg,17
Cetcin 40,Sun Pharma,Clopidogrel 5  mg,10 tablets,449.86,clopidogrel 5mg,16
Bruod 250,Hetero Drugs,METOPROLOL-100mg,15 tablets,354.66,metoprolol 100mg,8
Cetds 1000,Abbott India,ciprofloxacin 20 mg,10 tablets,345.37,ciprofloxacin 20mg,0
Augcin 500,Aurobindo Pharma,metformin(400mg),6 tablets,551.63,metformin 400mg,2
Metxr 1000,Hetero Drugs,Amlodipine (100mg),30 tablets,304.73,amlodipine 100mg,8
Bruplus 20,Sun Pharma,diclofenac 500 mg,15 tablets,331.7,diclofenac 500mg,16
Doloplus 40,Abbott India,Methylcobalamin 20  mg,10 capsules,244.84,methylcobalamin 20mg,0
Brusr 20,Cipla,Amlodipine 400 mg,1 bottle,467.07,amlodipine 400mg,3
Amoxod 10,Hetero Drugs,VITAMIN D3-1000mg,10 capsules,580.93,vitamin d3 1000mg,8
Clavds 10,Torrent Pharma,Ranitidine (20mg),15 tablets,117.24,ranitidine 20mg,17
Omesr 20,Wockhardt,Amlodipine 250 mg,1 bottle,353.38,amlodipine 250mg,18
Clavds 500,Zydus Cadila,rabeprazole(200 mg),10 capsules,135.48,rabeprazole 200mg,19
Augsr 20,Pfizer India,ondansetron(400 mg),6 tablets,118.88,ondansetron 400mg,14
Cetcin 20,Torrent Pharma,MONTELUKAST-10mg,10 capsules,568.94,montelukast 10mg,17
Azeesol 20,Alkem Labs,aspirin 10mg,10 capsules,58.11,aspirin 10mg,1
Pansr 10,Intas Pharma,Ibuprofen (250mg),30 tablets,94.9,ibuprofen 250mg,10
Amoxod 250,Cipla,ATORVASTATIN-100mg,5 ml,136.89,atorvastatin 100mg,3
Azeesr 500,Zydus Cadila,methylcobalamin 40 mg,6 tablets,27.64,methylcobalamin 40mg,19
Cetplus 250,Mankind Pharma,levothyroxine 1000 mg,6 tablets,203.07,levothyroxine 1000mg,12
Metcin 20,Abbott India,METFORMIN-5mg,30 tablets,560.03,metformin 5mg,0
Bruod 1000,Lupin,Zinc sulphate 10  mg,10 capsules,587.08,zinc sulphate 10mg,11
Amoxsr 1000,Abbott India,glimepiride 250mg,5 ml,79.35,glimepiride 250mg,0
Brutab 250,Dabur Pharma,Atorvastatin 5 mg,30 tablets,38.68,atorvastatin 5mg,4
Metxr 250,Hetero Drugs,Pantoprazole 1000 mg,10 tablets,456.48,pantoprazole 1000mg,8
Clavod 40,Dabur Pharma,amoxicillin 20mg,6 tablets,50.02,amoxicillin 20mg,4
Cetplus 1000,Alkem Labs,Doxycycline (20 mg),30 tablets,170.84,doxycycline 20mg,1
Augds 10,Wockhardt,Paracetamol 200 mg,10 tablets,520.67,paracetamol 200mg,18
Omeod 250,Wockhardt,Atorvastatin 250 mg,30 tablets,473.57,atorvastatin 250mg,18
Metcap 20,GSK India,Pregabalin (500 mg),6 tablets,359.11,pregabalin 500mg,6
Omeds 1000,Dabur Pharma,Domperidone (200mg),5 ml,309.26,domperidone 200mg,4
Amoxod 10,Pfizer India,omeprazole 10mg,30 tablets,404.09,omeprazole 10mg,14
Panplus 250,GSK India,Ondansetron 500 mg,10 tablets,356.0,ondansetron 500mg,6
Amoxcin 500,Lupin,montelukast 250 mg,10 capsules,365.69,montelukast 250mg,11
Metod 10,Sun Pharma,ranitidine(1000mg),6 tablets,241.04,ranitidine 1000mg,16
Azeeds 10,Hetero Drugs,amoxicillin(400mg),5 ml,413.22,amoxicillin 400mg,8
Cetxr 1000,Novartis India,ibuprofen(20 mg),10 tablets,101.21,ibuprofen 20mg,13
Metsol 1000,Dabur Pharma,Rabeprazole 100 mg,15 tablets,434.73,rabeprazole 100mg,4
Pands 20,Torrent Pharma,domperidone 20 mg,5 ml,540.8,domperidone 20mg,17
Augcin 20,Dabur Pharma,fluoxetine(500mg),10 capsules,107.57,fluoxetine 500mg,4
Mettab 250,Intas Pharma,calcium carbonate(1000mg),5 ml,126.22,calcium carbonate 1000mg,10
Metod 10,Sun Pharma,TRAMADOL-40mg,30 tablets,409.45,tramadol 40mg,16
Pands 40,GSK India,esomeprazole 200mg,6 tablets,535.89,esomeprazole 200mg,6
Brutab 20,Dr Reddy,Domperidone 1000 mg,30 tablets,346.8,domperidone 1000mg,5
Brucap 500,Wockhardt,Levocetirizine 40  mg,15 tablets,201.42,levocetirizine 40mg,18
Metxr 20,Pfizer India,esomeprazole(40 mg),10 tablets,245.56,esomeprazole 40mg,14
Metxr 250,Aurobindo Pharma,Ondansetron (400mg),1 bottle,227.61,ondansetron 400mg,2
Azeeod 250,Sun Pharma,omeprazole 10 mg,10 capsules,14.48,omeprazole 10mg,16
Pancap 1000,Abbott India,Azithromycin (40mg),6 tablets,88.07,azithromycin 40mg,0
Clavforte 500,Himalaya,domperidone 20 mg,1 bottle,515.62,domperidone 20mg,9
Azeexr 250,Dabur Pharma,Ondansetron (500mg),6 tablets,86.76,ondansetron 500mg,4
Amoxod 500,Torrent Pharma,fluoxetine 100mg,5 ml,33.96,fluoxetine 100mg,17
Azeetab 250,Glenmark,calcium carbonate 100mg,15 tablets,338.0,calcium carbonate 100mg,7
Metplus 1000,Hetero Drugs,pregabalin 1000 mg,10 capsules,459.16,pregabalin 1000mg,8
Azeexr 250,Zydus Cadila,Levocetirizine 10 mg,30 tablets,273.01,levocetirizine 10mg,19
Metforte 250,Sun Pharma,Metoprolol 10  mg,15 tablets,224.66,metoprolol 10mg,16
Omexr 10,Pfizer India,Domperidone (250mg),15 tablets,486.91,domperidone 250mg,14
Cetcap 1000,Cipla,clonazepam(20 mg),30 tablets,186.92,clonazepam 20mg,3
Bruplus 40,Torrent Pharma,montelukast(20 mg),10 tablets,449.24,montelukast 20mg,17
Augtab 20,Cipla,levothyroxine(20 mg),30 tablets,560.68,levothyroxine 20mg,3
Amoxxr 20,Aurobindo Pharma,clonazepam(200 mg),1 bottle,135.17,clonazepam 200mg,2
Clavsr 1000,Glenmark,PREGABALIN-400mg,6 tablets,379.3,pregabalin 400mg,7
Cetsol 40,Cipla,Paracetamol 500  mg,5 ml,418.89,paracetamol 500mg,3
Metcap 40,Abbott India,Esomeprazole 10  mg,15 tablets,426.23,esomeprazole 10mg,0
Amoxcin 500,Aurobindo Pharma,amlodipine(5mg),30 tablets,522.2,amlodipine 5mg,2
Clavcap 1000,Aurobindo Pharma,Pantoprazole 1000  mg,10 capsules,105.88,pantoprazole 1000mg,2
Cetcin 500,Glenmark,pantoprazole(400mg),6 tablets,149.07,pantoprazole 400mg,7
Metsol 500,Wockhardt,Losartan (250mg),10 capsules,313.63,losartan 250mg,18
Azeecap 20,Dabur Pharma,Montelukast (40 mg),10 capsules,13.38,montelukast 40mg,4
Dolocap 10,Torrent Pharma,levothyroxine 1000mg,6 tablets,42.09,levothyroxine 1000mg,17
Omecin 250,Novartis India,METHYLCOBALAMIN-1000mg,15 tablets,432.24,methylcobalamin 1000mg,13
Brucap 500,Mankind Pharma,ASPIRIN-5mg,5 ml,299.72,aspirin 5mg,12
Bruplus 40,Cipla,atorvastatin(10 mg),1 bottle,291.06,atorvastatin 10mg,3
Brucin 1000,Cipla,doxycycline 400 mg,15 tablets,371.7,doxycycline 400mg,3
Dolods 500,Wockhardt,Fluoxetine (200mg),1 bottle,261.39,fluoxetine 200mg,18
Pansol 40,Sun Pharma,PARACETAMOL-10mg,5 ml,247.66,paracetamol 10mg,16
Omeplus 20,Wockhardt,rosuvastatin 1000 mg,6 tablets,273.11,rosuvastatin 1000mg,18
Clavod 40,Sanofi India,Vitamin D3 (5mg),15 tablets,294.77,vitamin d3 5mg,15
Azeexr 250,Dabur Pharma,telmisartan 1000mg,6 tablets,356.85,telmisartan 1000mg,4
Metcap 10,Dabur Pharma,levothyroxine 250mg,6 tablets,466.85,levothyroxine 250mg,4
Omecap 250,Torrent Pharma,amlodipine(400mg),1 bottle,100.91,amlodipine 400mg,17
Cetcap 500,Wockhardt,Atorvastatin 40 mg,6 tablets,491.44,atorvastatin 40mg,18
Cetforte 10,Mankind Pharma,montelukast 40 mg,5 ml,431.36,montelukast 40mg,12
Cetsol 10,Sanofi India,atorvastatin(5 mg),15 tablets,319.31,atorvastatin 5mg,15
Azeecin 10,Dr Reddy,clopidogrel 400 mg,1 bottle,420.94,clopidogrel 400mg,5
Augod 20,Aurobindo Pharma,losartan 200 mg,30 tablets,325.6,losartan 200mg,2
Augod 1000,Wockhardt,ibuprofen(250 mg),6 tablets,343.88,ibuprofen 250mg,18
Augcap 500,Dabur Pharma,Gabapentin (400mg),5 ml,241.82,gabapentin 400mg,4
Bruxr 500,Wockhardt,METFORMIN-200mg,10 tablets,12.39,metformin 200mg,18
Dolosr 40,Wockhardt,levothyroxine(20 mg),30 tablets,556.66,levothyroxine 20mg,18
Dolotab 500,Hetero Drugs,Atorvastatin 10  mg,30 tablets,111.67,atorvastatin 10mg,8
Amoxcin 500,Dabur Pharma,atorvastatin(5 mg),1 bottle,482.59,atorvastatin 5mg,4
Metforte 10,Sun Pharma,Levocetirizine 400  mg,10 capsules,521.42,levocetirizine 400mg,16
Amoxplus 500,Cipla,ASPIRIN-10mg,10 capsules,550.45,aspirin 10mg,3
Clavds 500,Cipla,ranitidine 500mg,10 capsules,25.99,ranitidine 500mg,3
Clavxr 40,Himalaya,atorvastatin 5mg,10 tablets,47.2,atorvastatin 5mg,9
Cetds 1000,Torrent Pharma,METHYLCOBALAMIN-40mg,30 tablets,72.83,methylcobalamin 40mg,17
Augsol 1000,Glenmark,clonazepam 250mg,10 tablets,454.08,clonazepam 250mg,7
Brucin 500,Cipla,clopidogrel(200 mg),15 tablets,432.6,clopidogrel 200mg,3
Clavcap 1000,Hetero Drugs,Amoxicillin (400mg),10 capsules,316.19,amoxicillin 400mg,8
Mettab 20,Zydus Cadila,tramadol 5mg,10 tablets,448.51,tramadol 5mg,19
Dolotab 40,Hetero Drugs,Gabapentin 10  mg,10 capsules,190.79,gabapentin 10mg,8
Azeeds 40,Alkem Labs,TELMISARTAN-5mg,10 tablets,84.45,telmisartan 5mg,1
Clavxr 500,Torrent Pharma,clonazepam(1000 mg),10 tablets,152.86,clonazepam 1000mg,17
Clavplus 500,Novartis India,fexofenadine 250mg,1 bottle,279.87,fexofenadine 250mg,13
Panxr 10,Pfizer India,Clonazepam (5mg),15 tablets,115.62,clonazepam 5mg,14
Omesr 20,Sanofi India,Omeprazole (500 mg),5 ml,304.39,omeprazole 500mg,15
Cetsol 40,Zydus Cadila,LEVOCETIRIZINE-20mg,1 bottle,288.46,levocetirizine 20mg,19
Augod 250,Mankind Pharma,VITAMIN D3-250mg,15 tablets,29.26,vitamin d3 250mg,12
Augcin 40,Novartis India,fexofenadine 250 mg,6 tablets,534.03,fexofenadine 250mg,13
Augxr 10,Torrent Pharma,diclofenac 200 mg,10 tablets,193.86,diclofenac 200mg,17
Augsol 10,Cipla,gabapentin(400 mg),5 ml,312.4,gabapentin 400mg,3
Dolods 20,Himalaya,fluoxetine(500mg),30 tablets,459.17,fluoxetine 500mg,9
Cetsol 20,Aurobindo Pharma,Metoprolol 250 mg,10 tablets,244.3,metoprolol 250mg,2
Azeetab 500,Dr Reddy,calcium carbonate 250mg,10 capsules,557.61,calcium carbonate 250mg,5
Pansr 250,Zydus Cadila,rabeprazole(10mg),5 ml,549.92,rabeprazole 10mg,19
Clavcap 500,Cipla,Calcium Carbonate (500mg),1 bottle,292.78,calcium carbonate 500mg,3
Amoxds 40,Abbott India,rabeprazole(400 mg),15 tablets,558.38,rabeprazole 400mg,0
Brusr 1000,Glenmark,TRAMADOL-500mg,10 tablets,280.46,tramadol 500mg,7
Augcin 10,Hetero Drugs,ciprofloxacin 5mg,6 tablets,269.82,ciprofloxacin 5mg,8
Clavsol 20,GSK India,amlodipine(1000mg),10 capsules,170.12,amlodipine 1000mg,6
Ometab 1000,Novartis India,montelukast(500 mg),15 tablets,45.82,montelukast 500mg,13
Pansol 10,Glenmark,CETIRIZINE-20mg,5 ml,325.17,cetirizine 20mg,7
Panod 40,Dr Reddy,ondansetron(400 mg),6 tablets,267.24,ondansetron 400mg,5
Amoxplus 1000,Abbott India,GABAPENTIN-500mg,6 tablets,260.4,gabapentin 500mg,0
Metxr 40,Sun Pharma,sertraline 200 mg,5 ml,514.89,sertraline 200mg,16
Dolosr 500,Zydus Cadila,ATORVASTATIN-10mg,10 capsules,456.96,atorvastatin 10mg,19
Augcap 20,GSK India,azithromycin(500 mg),30 tablets,546.73,azithromycin 500mg,6
Metcin 500,Aurobindo Pharma,ciprofloxacin(10mg),10 capsules,342.44,ciprofloxacin 10mg,2
Amoxtab 10,Abbott India,MONTELUKAST-40mg,15 tablets,513.89,montelukast 40mg,0
Bruxr 250,Abbott India,rosuvastatin(200mg),10 capsules,568.47,rosuvastatin 200mg,0
Omeforte 40,Aurobindo Pharma,rabeprazole 40 mg,15 tablets,382.26,rabeprazole 40mg,2
Omexr 20,Sanofi India,Pantoprazole (40mg),6 tablets,334.67,pantoprazole 40mg,15
Augxr 40,Torrent Pharma,cetirizine 400mg,6 tablets,534.5,cetirizine 400mg,17
Pancap 20,Pfizer India,Pregabalin 5 mg,30 tablets,487.74,pregabalin 5mg,14
Metxr 10,Lupin,VITAMIN D3-1000mg,10 capsules,275.83,vitamin d3 1000mg,11
Cetforte 40,Dr Reddy,Levocetirizine 10  mg,10 tablets,241.34,levocetirizine 10mg,5
Cetplus 1000,Dr Reddy,sertraline(20 mg),30 tablets,490.04,sertraline 20mg,5
Dolotab 10,Abbott India,ZINC SULPHATE-40mg,5 ml,187.99,zinc sulphate 40mg,0
Azeexr 500,Cipla,Montelukast 20 mg,10 tablets,297.85,montelukast 20mg,3
Doloforte 20,Aurobindo Pharma,methylcobalamin 200 mg,10 capsules,456.7,methylcobalamin 200mg,2
Clavcin 250,Dr Reddy,diclofenac 1000 mg,30 tablets,136.07,diclofenac 1000mg,5
Doloforte 250,Mankind Pharma,Pregabalin (250 mg),6 tablets,439.34,pregabalin 250mg,12
Augcap 500,Novartis India,telmisartan 100mg,1 bottle,323.8,telmisartan 100mg,13
Amoxforte 1000,Abbott India,MONTELUKAST-40mg,10 tablets,231.76,montelukast 40mg,0
Dolotab 250,Alkem Labs,sertraline(100mg),15 tablets,162.34,sertraline 100mg,1
Omeds 10,Cipla,clonazepam(500 mg),10 tablets,579.3,clonazepam 500mg,3
Metxr 10,Dr Reddy,Omeprazole (250 mg),30 tablets,324.64,omeprazole 250mg,5
Augtab 250,Dr Reddy,paracetamol(40 mg),10 capsules,372.16,paracetamol 40mg,5
Cetds 10,Alkem Labs,AMOXICILLIN-500mg,10 tablets,525.57,amoxicillin 500mg,1
Amoxtab 250,Zydus Cadila,clopidogrel 250mg,15 tablets,179.25,clopidogrel 250mg,19
Amoxforte 40,Glenmark,Sertraline (500mg),10 tablets,356.58,sertraline 500mg,7
Cetcin 1000,Zydus Cadila,levothyroxine(400mg),15 tablets,231.65,levothyroxine 400mg,19
Metplus 20,Lupin,Zinc Sulphate (500mg),5 ml,189.59,zinc sulphate 500mg,11
Brutab 500,Mankind Pharma,ciprofloxacin 40mg,10 capsules,101.73,ciprofloxacin 40mg,12
Amoxcap 20,Zydus Cadila,levocetirizine 100mg,15 tablets,244.64,levocetirizine 100mg,19
Clavds 10,Mankind Pharma,Diclofenac (10 mg),30 tablets,262.2,diclofenac 10mg,12
Augsr 40,Wockhardt,VITAMIN D3-500mg,5 ml,543.71,vitamin d3 500mg,18
Augsol 1000,Mankind Pharma,methylcobalamin 400 mg,10 capsules,247.62,methylcobalamin 400mg,12
Dolood 250,Hetero Drugs,Ranitidine 1000  mg,5 ml,166.37,ranitidine 1000mg,8
Clavxr 10,Sanofi India,PANTOPRAZOLE-500mg,10 tablets,185.69,pantoprazole 500mg,15
Clavforte 500,Aurobindo Pharma,ESOMEPRAZOLE-400mg,5 ml,178.82,esomeprazole 400mg,2
Metforte 500,Glenmark,Telmisartan 1000  mg,6 tablets,340.23,telmisartan 1000mg,7
Metcap 1000,Novartis India,levocetirizine(20mg),30 tablets,127.91,levocetirizine 20mg,13
Omeforte 10,Zydus Cadila,rabeprazole(40 mg),30 tablets,56.42,rabeprazole 40mg,19
Amoxsol 40,Abbott India,levocetirizine(5mg),30 tablets,177.68,levocetirizine 5mg,0
Omexr 40,Sun Pharma,fexofenadine(400mg),1 bottle,326.73,fexofenadine 400mg,16
Dolosol 40,Wockhardt,Aspirin (400 mg),10 tablets,568.23,aspirin 400mg,18
Metcin 10,Dr Reddy,Alprazolam 5 mg,10 tablets,485.39,alprazolam 5mg,5
Azeeod 10,Lupin,Sertraline (40mg),30 tablets,490.19,sertraline 40mg,11
Amoxod 500,Aurobindo Pharma,IBUPROFEN-400mg,6 tablets,77.75,ibuprofen 400mg,2
Augxr 500,Intas Pharma,ondansetron(5mg),5 ml,199.4,ondansetron 5mg,10
Brusol 500,Intas Pharma,Vitamin d3 40 mg,30 tablets,361.93,vitamin d3 40mg,10
Bruod 1000,Sun Pharma,vitamin d3 200 mg,15 tablets,307.33,vitamin d3 200mg,16
Amoxod 10,Aurobindo Pharma,Azithromycin 40 mg,6 tablets,60.35,azithromycin 40mg,2
Dolosol 20,Abbott India,ibuprofen(10 mg),15 tablets,73.68,ibuprofen 10mg,0
Amoxsol 10,Abbott India,OMEPRAZOLE-5mg,30 tablets,551.24,omeprazole 5mg,0
Panod 20,Lupin,doxycycline(200mg),30 tablets,479.91,doxycycline 200mg,11
Pantab 1000,Dabur Pharma,Atorvastatin 10  mg,15 tablets,545.96,atorvastatin 10mg,4
Pancin 1000,Dr Reddy,glimepiride(200 mg),5 ml,396.45,glimepiride 200mg,5
Omesol 1000,Intas Pharma,ATORVASTATIN-500mg,15 tablets,305.15,atorvastatin 500mg,10
Dolosol 250,Cipla,PREGABALIN-200mg,15 tablets,259.88,pregabalin 200mg,3
Azeexr 250,Lupin,cetirizine(40 mg),15 tablets,55.26,cetirizine 40mg,11
Azeeds 40,Sun Pharma,Amlodipine 100 mg,15 tablets,60.25,amlodipine 100mg,16
Augtab 20,Glenmark,gabapentin 20 mg,15 tablets,134.17,gabapentin 20mg,7
Brusol 20,Intas Pharma,Esomeprazole 40  mg,5 ml,50.47,esomeprazole 40mg,10
Brutab 20,Dabur Pharma,amoxicillin 40 mg,10 tablets,599.26,amoxicillin 40mg,4
Bruds 1000,Aurobindo Pharma,CALCIUM CARBONATE-10mg,10 tablets,489.98,calcium carbonate 10mg,2
Cetforte 1000,Dr Reddy,ranitidine 40 mg,10 tablets,296.04,ranitidine 40mg,5
Clavplus 20,Dabur Pharma,tramadol(200 mg),6 tablets,319.22,tramadol 200mg,4
Metcin 250,Himalaya,calcium carbonate(100mg),10 capsules,226.59,calcium carbonate 100mg,9
Brusol 1000,Hetero Drugs,Clopidogrel 10  mg,6 tablets,223.52,clopidogrel 10mg,8
Bruxr 500,Pfizer India,Ranitidine (20 mg),15 tablets,458.17,ranitidine 20mg,14
Pantab 1000,GSK India,Losartan (1000 mg),10 tablets,516.54,losartan 1000mg,6
Brucap 1000,Sanofi India,Ciprofloxacin 250 mg,6 tablets,31.99,ciprofloxacin 250mg,15
Azeeod 250,Wockhardt,Cetirizine (250mg),1 bottle,406.01,cetirizine 250mg,18
Pansr 10,Novartis India,CETIRIZINE-40mg,15 tablets,107.75,cetirizine 40mg,13
Clavtab 500,Torrent Pharma,omeprazole(500mg),1 bottle,228.83,omeprazole 500mg,17
Dolosr 500,Glenmark,Aspirin (500 mg),15 tablets,105.52,aspirin 500mg,7
Dolosr 20,Lupin,paracetamol 10 mg,6 tablets,588.48,paracetamol 10mg,11
Omecin 1000,Novartis India,ASPIRIN-250mg,10 tablets,68.58,aspirin 250mg,13
Dolocap 20,Dr Reddy,clopidogrel 400mg,10 capsules,458.48,clopidogrel 400mg,5
Panxr 500,Dabur Pharma,omeprazole(5 mg),15 tablets,455.56,omeprazole 5mg,4
Omecap 250,Novartis India,Ibuprofen 400 mg,10 capsules,139.38,ibuprofen 400mg,13
Clavcin 1000,Aurobindo Pharma,DICLOFENAC-200mg,10 capsules,490.08,diclofenac 200mg,2
Amoxforte 500,Cipla,levocetirizine(10 mg),6 tablets,315.73,levocetirizine 10mg,3
Brusr 500,Aurobindo Pharma,Rabeprazole (1000mg),30 tablets,146.25,rabeprazole 1000mg,2
Augxr 250,Glenmark,Amoxicillin 1000 mg,15 tablets,556.45,amoxicillin 1000mg,7
Dolosol 40,Cipla,montelukast(200 mg),15 tablets,20.13,montelukast 200mg,3
Amoxplus 10,Aurobindo Pharma,ondansetron(40mg),30 tablets,466.13,ondansetron 40mg,2
Cetsol 40,Intas Pharma,levothyroxine(250mg),6 tablets,91.38,levothyroxine 250mg,10
Augcap 1000,Torrent Pharma,Alprazolam (250mg),10 tablets,73.48,alprazolam 250mg,17
Cetplus 500,Aurobindo Pharma,ranitidine(40 mg),10 tablets,226.4,ranitidine 40mg,2
Dolood 1000,Dabur Pharma,DOXYCYCLINE-400mg,5 ml,220.43,doxycycline 400mg,4
Metcin 1000,Sanofi India,LEVOTHYROXINE-400mg,1 bottle,19.99,levothyroxine 400mg,15
Augcap 250,Dabur Pharma,ondansetron(40mg),10 tablets,295.34,ondansetron 40mg,4
Augds 500,Dr Reddy,amlodipine 250mg,1 bottle,543.86,amlodipine 250mg,5
Augcin 10,Dabur Pharma,Ranitidine 1000  mg,15 tablets,139.0,ranitidine 1000mg,4
Cetds 250,Abbott India,Amoxicillin (5mg),10 capsules,186.83,amoxicillin 5mg,0
Omeod 250,Cipla,PARACETAMOL-40mg,1 bottle,70.9,paracetamol 40mg,3
Omeod 250,Dabur Pharma,Esomeprazole 400 mg,1 bottle,9.22,esomeprazole 400mg,4
Cetcap 1000,Lupin,Vitamin d3 250  mg,1 bottle,230.93,vitamin d3 250mg,11
Clavplus 250,Hetero Drugs,fluoxetine(1000mg),30 tablets,438.44,fluoxetine 1000mg,8
Dolosol 500,Intas Pharma,Metoprolol (400mg),5 ml,447.8,metoprolol 400mg,10
Doloxr 1000,Dr Reddy,tramadol(20 mg),30 tablets,269.13,tramadol 20mg,5
Dolosol 40,Intas Pharma,paracetamol(10mg),5 ml,371.65,paracetamol 10mg,10
Bruforte 250,Wockhardt,Diclofenac 40  mg,6 tablets,212.0,diclofenac 40mg,18
Clavcap 20,Sun Pharma,LEVOCETIRIZINE-1000mg,5 ml,59.23,levocetirizine 1000mg,16
Clavcin 500,Dr Reddy,Pregabalin 500 mg,5 ml,86.17,pregabalin 500mg,5
Augxr 500,Sun Pharma,Sertraline 400  mg,1 bottle,206.5,sertraline 400mg,16
Cettab 500,Hetero Drugs,fluoxetine(10mg),10 capsules,232.1,fluoxetine 10mg,8
Ometab 1000,Abbott India,Alprazolam 500  mg,1 bottle,508.72,alprazolam 500mg,0
Dolosol 20,Pfizer India,AMOXICILLIN-250mg,5 ml,453.39,amoxicillin 250mg,14
Bruforte 20,Zydus Cadila,ASPIRIN-1000mg,30 tablets,397.95,aspirin 1000mg,19
Azeeplus 250,GSK India,ZINC SULPHATE-5mg,5 ml,298.61,zinc sulphate 5mg,6
Dolosol 20,Himalaya,fluoxetine 10 mg,10 tablets,90.56,fluoxetine 10mg,9
Bruxr 1000,Mankind Pharma,ibuprofen 1000 mg,6 tablets,116.92,ibuprofen 1000mg,12
Cetplus 1000,Zydus Cadila,Ciprofloxacin (500 mg),1 bottle,566.3,ciprofloxacin 500mg,19
Bruod 10,Aurobindo Pharma,aspirin 40 mg,30 tablets,586.64,aspirin 40mg,2
Clavcap 20,Sun Pharma,levocetirizine 20mg,1 bottle,255.93,levocetirizine 20mg,16
Cetsr 10,Wockhardt,Azithromycin (20mg),5 ml,428.89,azithromycin 20mg,18
Metplus 40,Pfizer India,levothyroxine(250mg),10 capsules,527.38,levothyroxine 250mg,14
Dolocin 500,Wockhardt,methylcobalamin 10mg,5 ml,95.23,methylcobalamin 10mg,18
Augod 10,Intas Pharma,Tramadol (400 mg),30 tablets,515.92,tramadol 400mg,10
Metsol 40,Pfizer India,Clonazepam (100mg),10 tablets,369.69,clonazepam 100mg,14
Cetcin 20,Alkem Labs,PREGABALIN-20mg,1 bottle,421.64,pregabalin 20mg,1
Brusol 10,Pfizer India,Ondansetron 40  mg,10 tablets,381.04,ondansetron 40mg,14
Omecap 500,Sun Pharma,CLONAZEPAM-10mg,10 tablets,24.02,clonazepam 10mg,16
Bruplus 20,Torrent Pharma,clonazepam(100mg),15 tablets,128.5,clonazepam 100mg,17
Azeecap 40,Sun Pharma,Diclofenac 200  mg,5 ml,327.83,diclofenac 200mg,16
Doloplus 20,Sun Pharma,Omeprazole 5 mg,5 ml,551.07,omeprazole 5mg,16
Omeod 500,Dabur Pharma,domperidone 20mg,30 tablets,229.53,domperidone 20mg,4
Brutab 10,Glenmark,Paracetamol (1000mg),30 tablets,212.23,paracetamol 1000mg,7
Azeeod 40,Alkem Labs,Metformin (400 mg),10 capsules,456.34,metformin 400mg,1
Mettab 1000,Cipla,atorvastatin 500mg,30 tablets,248.15,atorvastatin 500mg,3
Omeplus 20,Sanofi India,DOXYCYCLINE-250mg,6 tablets,390.27,doxycycline 250mg,15
Clavcin 250,Alkem Labs,Rosuvastatin (5 mg),10 tablets,553.93,rosuvastatin 5mg,1
Augds 1000,GSK India,Glimepiride (20 mg),5 ml,29.37,glimepiride 20mg,6
Azeeds 40,Aurobindo Pharma,Metoprolol (20 mg),10 capsules,424.34,metoprolol 20mg,2
Bruds 10,Sanofi India,omeprazole 10mg,1 bottle,74.79,omeprazole 10mg,15
Azeesol 40,Himalaya,rabeprazole 20 mg,6 tablets,125.93,rabeprazole 20mg,9
Metforte 500,Glenmark,Amoxicillin (250 mg),10 capsules,159.31,amoxicillin 250mg,7
Cetds 1000,Pfizer India,rosuvastatin 10 mg,6 tablets,154.17,rosuvastatin 10mg,14
Cetxr 10,Mankind Pharma,vitamin d3(200 mg),30 tablets,398.4,vitamin d3 200mg,12
Dolods 1000,Cipla,sertraline(250 mg),10 tablets,557.99,sertraline 250mg,3
Azeeforte 500,Sun Pharma,DOXYCYCLINE-250mg,15 tablets,101.29,doxycycline 250mg,16
Metplus 1000,Novartis India,rabeprazole(10 mg),5 ml,49.22,rabeprazole 10mg,13
Clavsr 500,Sun Pharma,GABAPENTIN-20mg,10 capsules,532.51,gabapentin 20mg,16
Augsr 10,GSK India,CIPROFLOXACIN-400mg,5 ml,552.55,ciprofloxacin 400mg,6
Augds 10,Glenmark,ALPRAZOLAM-100mg,15 tablets,125.46,alprazolam 100mg,7
Cetplus 500,Dr Reddy,DICLOFENAC-1000mg,10 tablets,122.53,diclofenac 1000mg,5
Omeod 40,Pfizer India,Metformin 500  mg,1 bottle,542.75,metformin 500mg,14
Clavxr 1000,Aurobindo Pharma,Vitamin D3 (40 mg),30 tablets,464.95,vitamin d3 40mg,2
Amoxcap 40,Mankind Pharma,ZINC SULPHATE-500mg,5 ml,232.88,zinc sulphate 500mg,12
Omeod 250,Zydus Cadila,TRAMADOL-5mg,5 ml,458.06,tramadol 5mg,19
Omeforte 250,Himalaya,Azithromycin 250  mg,10 tablets,449.17,azithromycin 250mg,9
Pancap 10,Sun Pharma,Metoprolol (10 mg),10 capsules,214.4,metoprolol 10mg,16
Azeesol 500,Dabur Pharma,losartan 20 mg,1 bottle,196.64,losartan 20mg,4
Omeplus 20,Dabur Pharma,Rosuvastatin (40 mg),15 tablets,246.53,rosuvastatin 40mg,4
Bruxr 1000,Zydus Cadila,Doxycycline 1000 mg,5 ml,94.58,doxycycline 1000mg,19
Augcap 1000,Himalaya,gabapentin 250 mg,15 tablets,9.55,gabapentin 250mg,9
Doloplus 500,Novartis India,Omeprazole (200 mg),5 ml,495.75,omeprazole 200mg,13
Brusol 10,Abbott India,DOMPERIDONE-500mg,30 tablets,362.18,domperidone 500mg,0
Panod 250,Cipla,Paracetamol (1000mg),6 tablets,319.58,paracetamol 1000mg,3
Panplus 20,Lupin,pregabalin(20 mg),6 tablets,580.57,pregabalin 20mg,11
Augxr 10,Abbott India,ciprofloxacin 500mg,6 tablets,60.4,ciprofloxacin 500mg,0
Cetxr 20,Dr Reddy,gabapentin(250mg),15 tablets,47.53,gabapentin 250mg,5
Augcin 1000,Torrent Pharma,Methylcobalamin 100 mg,5 ml,547.53,methylcobalamin 100mg,17
Metcin 20,Novartis India,omeprazole 500mg,15 tablets,264.13,omeprazole 500mg,13
Azeeod 250,Zydus Cadila,zinc sulphate 5 mg,10 tablets,450.22,zinc sulphate 5mg,19
Pantab 10,Hetero Drugs,Ciprofloxacin 40  mg,6 tablets,488.88,ciprofloxacin 40mg,8
Cetds 20,GSK India,Cetirizine 5  mg,1 bottle,487.81,cetirizine 5mg,6
Omexr 40,Hetero Drugs,fexofenadine(400 mg),10 tablets,103.59,fexofenadine 400mg,8
Augds 40,Wockhardt,Pantoprazole 40 mg,1 bottle,312.81,pantoprazole 40mg,18
Dolocap 500,Aurobindo Pharma,Diclofenac (1000 mg),5 ml,333.78,diclofenac 1000mg,2
Clavsol 1000,Intas Pharma,Gabapentin 250 mg,10 capsules,342.84,gabapentin 250mg,10
Dolocin 250,Novartis India,domperidone 400 mg,10 tablets,551.73,domperidone 400mg,13
Azeeod 500,Glenmark,Diclofenac 10 mg,1 bottle,346.42,diclofenac 10mg,7
Azeesr 250,Dr Reddy,rosuvastatin 1000 mg,10 capsules,391.79,rosuvastatin 1000mg,5
Pancin 40,Hetero Drugs,Fexofenadine (500mg),5 ml,365.25,fexofenadine 500mg,8
Pantab 250,Himalaya,CIPROFLOXACIN-250mg,15 tablets,440.8,ciprofloxacin 250mg,9
Metsol 10,Mankind Pharma,CALCIUM CARBONATE-500mg,15 tablets,366.0,calcium carbonate 500mg,12
Augsol 250,Cipla,IBUPROFEN-1000mg,10 tablets,564.73,ibuprofen 1000mg,3
Clavsr 1000,Torrent Pharma,RABEPRAZOLE-10mg,6 tablets,149.62,rabeprazole 10mg,17
Omeplus 1000,GSK India,glimepiride 250mg,5 ml,239.49,glimepiride 250mg,6
Bruds 10,Cipla,levocetirizine 40 mg,6 tablets,475.08,levocetirizine 40mg,3
Omeplus 10,Glenmark,esomeprazole 400mg,6 tablets,395.95,esomeprazole 400mg,7
Amoxds 500,Alkem Labs,levocetirizine(500 mg),6 tablets,473.64,levocetirizine 500mg,1
Brusr 500,Mankind Pharma,Rosuvastatin 400  mg,5 ml,265.03,rosuvastatin 400mg,12
Bruod 20,Mankind Pharma,ALPRAZOLAM-100mg,5 ml,137.32,alprazolam 100mg,12
Azeecin 1000,Glenmark,aspirin(10 mg),5 ml,22.08,aspirin 10mg,7
Clavsol 20,Mankind Pharma,tramadol 5mg,5 ml,35.04,tramadol 5mg,12
Omeforte 250,Novartis India,levocetirizine 20mg,30 tablets,408.54,levocetirizine 20mg,13
Omeplus 500,Mankind Pharma,Montelukast (250 mg),10 capsules,211.3,montelukast 250mg,12
Augod 1000,Abbott India,TRAMADOL-200mg,5 ml,119.35,tramadol 200mg,0
Dolood 250,Abbott India,CETIRIZINE-10mg,6 tablets,170.66,cetirizine 10mg,0
Bruxr 500,Zydus Cadila,ranitidine 20 mg,10 capsules,485.23,ranitidine 20mg,19
Metds 40,Abbott India,Clonazepam 500  mg,10 capsules,408.72,clonazepam 500mg,0
Clavtab 20,Cipla,Omeprazole 200 mg,5 ml,145.43,omeprazole 200mg,3
Metsr 40,Glenmark,montelukast 500 mg,5 ml,26.5,montelukast 500mg,7
Metsol 10,Wockhardt,Ranitidine (400 mg),1 bottle,156.11,ranitidine 400mg,18
Cetxr 1000,Hetero Drugs,Omeprazole 250  mg,1 bottle,530.72,omeprazole 250mg,8
Augxr 500,Lupin,alprazolam(200mg),10 capsules,16.36,alprazolam 200mg,11
Brusol 250,Dabur Pharma,Methylcobalamin (400mg),5 ml,475.74,methylcobalamin 400mg,4
Amoxforte 250,GSK India,Clopidogrel 1000 mg,10 tablets,429.67,clopidogrel 1000mg,6
Mettab 500,Wockhardt,GABAPENTIN-20mg,1 bottle,571.74,gabapentin 20mg,18
Azeeforte 250,Cipla,clonazepam(400 mg),30 tablets,397.28,clonazepam 400mg,3
Pancap 20,Intas Pharma,Esomeprazole 400 mg,30 tablets,112.02,esomeprazole 400mg,10
Dolosr 10,Hetero Drugs,Losartan 20 mg,5 ml,284.2,losartan 20mg,8
Amoxplus 500,Sun Pharma,clopidogrel(100mg),6 tablets,538.02,clopidogrel 100mg,16
Mettab 250,Dabur Pharma,Montelukast 400 mg,30 tablets,413.92,montelukast 400mg,4
Omeforte 250,Lupin,Vitamin d3 40  mg,6 tablets,249.54,vitamin d3 40mg,11
Omesr 500,Glenmark,Tramadol 20 mg,5 ml,515.48,tramadol 20mg,7
Metod 500,Sanofi India,Metoprolol (1000mg),1 bottle,100.78,metoprolol 1000mg,15
Pansr 40,Pfizer India,amlodipine(200 mg),1 bottle,180.87,amlodipine 200mg,14
Azeeod 250,Novartis India,RABEPRAZOLE-5mg,1 bottle,533.14,rabeprazole 5mg,13
Metplus 10,Dabur Pharma,Metformin (200mg),5 ml,413.43,metformin 200mg,4
Bruds 20,Abbott India,ATORVASTATIN-400mg,5 ml,64.98,atorvastatin 400mg,0
Panforte 250,Mankind Pharma,Pregabalin 20 mg,10 tablets,152.26,pregabalin 20mg,12
Omesol 20,Zydus Cadila,GABAPENTIN-100mg,10 tablets,397.26,gabapentin 100mg,19
Omexr 20,Alkem Labs,ranitidine(500mg),6 tablets,79.96,ranitidine 500mg,1
Omesr 500,Novartis India,LEVOCETIRIZINE-250mg,10 capsules,445.06,levocetirizine 250mg,13
Augcap 250,GSK India,alprazolam 200 mg,1 bottle,33.3,alprazolam 200mg,6
Omexr 500,Sun Pharma,Cetirizine 500 mg,1 bottle,167.24,cetirizine 500mg,16
Augcin 20,Mankind Pharma,Gabapentin (250 mg),15 tablets,227.82,gabapentin 250mg,12
Amoxforte 1000,Torrent Pharma,vitamin d3(1000mg),5 ml,561.37,vitamin d3 1000mg,17
Omeod 500,Glenmark,zinc sulphate 1000 mg,1 bottle,276.48,zinc sulphate 1000mg,7
Cetxr 500,Sanofi India,diclofenac(10mg),1 bottle,354.12,diclofenac 10mg,15
Panforte 1000,Novartis India,Ondansetron 1000  mg,15 tablets,300.7,ondansetron 1000mg,13
Cetsol 40,Cipla,clonazepam 40 mg,15 tablets,395.92,clonazepam 40mg,3
Bruxr 500,Intas Pharma,rabeprazole 1000mg,5 ml,300.59,rabeprazole 1000mg,10
Omeplus 500,Pfizer India,Glimepiride (10mg),1 bottle,378.72,glimepiride 10mg,14
Azeexr 500,Dabur Pharma,Alprazolam (400mg),1 bottle,533.21,alprazolam 400mg,4
Panplus 20,Abbott India,rabeprazole(400 mg),10 tablets,138.17,rabeprazole 400mg,0
Dolood 500,Dr Reddy,CIPROFLOXACIN-1000mg,5 ml,450.12,ciprofloxacin 1000mg,5
Bruforte 20,GSK India,CALCIUM CARBONATE-10mg,10 tablets,140.05,calcium carbonate 10mg,6
Omeds 10,Himalaya,METFORMIN-1000mg,10 tablets,108.84,metformin 1000mg,9
Azeetab 10,Sun Pharma,AZITHROMYCIN-5mg,10 tablets,420.34,azithromycin 5mg,16
Clavds 40,Pfizer India,metformin 40 mg,10 capsules,157.21,metformin 40mg,14
Dolocap 500,Dabur Pharma,vitamin d3(20 mg),10 tablets,71.02,vitamin d3 20mg,4
Omeds 20,Hetero Drugs,Levocetirizine 250  mg,10 capsules,324.45,levocetirizine 250mg,8
Doloxr 500,GSK India,Paracetamol (10 mg),15 tablets,64.07,paracetamol 10mg,6
Cetxr 250,Hetero Drugs,pantoprazole 20 mg,1 bottle,255.78,pantoprazole 20mg,8
Clavsol 20,Dr Reddy,fluoxetine(400 mg),10 tablets,512.94,fluoxetine 400mg,5
Cettab 10,Hetero Drugs,Atorvastatin 10  mg,15 tablets,139.31,atorvastatin 10mg,8
Azeeforte 1000,GSK India,Azithromycin (400mg),10 capsules,350.41,azithromycin 400mg,6
Cetod 1000,GSK India,CALCIUM CARBONATE-500mg,6 tablets,451.84,calcium carbonate 500mg,6
Metod 20,Wockhardt,alprazolam 400mg,5 ml,332.51,alprazolam 400mg,18
Doloforte 250,Zydus Cadila,telmisartan(5mg),15 tablets,267.26,telmisartan 5mg,19
Amoxsr 10,Dr Reddy,ranitidine(250 mg),6 tablets,539.63,ranitidine 250mg,5
Azeexr 500,Cipla,Ranitidine 5 mg,10 tablets,346.3,ranitidine 5mg,3
Azeeforte 20,Dabur Pharma,Aspirin 250 mg,1 bottle,35.32,aspirin 250mg,4
Cetplus 40,Novartis India,montelukast(500 mg),1 bottle,27.01,montelukast 500mg,13
Metforte 40,GSK India,Ranitidine 10 mg,6 tablets,567.86,ranitidine 10mg,6
Clavsr 500,Alkem Labs,Alprazolam (1000mg),15 tablets,561.11,alprazolam 1000mg,1
Amoxcin 40,Abbott India,Amlodipine 10 mg,6 tablets,552.57,amlodipine 10mg,0
Metcin 10,Dabur Pharma,Pantoprazole (200mg),10 capsules,406.84,pantoprazole 200mg,4
Azeetab 40,Sun Pharma,fexofenadine 250 mg,10 tablets,476.21,fexofenadine 250mg,16
Amoxsol 1000,Sun Pharma,PREGABALIN-200mg,15 tablets,12.34,pregabalin 200mg,16
Dolosol 20,Intas Pharma,Methylcobalamin (100mg),1 bottle,327.18,methylcobalamin 100mg,10
Cetplus 1000,Intas Pharma,tramadol 500mg,5 ml,594.15,tramadol 500mg,10
Omecin 40,Dr Reddy,Alprazolam 40 mg,6 tablets,126.18,alprazolam 40mg,5
Cetsol 10,Mankind Pharma,ranitidine(200 mg),10 tablets,234.28,ranitidine 200mg,12
Metsol 20,Himalaya,FEXOFENADINE-40mg,30 tablets,235.16,fexofenadine 40mg,9
Panod 500,Dabur Pharma,ATORVASTATIN-400mg,6 tablets,471.8,atorvastatin 400mg,4
Cetds 40,Aurobindo Pharma,Metoprolol (100mg),1 bottle,119.19,metoprolol 100mg,2
Metplus 500,Dabur Pharma,montelukast(5 mg),15 tablets,287.8,montelukast 5mg,4
Pands 10,Dabur Pharma,Clonazepam 1000  mg,30 tablets,467.42,clonazepam 1000mg,4
Dolocap 20,Sun Pharma,telmisartan 5mg,10 capsules,383.09,telmisartan 5mg,16
Clavxr 20,Sun Pharma,Esomeprazole 200 mg,15 tablets,525.19,esomeprazole 200mg,16
Panplus 10,Aurobindo Pharma,Levothyroxine 10 mg,30 tablets,81.76,levothyroxine 10mg,2
Cetds 20,Glenmark,amoxicillin(200 mg),30 tablets,570.13,amoxicillin 200mg,7
Brusr 20,Sanofi India,Glimepiride 1000  mg,1 bottle,327.03,glimepiride 1000mg,15
Bruod 250,Sun Pharma,Levocetirizine 10 mg,5 ml,58.32,levocetirizine 10mg,16
Azeeplus 40,Alkem Labs,Omeprazole (1000mg),5 ml,559.95,omeprazole 1000mg,1
Dolocin 40,Wockhardt,Sertraline 500  mg,6 tablets,208.51,sertraline 500mg,18
Amoxplus 20,GSK India,Ibuprofen 10 mg,6 tablets,533.0,ibuprofen 10mg,6
Azeeforte 250,Wockhardt,doxycycline(500 mg),10 capsules,530.7,doxycycline 500mg,18
Augds 20,Wockhardt,losartan(40mg),10 tablets,107.35,losartan 40mg,18
Metds 1000,Glenmark,MONTELUKAST-500mg,10 tablets,523.81,montelukast 500mg,7
Omexr 500,Sanofi India,ranitidine 1000 mg,5 ml,314.24,ranitidine 1000mg,15
Dolods 1000,Aurobindo Pharma,Levocetirizine (400 mg),15 tablets,138.67,levocetirizine 400mg,2
Bruod 1000,Novartis India,Omeprazole 20 mg,10 capsules,57.76,omeprazole 20mg,13
Augsr 1000,Hetero Drugs,paracetamol(100mg),15 tablets,318.32,paracetamol 100mg,8
Pansol 40,Wockhardt,doxycycline 1000 mg,15 tablets,258.1,doxycycline 1000mg,18
Clavxr 40,Sanofi India,Doxycycline 200 mg,5 ml,445.34,doxycycline 200mg,15
Augxr 250,Abbott India,ATORVASTATIN-20mg,30 tablets,290.25,atorvastatin 20mg,0
Amoxforte 10,Pfizer India,Diclofenac (400mg),30 tablets,281.24,diclofenac 400mg,14
Azeeforte 40,Aurobindo Pharma,AMLODIPINE-1000mg,1 bottle,32.35,amlodipine 1000mg,2
Augforte 20,Torrent Pharma,Calcium carbonate 40  mg,5 ml,169.39,calcium carbonate 40mg,17
Dolosol 10,Zydus Cadila,glimepiride 5 mg,10 capsules,451.94,glimepiride 5mg,19
Bruds 10,Aurobindo Pharma,Ibuprofen 400 mg,1 bottle,174.58,ibuprofen 400mg,2
Amoxod 10,Hetero Drugs,Sertraline 10  mg,10 tablets,215.63,sertraline 10mg,8
Dolods 500,Hetero Drugs,Telmisartan 500 mg,1 bottle,151.36,telmisartan 500mg,8
Metforte 500,Wockhardt,aspirin 5 mg,30 tablets,548.96,aspirin 5mg,18
Panplus 10,Sun Pharma,Levocetirizine (10 mg),5 ml,25.11,levocetirizine 10mg,16
Doloxr 250,Intas Pharma,ATORVASTATIN-500mg,10 capsules,54.57,atorvastatin 500mg,10
Omeds 250,Glenmark,Methylcobalamin 200  mg,10 tablets,412.25,methylcobalamin 200mg,7
Amoxplus 10,Wockhardt,Diclofenac 200 mg,10 tablets,273.62,diclofenac 200mg,18
Augod 10,Sun Pharma,Levocetirizine 5  mg,30 tablets,244.74,levocetirizine 5mg,16
Dolocap 1000,Dabur Pharma,RABEPRAZOLE-400mg,10 tablets,247.24,rabeprazole 400mg,4
Cetsol 40,Dr Reddy,ibuprofen(5 mg),30 tablets,145.08,ibuprofen 5mg,5
Panforte 1000,Intas Pharma,Ranitidine 40  mg,5 ml,504.2,ranitidine 40mg,10
Panforte 250,Dr Reddy,FEXOFENADINE-40mg,30 tablets,136.04,fexofenadine 40mg,5
Metsol 20,Intas Pharma,Amoxicillin 100 mg,1 bottle,357.74,amoxicillin 100mg,10
Amoxplus 500,Torrent Pharma,ALPRAZOLAM-250mg,1 bottle,9.58,alprazolam 250mg,17
Azeesr 40,Abbott India,CETIRIZINE-250mg,5 ml,141.59,cetirizine 250mg,0
Amoxtab 500,GSK India,levocetirizine 10 mg,1 bottle,61.38,levocetirizine 10mg,6
Azeeforte 500,Zydus Cadila,Alprazolam (5mg),30 tablets,166.38,alprazolam 5mg,19
Clavds 20,Hetero Drugs,Levothyroxine (400 mg),15 tablets,223.89,levothyroxine 400mg,8
Clavcin 20,Dabur Pharma,pregabalin 250 mg,5 ml,317.33,pregabalin 250mg,4
Dolods 250,Aurobindo Pharma,atorvastatin(40mg),30 tablets,231.06,atorvastatin 40mg,2
Metplus 20,Lupin,DOXYCYCLINE-400mg,10 capsules,459.23,doxycycline 400mg,11
Amoxxr 500,Novartis India,AMOXICILLIN-500mg,10 tablets,161.4,amoxicillin 500mg,13
Clavforte 20,Lupin,RANITIDINE-100mg,6 tablets,282.28,ranitidine 100mg,11
Azeeforte 500,Mankind Pharma,Metformin (200 mg),10 tablets,287.53,metformin 200mg,12
Mettab 1000,Dr Reddy,Omeprazole 100 mg,15 tablets,530.53,omeprazole 100mg,5
Metcin 1000,Abbott India,metformin 1000mg,10 tablets,183.72,metformin 1000mg,0
Clavds 1000,Wockhardt,cetirizine(500mg),30 tablets,400.88,cetirizine 500mg,18
Omeds 40,Glenmark,fexofenadine 400mg,30 tablets,584.46,fexofenadine 400mg,7
Bruplus 40,Zydus Cadila,levocetirizine 200mg,10 tablets,56.56,levocetirizine 200mg,19
Omexr 20,Torrent Pharma,CLONAZEPAM-20mg,15 tablets,91.71,clonazepam 20mg,17
Brucap 40,Hetero Drugs,Metoprolol 1000 mg,6 tablets,471.04,metoprolol 1000mg,8
Amoxsr 20,Sanofi India,Rabeprazole (20mg),15 tablets,481.38,rabeprazole 20mg,15
Dolosr 500,Abbott India,paracetamol(500 mg),15 tablets,457.96,paracetamol 500mg,0
Augplus 20,Sun Pharma,DOMPERIDONE-40mg,10 tablets,209.04,domperidone 40mg,16
Clavforte 250,Lupin,Domperidone 400  mg,15 tablets,182.78,domperidone 400mg,11
Cetds 10,Sun Pharma,amoxicillin(250 mg),6 tablets,17.43,amoxicillin 250mg,16
Bruforte 1000,Torrent Pharma,IBUPROFEN-40mg,10 tablets,532.75,ibuprofen 40mg,17
Amoxtab 40,Himalaya,Ondansetron (250 mg),10 tablets,305.58,ondansetron 250mg,9
Omexr 1000,Alkem Labs,fexofenadine 1000 mg,10 tablets,379.19,fexofenadine 1000mg,1
Azeeds 10,GSK India,ciprofloxacin(5 mg),10 capsules,438.98,ciprofloxacin 5mg,6
Panxr 40,Alkem Labs,Zinc Sulphate (400mg),1 bottle,83.76,zinc sulphate 400mg,1
Brucin 1000,Alkem Labs,Ibuprofen (1000mg),10 capsules,293.34,ibuprofen 1000mg,1
Metds 250,Dabur Pharma,diclofenac(1000mg),10 tablets,130.73,diclofenac 1000mg,4
Metds 500,Glenmark,losartan(5 mg),6 tablets,570.84,losartan 5mg,7
Clavcin 1000,Pfizer India,vitamin d3 10mg,5 ml,146.15,vitamin d3 10mg,14
Metcin 20,Wockhardt,Vitamin D3 (500 mg),1 bottle,204.18,vitamin d3 500mg,18
Azeeds 10,Novartis India,Ondansetron (40 mg),30 tablets,490.3,ondansetron 40mg,13
Dolods 40,Himalaya,CLOPIDOGREL-1000mg,15 tablets,117.86,clopidogrel 1000mg,9
Amoxxr 10,Wockhardt,alprazolam 5 mg,10 capsules,544.74,alprazolam 5mg,18
Azeesol 10,Glenmark,zinc sulphate 1000 mg,5 ml,584.35,zinc sulphate 1000mg,7
Metforte 40,Zydus Cadila,methylcobalamin 40 mg,10 tablets,126.79,methylcobalamin 40mg,19
Clavsr 1000,Mankind Pharma,rosuvastatin(250 mg),10 capsules,326.17,rosuvastatin 250mg,12
Cetxr 10,Aurobindo Pharma,atorvastatin(100mg),6 tablets,199.35,atorvastatin 100mg,2
Metplus 20,Torrent Pharma,Azithromycin 40  mg,30 tablets,248.51,azithromycin 40mg,17
Brusr 20,Lupin,rosuvastatin 10 mg,10 capsules,362.52,rosuvastatin 10mg,11
Azeecap 250,Hetero Drugs,METFORMIN-200mg,6 tablets,502.36,metformin 200mg,8
Cetcap 1000,Himalaya,amoxicillin 1000mg,1 bottle,93.59,amoxicillin 1000mg,9
Bruxr 20,Mankind Pharma,doxycycline(100mg),1 bottle,36.9,doxycycline 100mg,12
Azeexr 10,Abbott India,Clopidogrel 400 mg,30 tablets,592.16,clopidogrel 400mg,0
Dolosol 20,Wockhardt,levothyroxine 200mg,10 tablets,99.31,levothyroxine 200mg,18
Cetsr 500,Aurobindo Pharma,fexofenadine 40 mg,6 tablets,36.46,fexofenadine 40mg,2
Cetds 1000,Lupin,Montelukast (200 mg),10 capsules,249.99,montelukast 200mg,11
Omeforte 1000,Cipla,metoprolol 5 mg,15 tablets,435.81,metoprolol 5mg,3
Augsr 1000,Sun Pharma,DOXYCYCLINE-400mg,6 tablets,525.85,doxycycline 400mg,16
Metod 1000,Wockhardt,PANTOPRAZOLE-1000mg,30 tablets,243.42,pantoprazole 1000mg,18
Pansr 1000,Novartis India,Ondansetron 250 mg,10 capsules,56.65,ondansetron 250mg,13
Augsr 1000,Sanofi India,methylcobalamin(10mg),10 tablets,227.23,methylcobalamin 10mg,15
Cetforte 500,Intas Pharma,Telmisartan (100mg),10 capsules,405.93,telmisartan 100mg,10
Dolood 10,Abbott India,gabapentin(40mg),10 capsules,169.09,gabapentin 40mg,0
Doloforte 1000,GSK India,Levothyroxine (200 mg),10 tablets,437.37,levothyroxine 200mg,6
Augsr 250,Wockhardt,DOXYCYCLINE-100mg,10 capsules,207.08,doxycycline 100mg,18
Clavcin 10,Torrent Pharma,metoprolol(250mg),5 ml,247.71,metoprolol 250mg,17
Augsr 250,Hetero Drugs,AZITHROMYCIN-500mg,10 capsules,596.51,azithromycin 500mg,8
Metplus 20,Pfizer India,Clopidogrel 200 mg,5 ml,576.88,clopidogrel 200mg,14
Doloforte 10,Zydus Cadila,Losartan 400  mg,15 tablets,577.46,losartan 400mg,19
Omexr 20,GSK India,ciprofloxacin 250 mg,30 tablets,202.65,ciprofloxacin 250mg,6
Augforte 20,Dabur Pharma,Vitamin d3 500  mg,30 tablets,65.85,vitamin d3 500mg,4
Cetsol 500,Alkem Labs,Clonazepam (200mg),1 bottle,447.06,clonazepam 200mg,1
Augtab 1000,Intas Pharma,Montelukast (20 mg),10 tablets,245.06,montelukast 20mg,10
Metplus 250,Himalaya,Cetirizine 200 mg,1 bottle,337.13,cetirizine 200mg,9
Clavplus 20,Aurobindo Pharma,Cetirizine (20 mg),1 bottle,27.8,cetirizine 20mg,2
Omexr 40,Glenmark,ranitidine 5 mg,6 tablets,100.41,ranitidine 5mg,7
Brusol 1000,Wockhardt,aspirin(400 mg),1 bottle,598.94,aspirin 400mg,18
Brucin 10,Sanofi India,aspirin 500 mg,10 capsules,42.21,aspirin 500mg,15
Dolotab 500,Alkem Labs,Doxycycline (200mg),15 tablets,370.36,doxycycline 200mg,1
Amoxod 500,Mankind Pharma,calcium carbonate 20 mg,1 bottle,263.87,calcium carbonate 20mg,12
Omeplus 20,Wockhardt,levothyroxine(40 mg),1 bottle,578.25,levothyroxine 40mg,18
Doloxr 1000,Abbott India,Paracetamol 500 mg,5 ml,339.95,paracetamol 500mg,0
Brusol 40,Mankind Pharma,alprazolam 40mg,6 tablets,286.76,alprazolam 40mg,12
Bruod 250,Sanofi India,atorvastatin(20mg),1 bottle,60.37,atorvastatin 20mg,15
Cetforte 500,Torrent Pharma,Domperidone (40mg),6 tablets,484.62,domperidone 40mg,17
Dolood 1000,Zydus Cadila,fluoxetine(400 mg),5 ml,241.43,fluoxetine 400mg,19
Metcap 1000,Hetero Drugs,Losartan 200 mg,6 tablets,414.37,losartan 200mg,8
Azeeforte 250,Lupin,atorvastatin(10mg),5 ml,134.59,atorvastatin 10mg,11
Azeeds 250,Cipla,IBUPROFEN-250mg,15 tablets,416.49,ibuprofen 250mg,3
Amoxsr 250,Lupin,fexofenadine 5 mg,10 capsules,162.02,fexofenadine 5mg,11
Metforte 1000,Abbott India,atorvastatin(200mg),15 tablets,585.07,atorvastatin 200mg,0
Pansol 250,Alkem Labs,diclofenac(40mg),1 bottle,308.83,diclofenac 40mg,1
Clavcin 10,Cipla,Glimepiride 20  mg,6 tablets,399.55,glimepiride 20mg,3
Clavforte 250,Aurobindo Pharma,Gabapentin 400 mg,15 tablets,294.04,gabapentin 400mg,2
Cetcin 1000,Lupin,ATORVASTATIN-10mg,1 bottle,331.0,atorvastatin 10mg,11
Clavsol 250,Sanofi India,Metformin (100mg),1 bottle,141.9,metformin 100mg,15
Brusr 1000,Torrent Pharma,Montelukast 250  mg,10 capsules,72.64,montelukast 250mg,17
Amoxod 250,Sun Pharma,levothyroxine(400mg),1 bottle,579.43,levothyroxine 400mg,16
Omeod 10,Zydus Cadila,paracetamol 400mg,30 tablets,412.14,paracetamol 400mg,19
Omeod 500,Glenmark,Telmisartan (40mg),15 tablets,385.47,telmisartan 40mg,7
Pancap 20,Torrent Pharma,alprazolam 20 mg,10 capsules,145.29,alprazolam 20mg,17
Clavtab 250,Alkem Labs,ciprofloxacin 5 mg,6 tablets,249.69,ciprofloxacin 5mg,1
Amoxxr 20,Intas Pharma,Levothyroxine 1000 mg,30 tablets,136.86,levothyroxine 1000mg,10
Omecap 20,Intas Pharma,Ibuprofen (40mg),10 tablets,152.77,ibuprofen 40mg,10
Pansol 1000,Himalaya,Alprazolam 200  mg,10 capsules,486.35,alprazolam 200mg,9
Pansol 250,GSK India,Fluoxetine (40 mg),6 tablets,212.48,fluoxetine 40mg,6
Brucin 1000,Zydus Cadila,Methylcobalamin (100mg),30 tablets,63.19,methylcobalamin 100mg,19
Metsr 10,Glenmark,ciprofloxacin(400 mg),15 tablets,338.7,ciprofloxacin 400mg,7
Pancin 10,Wockhardt,Ondansetron 20  mg,5 ml,173.65,ondansetron 20mg,18
Augsol 250,Dr Reddy,VITAMIN D3-20mg,6 tablets,142.77,vitamin d3 20mg,5
Dolotab 250,GSK India,levocetirizine 20 mg,30 tablets,186.9,levocetirizine 20mg,6
Augod 20,GSK India,CLOPIDOGREL-100mg,10 tablets,535.47,clopidogrel 100mg,6
Omecin 10,Lupin,Montelukast 40  mg,10 tablets,572.39,montelukast 40mg,11
Dolosr 500,Hetero Drugs,diclofenac 500 mg,1 bottle,310.95,diclofenac 500mg,8
Doloxr 250,Sanofi India,Alprazolam 200 mg,5 ml,506.97,alprazolam 200mg,15
Azeecap 10,Dr Reddy,Calcium carbonate 40 mg,15 tablets,470.82,calcium carbonate 40mg,5
Dolosr 250,Pfizer India,Diclofenac 20  mg,10 capsules,456.07,diclofenac 20mg,14
Augod 500,Abbott India,Levocetirizine 20 mg,1 bottle,528.57,levocetirizine 20mg,0
Metforte 250,Pfizer India,Atorvastatin (1000mg),5 ml,84.97,atorvastatin 1000mg,14
Metcap 500,Mankind Pharma,amoxicillin(10 mg),30 tablets,122.01,amoxicillin 10mg,12
Amoxplus 10,Himalaya,metoprolol(5mg),15 tablets,21.35,metoprolol 5mg,9
Metcin 10,Torrent Pharma,ibuprofen(1000 mg),6 tablets,370.29,ibuprofen 1000mg,17
Cetod 1000,Glenmark,Diclofenac 400  mg,5 ml,61.48,diclofenac 400mg,7
Azeeds 1000,Torrent Pharma,Metformin 500 mg,30 tablets,178.06,metformin 500mg,17
Azeecin 1000,Himalaya,Aspirin (10mg),6 tablets,106.7,aspirin 10mg,9
Augxr 1000,Glenmark,Metoprolol (5 mg),15 tablets,582.61,metoprolol 5mg,7
Augds 10,Novartis India,Sertraline 400  mg,10 capsules,24.23,sertraline 400mg,13
Omesr 250,Lupin,VITAMIN D3-20mg,15 tablets,541.96,vitamin d3 20mg,11
Clavod 40,Wockhardt,Levothyroxine 400  mg,15 tablets,85.98,levothyroxine 400mg,18
Omeplus 500,GSK India,sertraline(40mg),15 tablets,484.89,sertraline 40mg,6
Clavxr 1000,GSK India,Ranitidine (200 mg),6 tablets,185.85,ranitidine 200mg,6
Augcin 250,Sanofi India,ranitidine(400 mg),10 tablets,199.92,ranitidine 400mg,15
Pancap 40,Dr Reddy,fluoxetine 100mg,15 tablets,102.25,fluoxetine 100mg,5
Amoxtab 10,Intas Pharma,omeprazole 40 mg,30 tablets,171.05,omeprazole 40mg,10
Clavsr 1000,Aurobindo Pharma,CETIRIZINE-500mg,6 tablets,171.26,cetirizine 500mg,2
Doloplus 40,Novartis India,Ondansetron 500 mg,5 ml,329.37,ondansetron 500mg,13
Cetsol 40,Sanofi India,paracetamol 200 mg,1 bottle,336.79,paracetamol 200mg,15
Amoxforte 10,Dr Reddy,Paracetamol (10 mg),5 ml,586.87,paracetamol 10mg,5
Pantab 20,Himalaya,Amlodipine (500 mg),15 tablets,99.6,amlodipine 500mg,9
Panplus 20,Himalaya,ASPIRIN-400mg,1 bottle,391.29,aspirin 400mg,9
Dolods 40,Himalaya,CLOPIDOGREL-5mg,10 tablets,545.86,clopidogrel 5mg,9
Augtab 1000,Dabur Pharma,ATORVASTATIN-10mg,6 tablets,364.11,atorvastatin 10mg,4
Omeplus 500,Intas Pharma,Tramadol 250  mg,6 tablets,185.02,tramadol 250mg,10
Dolood 250,Aurobindo Pharma,VITAMIN D3-10mg,15 tablets,314.14,vitamin d3 10mg,2
Augsol 40,GSK India,ranitidine(100mg),6 tablets,265.07,ranitidine 100mg,6
Doloplus 20,Intas Pharma,LOSARTAN-100mg,15 tablets,538.87,losartan 100mg,10
Bruplus 500,Lupin,Rabeprazole 500  mg,30 tablets,537.44,rabeprazole 500mg,11
Azeecin 40,Abbott India,Pantoprazole (200 mg),30 tablets,183.72,pantoprazole 200mg,0
Amoxcin 20,Cipla,Levocetirizine (500mg),10 capsules,46.96,levocetirizine 500mg,3
Bruxr 40,Intas Pharma,SERTRALINE-10mg,15 tablets,469.29,sertraline 10mg,10
Metxr 20,Zydus Cadila,esomeprazole(200mg),10 tablets,144.71,esomeprazole 200mg,19
Augsol 250,Glenmark,Telmisartan (500mg),15 tablets,566.98,telmisartan 500mg,7
Augforte 10,Dr Reddy,ranitidine 1000 mg,30 tablets,346.37,ranitidine 1000mg,5
Metsol 1000,Zydus Cadila,atorvastatin 5 mg,10 capsules,369.61,atorvastatin 5mg,19
Metforte 20,Himalaya,MONTELUKAST-40mg,10 capsules,255.02,montelukast 40mg,9
Clavcin 500,Abbott India,sertraline 1000mg,5 ml,106.37,sertraline 1000mg,0
Augxr 250,Intas Pharma,Amoxicillin 500 mg,5 ml,519.88,amoxicillin 500mg,10
Clavsr 20,Lupin,GLIMEPIRIDE-40mg,1 bottle,93.02,glimepiride 40mg,11
Metod 500,Torrent Pharma,fexofenadine 20 mg,10 capsules,189.02,fexofenadine 20mg,17
Metod 500,Glenmark,vitamin d3 250mg,5 ml,476.38,vitamin d3 250mg,7
Metcin 500,Glenmark,sertraline 400mg,15 tablets,591.57,sertraline 400mg,7
Panod 20,GSK India,ranitidine 20mg,30 tablets,229.59,ranitidine 20mg,6
Dolotab 10,Hetero Drugs,METFORMIN-400mg,10 tablets,36.53,metformin 400mg,8
Cetplus 1000,Torrent Pharma,Vitamin D3 (200mg),15 tablets,240.82,vitamin d3 200mg,17
Metforte 250,Himalaya,Fluoxetine (5 mg),10 tablets,214.78,fluoxetine 5mg,9
Augtab 1000,Dabur Pharma,Montelukast (200mg),6 tablets,417.67,montelukast 200mg,4
Metcap 20,Wockhardt,Fluoxetine 10 mg,5 ml,382.03,fluoxetine 10mg,18
Brucap 250,Lupin,Aspirin 250 mg,6 tablets,405.44,aspirin 250mg,11
Pansr 10,Zydus Cadila,fexofenadine 400mg,10 tablets,564.21,fexofenadine 400mg,19
Bruds 1000,Novartis India,metformin(250 mg),6 tablets,403.25,metformin 250mg,13
Omecin 40,Wockhardt,amoxicillin 1000mg,6 tablets,136.2,amoxicillin 1000mg,18
Clavsol 250,Lupin,clonazepam(5 mg),10 capsules,174.38,clonazepam 5mg,11
Omexr 20,Novartis India,AZITHROMYCIN-1000mg,10 capsules,288.09,azithromycin 1000mg,13
Dolocin 40,Dabur Pharma,Clonazepam 500  mg,10 tablets,358.0,clonazepam 500mg,4
Cetds 250,Aurobindo Pharma,PREGABALIN-400mg,1 bottle,15.12,pregabalin 400mg,2
Amoxsr 500,Lupin,pantoprazole(250mg),6 tablets,382.31,pantoprazole 250mg,11
Pands 500,Sanofi India,Glimepiride 250 mg,15 tablets,37.43,glimepiride 250mg,15
Amoxforte 1000,Hetero Drugs,clonazepam(200 mg),10 tablets,367.68,clonazepam 200mg,8
Clavcin 10,GSK India,Omeprazole 200 mg,30 tablets,232.32,omeprazole 200mg,6
Augtab 250,Glenmark,esomeprazole(1000mg),5 ml,259.59,esomeprazole 1000mg,7
Mettab 20,Alkem Labs,Calcium carbonate 500  mg,30 tablets,36.9,calcium carbonate 500mg,1
Dolods 1000,Cipla,Vitamin D3 (20mg),15 tablets,261.69,vitamin d3 20mg,3
Mettab 10,Abbott India,Sertraline 40  mg,10 tablets,301.12,sertraline 40mg,0
Azeesr 40,Hetero Drugs,Pantoprazole (10 mg),30 tablets,98.99,pantoprazole 10mg,8
Dolocin 40,Intas Pharma,metformin 20mg,30 tablets,42.22,metformin 20mg,10
Azeesol 20,Himalaya,Amoxicillin (5 mg),10 capsules,509.21,amoxicillin 5mg,9
Brutab 10,Zydus Cadila,Clonazepam 5  mg,30 tablets,135.02,clonazepam 5mg,19
Pancin 250,Abbott India,glimepiride(400mg),5 ml,351.52,glimepiride 400mg,0
Augplus 250,Abbott India,zinc sulphate(100mg),10 tablets,267.11,zinc sulphate 100mg,0
Brucap 20,Wockhardt,levocetirizine 250 mg,5 ml,374.56,levocetirizine 250mg,18
Metplus 250,Cipla,PANTOPRAZOLE-20mg,15 tablets,228.39,pantoprazole 20mg,3
Dolods 20,Dr Reddy,cetirizine 40mg,6 tablets,444.05,cetirizine 40mg,5
Omexr 10,Sun Pharma,clonazepam(40mg),30 tablets,263.36,clonazepam 40mg,16
Azeeds 1000,Zydus Cadila,ranitidine(5mg),1 bottle,464.62,ranitidine 5mg,19
Omeforte 500,Alkem Labs,Vitamin d3 400  mg,1 bottle,288.39,vitamin d3 400mg,1
Cetcap 1000,Zydus Cadila,glimepiride 100mg,10 tablets,418.9,glimepiride 100mg,19
Augsol 10,Abbott India,Ondansetron (5mg),5 ml,53.47,ondansetron 5mg,0
Cetxr 40,Cipla,atorvastatin(10mg),6 tablets,233.34,atorvastatin 10mg,3
Ometab 20,Himalaya,tramadol(1000mg),5 ml,484.11,tramadol 1000mg,9
Azeeds 40,GSK India,rabeprazole 20mg,1 bottle,468.02,rabeprazole 20mg,6
Mettab 20,Torrent Pharma,Ciprofloxacin (200mg),10 tablets,69.36,ciprofloxacin 200mg,17
Omesol 500,Sun Pharma,pregabalin 10mg,30 tablets,194.4,pregabalin 10mg,16
Azeeforte 10,Pfizer India,paracetamol 100mg,10 tablets,8.81,paracetamol 100mg,14
Dolosr 500,Aurobindo Pharma,cetirizine 200mg,30 tablets,568.25,cetirizine 200mg,2
Amoxcin 500,Pfizer India,Sertraline (200mg),6 tablets,135.16,sertraline 200mg,14
Panod 500,Sanofi India,losartan(200 mg),1 bottle,154.18,losartan 200mg,15
Bruplus 250,Mankind Pharma,Zinc Sulphate (100mg),5 ml,10.55,zinc sulphate 100mg,12
Azeecin 1000,Abbott India,fexofenadine 20 mg,10 tablets,297.43,fexofenadine 20mg,0
Bruforte 1000,Novartis India,Amoxicillin (1000mg),10 capsules,248.95,amoxicillin 1000mg,13
Panplus 10,Intas Pharma,Ondansetron 500 mg,10 tablets,180.03,ondansetron 500mg,10
Azeeod 1000,Himalaya,Montelukast 400  mg,5 ml,309.19,montelukast 400mg,9
Augsr 250,Sun Pharma,Aspirin (1000 mg),10 tablets,454.07,aspirin 1000mg,16
Clavsol 500,Himalaya,ciprofloxacin 40 mg,30 tablets,491.0,ciprofloxacin 40mg,9
Doloforte 20,Intas Pharma,omeprazole 200mg,10 tablets,258.34,omeprazole 200mg,10
Doloforte 500,Wockhardt,clonazepam(100mg),6 tablets,143.46,clonazepam 100mg,18
Pancin 1000,Hetero Drugs,IBUPROFEN-5mg,15 tablets,373.38,ibuprofen 5mg,8
Brutab 40,Alkem Labs,rabeprazole 1000 mg,6 tablets,371.15,rabeprazole 1000mg,1
Amoxxr 40,Himalaya,CETIRIZINE-20mg,5 ml,548.52,cetirizine 20mg,9
Azeexr 1000,Hetero Drugs,metoprolol(5mg),5 ml,582.09,metoprolol 5mg,8
Omeplus 40,Pfizer India,sertraline(1000 mg),6 tablets,54.32,sertraline 1000mg,14
Brusr 250,GSK India,Methylcobalamin (5mg),10 capsules,262.81,methylcobalamin 5mg,6
Clavcap 250,Glenmark,CETIRIZINE-40mg,1 bottle,529.46,cetirizine 40mg,7
Metforte 1000,Novartis India,ibuprofen(1000 mg),10 capsules,240.74,ibuprofen 1000mg,13
Doloforte 10,Lupin,Gabapentin (20 mg),30 tablets,10.9,gabapentin 20mg,11
Omeds 10,GSK India,ASPIRIN-200mg,6 tablets,243.34,aspirin 200mg,6
Panforte 250,Dabur Pharma,ESOMEPRAZOLE-250mg,5 ml,375.71,esomeprazole 250mg,4
Pantab 1000,Lupin,Paracetamol (500mg),6 tablets,259.09,paracetamol 500mg,11
Amoxod 40,Torrent Pharma,tramadol(5mg),5 ml,312.45,tramadol 5mg,17
Cetsol 20,Novartis India,Ciprofloxacin (250mg),10 capsules,513.39,ciprofloxacin 250mg,13
Cetsol 40,Aurobindo Pharma,methylcobalamin(500mg),1 bottle,559.84,methylcobalamin 500mg,2
Augsol 40,GSK India,Losartan (5 mg),6 tablets,595.18,losartan 5mg,6
Amoxtab 10,Aurobindo Pharma,doxycycline(1000mg),5 ml,235.57,doxycycline 1000mg,2
Amoxtab 40,Alkem Labs,CIPROFLOXACIN-250mg,1 bottle,379.65,ciprofloxacin 250mg,1
Brusr 10,Himalaya,domperidone(250 mg),10 tablets,170.16,domperidone 250mg,9
Cetforte 500,Abbott India,methylcobalamin(1000mg),6 tablets,474.73,methylcobalamin 1000mg,0
Clavsol 10,Mankind Pharma,Ondansetron (20 mg),1 bottle,353.24,ondansetron 20mg,12
Clavxr 1000,Glenmark,LEVOTHYROXINE-40mg,15 tablets,160.82,levothyroxine 40mg,7
Ometab 250,Wockhardt,aspirin(10 mg),10 capsules,190.99,aspirin 10mg,18
Azeecin 1000,Dabur Pharma,Fexofenadine (200mg),6 tablets,340.66,fexofenadine 200mg,4
Brucap 10,Cipla,levothyroxine(500 mg),5 ml,322.14,levothyroxine 500mg,3
Amoxxr 500,Zydus Cadila,Rosuvastatin (200 mg),10 tablets,285.03,rosuvastatin 200mg,19
Clavsr 10,Dabur Pharma,zinc sulphate 250 mg,10 capsules,463.58,zinc sulphate 250mg,4
Clavforte 1000,Hetero Drugs,methylcobalamin(5mg),1 bottle,47.93,methylcobalamin 5mg,8
Omesr 40,Dr Reddy,losartan 20 mg,10 tablets,136.21,losartan 20mg,5
Doloxr 40,Wockhardt,paracetamol(5mg),15 tablets,282.11,paracetamol 5mg,18
Metcin 250,Mankind Pharma,esomeprazole 400 mg,15 tablets,329.48,esomeprazole 400mg,12
Amoxds 500,Himalaya,AMOXICILLIN-5mg,15 tablets,310.68,amoxicillin 5mg,9
Azeeds 500,GSK India,Pantoprazole (10mg),6 tablets,57.27,pantoprazole 10mg,6
Cetds 10,Novartis India,Zinc Sulphate (20 mg),30 tablets,158.0,zinc sulphate 20mg,13
Metxr 1000,Wockhardt,pantoprazole(40 mg),5 ml,47.2,pantoprazole 40mg,18
Dolotab 250,Sun Pharma,Rosuvastatin (250 mg),10 tablets,311.85,rosuvastatin 250mg,16
Pancap 40,Abbott India,DICLOFENAC-20mg,30 tablets,395.28,diclofenac 20mg,0
Augforte 500,Torrent Pharma,DOMPERIDONE-200mg,15 tablets,347.99,domperidone 200mg,17
Bruxr 500,Dabur Pharma,Metoprolol (400 mg),10 tablets,81.39,metoprolol 400mg,4
Pantab 1000,Glenmark,gabapentin 100mg,10 capsules,439.49,gabapentin 100mg,7
Brutab 40,Himalaya,ibuprofen(10 mg),6 tablets,433.55,ibuprofen 10mg,9
Metcap 500,Mankind Pharma,pantoprazole 250 mg,6 tablets,399.11,pantoprazole 250mg,12
Augplus 500,Alkem Labs,levothyroxine(5 mg),1 bottle,215.11,levothyroxine 5mg,1
Metod 1000,Mankind Pharma,Montelukast 40  mg,30 tablets,35.66,montelukast 40mg,12
Brucap 10,Glenmark,clopidogrel 40mg,10 capsules,271.63,clopidogrel 40mg,7
Amoxds 20,Dr Reddy,ONDANSETRON-500mg,1 bottle,19.06,ondansetron 500mg,5
Clavsr 250,Sun Pharma,rosuvastatin(400 mg),6 tablets,503.37,rosuvastatin 400mg,16
Doloforte 40,Dabur Pharma,MONTELUKAST-20mg,15 tablets,462.76,montelukast 20mg,4
Brusr 1000,Hetero Drugs,ranitidine 500mg,10 capsules,271.39,ranitidine 500mg,8
Azeesol 250,Pfizer India,OMEPRAZOLE-10mg,10 capsules,427.52,omeprazole 10mg,14
Ometab 10,Glenmark,metoprolol 20 mg,5 ml,8.33,metoprolol 20mg,7
Omeforte 40,Pfizer India,rosuvastatin(5 mg),10 tablets,557.59,rosuvastatin 5mg,14
Brucin 250,Sanofi India,Doxycycline 5 mg,10 capsules,549.92,doxycycline 5mg,15
Clavod 40,Himalaya,atorvastatin(20mg),10 capsules,142.55,atorvastatin 20mg,9
Metod 20,Lupin,Telmisartan (1000 mg),6 tablets,455.02,telmisartan 1000mg,11
Doloxr 250,Lupin,Calcium carbonate 20 mg,6 tablets,548.12,calcium carbonate 20mg,11
Dolocap 20,Sanofi India,clonazepam(40 mg),6 tablets,224.37,clonazepam 40mg,15
Omeds 1000,Sanofi India,Zinc sulphate 5  mg,6 tablets,467.36,zinc sulphate 5mg,15
Pansr 500,Sun Pharma,aspirin(500mg),6 tablets,301.89,aspirin 500mg,16
Amoxplus 1000,Glenmark,zinc sulphate 100mg,1 bottle,73.31,zinc sulphate 100mg,7
Doloplus 40,Zydus Cadila,Vitamin d3 40 mg,1 bottle,145.5,vitamin d3 40mg,19
Amoxsol 1000,Sun Pharma,Methylcobalamin 10 mg,5 ml,351.21,methylcobalamin 10mg,16
Pansr 20,Himalaya,zinc sulphate 5 mg,6 tablets,424.79,zinc sulphate 5mg,9
Metsr 1000,Sanofi India,Alprazolam 250  mg,5 ml,254.65,alprazolam 250mg,15
Metplus 40,Intas Pharma,rabeprazole(40 mg),5 ml,31.05,rabeprazole 40mg,10
Brutab 40,Pfizer India,Metformin (20 mg),1 bottle,385.0,metformin 20mg,14
Bruod 500,Novartis India,paracetamol(40 mg),15 tablets,95.98,paracetamol 40mg,13
Bruod 20,Abbott India,Levothyroxine (100mg),15 tablets,365.58,levothyroxine 100mg,0
Cetxr 1000,Dr Reddy,AMOXICILLIN-40mg,5 ml,123.78,amoxicillin 40mg,5
Cetplus 20,Dabur Pharma,clopidogrel 10mg,1 bottle,416.46,clopidogrel 10mg,4
Augcin 500,Hetero Drugs,aspirin 500 mg,30 tablets,29.75,aspirin 500mg,8
Dolood 1000,Intas Pharma,Atorvastatin 5 mg,30 tablets,481.2,atorvastatin 5mg,10
Clavtab 40,Himalaya,pantoprazole(10mg),15 tablets,95.31,pantoprazole 10mg,9
Brutab 500,Sun Pharma,paracetamol 10 mg,1 bottle,107.97,paracetamol 10mg,16
Dolood 1000,Glenmark,losartan 500 mg,5 ml,38.22,losartan 500mg,7
Augds 20,GSK India,Clopidogrel (10 mg),1 bottle,482.79,clopidogrel 10mg,6
Metod 40,Wockhardt,Ciprofloxacin 20 mg,5 ml,363.56,ciprofloxacin 20mg,18
Metxr 20,Mankind Pharma,amoxicillin(250mg),6 tablets,231.2,amoxicillin 250mg,12
Cetcap 250,Sun Pharma,metoprolol(10 mg),15 tablets,342.03,metoprolol 10mg,16
Pansol 20,Mankind Pharma,Atorvastatin (250 mg),10 tablets,510.22,atorvastatin 250mg,12
Omexr 500,GSK India,tramadol(10 mg),15 tablets,439.04,tramadol 10mg,6
Clavcap 20,Dr Reddy,aspirin(400mg),6 tablets,552.56,aspirin 400mg,5
Augtab 500,Abbott India,azithromycin 250mg,10 tablets,110.62,azithromycin 250mg,0
Augsr 40,Sanofi India,PREGABALIN-20mg,15 tablets,173.6,pregabalin 20mg,15
Azeeds 10,GSK India,glimepiride 400 mg,6 tablets,475.26,glimepiride 400mg,6
Azeecin 250,Zydus Cadila,METFORMIN-1000mg,15 tablets,588.66,metformin 1000mg,19
Bruforte 20,Torrent Pharma,pregabalin 500mg,1 bottle,351.12,pregabalin 500mg,17
Panxr 1000,Himalaya,Fluoxetine (10 mg),1 bottle,268.46,fluoxetine 10mg,9
Augds 10,Pfizer India,clopidogrel 40mg,15 tablets,419.37,clopidogrel 40mg,14
Clavplus 10,Pfizer India,Gabapentin (200mg),10 tablets,196.3,gabapentin 200mg,14
Azeeds 20,Zydus Cadila,Metformin (10 mg),10 capsules,276.63,metformin 10mg,19
Clavcap 20,Cipla,metoprolol(1000 mg),5 ml,479.62,metoprolol 1000mg,3
Pancin 1000,Lupin,atorvastatin 1000 mg,1 bottle,123.96,atorvastatin 1000mg,11
Bruds 20,Aurobindo Pharma,fexofenadine 500mg,6 tablets,14.26,fexofenadine 500mg,2
Clavforte 40,GSK India,ondansetron 1000 mg,5 ml,45.95,ondansetron 1000mg,6
Dolosol 1000,Zydus Cadila,azithromycin 40mg,10 capsules,405.97,azithromycin 40mg,19
Azeexr 10,GSK India,Diclofenac (250mg),10 tablets,524.36,diclofenac 250mg,6
Amoxcin 1000,Cipla,Sertraline (20 mg),1 bottle,141.84,sertraline 20mg,3
Pansr 250,Himalaya,Atorvastatin (1000mg),10 tablets,490.62,atorvastatin 1000mg,9
Cetforte 40,Hetero Drugs,Ibuprofen (40mg),10 tablets,179.12,ibuprofen 40mg,8
Cetod 10,Dr Reddy,Ciprofloxacin (40mg),10 tablets,223.77,ciprofloxacin 40mg,5
Clavxr 1000,Abbott India,telmisartan 20 mg,5 ml,360.24,telmisartan 20mg,0
Bruod 40,Hetero Drugs,MONTELUKAST-200mg,15 tablets,160.69,montelukast 200mg,8
Metsr 1000,Lupin,omeprazole 1000 mg,30 tablets,31.29,omeprazole 1000mg,11
Clavsol 10,Abbott India,ESOMEPRAZOLE-1000mg,1 bottle,475.33,esomeprazole 1000mg,0
Brucin 20,Novartis India,Methylcobalamin 20  mg,10 tablets,197.58,methylcobalamin 20mg,13
Dolods 1000,Cipla,tramadol(100mg),5 ml,372.3,tramadol 100mg,3
Azeecin 500,Dabur Pharma,telmisartan(200mg),10 tablets,573.95,telmisartan 200mg,4
Amoxplus 1000,Hetero Drugs,Pantoprazole (100mg),1 bottle,23.87,pantoprazole 100mg,8
Metforte 500,Hetero Drugs,doxycycline 40mg,5 ml,584.62,doxycycline 40mg,8
Omeds 1000,Sanofi India,Azithromycin (1000mg),30 tablets,250.93,azithromycin 1000mg,15
Cettab 500,Abbott India,pregabalin(250 mg),5 ml,219.32,pregabalin 250mg,0
Dolood 10,Torrent Pharma,Metoprolol 20 mg,15 tablets,400.32,metoprolol 20mg,17
Clavds 10,Mankind Pharma,clopidogrel(100mg),5 ml,553.46,clopidogrel 100mg,12
Amoxod 40,Intas Pharma,Zinc Sulphate (20mg),1 bottle,327.58,zinc sulphate 20mg,10
Omesr 40,Abbott India,glimepiride(40mg),1 bottle,332.2,glimepiride 40mg,0
Cetxr 10,Dabur Pharma,TELMISARTAN-500mg,5 ml,519.65,telmisartan 500mg,4
Azeeds 10,Pfizer India,alprazolam(5 mg),10 capsules,564.9,alprazolam 5mg,14
Metplus 250,Intas Pharma,Alprazolam 200 mg,10 tablets,76.4,alprazolam 200mg,10
Dolood 10,Sun Pharma,Vitamin d3 5 mg,6 tablets,115.74,vitamin d3 5mg,16
Metds 20,Torrent Pharma,ATORVASTATIN-200mg,1 bottle,24.11,atorvastatin 200mg,17
Metxr 40,GSK India,clonazepam 100mg,10 capsules,474.69,clonazepam 100mg,6
Brucap 40,Novartis India,Atorvastatin 500  mg,5 ml,86.33,atorvastatin 500mg,13
Clavplus 20,Wockhardt,Metformin (20 mg),30 tablets,25.91,metformin 20mg,18
Amoxsol 500,Zydus Cadila,RABEPRAZOLE-500mg,1 bottle,39.29,rabeprazole 500mg,19
Cetplus 1000,Novartis India,Ranitidine (40 mg),1 bottle,278.29,ranitidine 40mg,13
Azeecin 10,Dr Reddy,ATORVASTATIN-10mg,15 tablets,330.36,atorvastatin 10mg,5
Doloplus 1000,Wockhardt,Gabapentin 500 mg,10 tablets,376.57,gabapentin 500mg,18
Amoxtab 20,Wockhardt,rabeprazole 400mg,30 tablets,558.61,rabeprazole 400mg,18
Cetds 40,Zydus Cadila,clonazepam 40mg,10 tablets,327.85,clonazepam 40mg,19
Clavds 1000,Himalaya,Levothyroxine 200 mg,6 tablets,111.96,levothyroxine 200mg,9
Cetcin 500,Cipla,Gabapentin 100 mg,30 tablets,54.91,gabapentin 100mg,3
Cetsr 40,Wockhardt,fexofenadine(1000 mg),30 tablets,292.47,fexofenadine 1000mg,18
Augds 500,Sanofi India,Aspirin (20mg),1 bottle,500.05,aspirin 20mg,15
Metplus 40,Novartis India,PARACETAMOL-10mg,15 tablets,382.91,paracetamol 10mg,13
Cetsol 40,Glenmark,ESOMEPRAZOLE-40mg,1 bottle,84.41,esomeprazole 40mg,7
Metforte 20,Torrent Pharma,Fluoxetine (500mg),30 tablets,219.02,fluoxetine 500mg,17
Doloforte 1000,Zydus Cadila,Pantoprazole (200mg),30 tablets,545.68,pantoprazole 200mg,19
Panplus 250,Pfizer India,Ciprofloxacin 200  mg,6 tablets,69.57,ciprofloxacin 200mg,14
Amoxxr 40,Wockhardt,atorvastatin(500 mg),6 tablets,280.46,atorvastatin 500mg,18
Amoxds 40,Sun Pharma,clopidogrel(1000 mg),30 tablets,557.04,clopidogrel 1000mg,16
Cetod 250,Mankind Pharma,FLUOXETINE-400mg,6 tablets,579.19,fluoxetine 400mg,12
Augcin 250,Pfizer India,clopidogrel(500 mg),6 tablets,398.27,clopidogrel 500mg,14
Metcin 250,Dabur Pharma,levocetirizine(250mg),30 tablets,84.23,levocetirizine 250mg,4
Omesol 40,Sun Pharma,aspirin(200 mg),6 tablets,567.63,aspirin 200mg,16
Doloxr 20,Abbott India,rabeprazole(20mg),15 tablets,377.74,rabeprazole 20mg,0
Dolosol 500,Sun Pharma,atorvastatin(500mg),10 tablets,278.56,atorvastatin 500mg,16
Augsr 500,Zydus Cadila,Ondansetron (20 mg),6 tablets,310.8,ondansetron 20mg,19
Clavforte 10,Wockhardt,rabeprazole(500 mg),6 tablets,420.53,rabeprazole 500mg,18
Clavtab 10,Aurobindo Pharma,CLOPIDOGREL-250mg,15 tablets,75.92,clopidogrel 250mg,2
Dolocap 40,Abbott India,glimepiride(1000mg),10 capsules,193.26,glimepiride 1000mg,0
Azeeds 500,Pfizer India,Esomeprazole (20mg),6 tablets,466.71,esomeprazole 20mg,14
Amoxforte 10,Mankind Pharma,cetirizine(1000mg),10 tablets,182.87,cetirizine 1000mg,12
Dolosol 500,Cipla,pregabalin 20mg,15 tablets,436.31,pregabalin 20mg,3
Metxr 500,Mankind Pharma,Glimepiride (100mg),10 capsules,179.42,glimepiride 100mg,12
Omeds 250,Mankind Pharma,Methylcobalamin (200mg),5 ml,222.12,methylcobalamin 200mg,12
Pancin 1000,Himalaya,sertraline 200 mg,10 capsules,555.64,sertraline 200mg,9
Amoxxr 250,Zydus Cadila,OMEPRAZOLE-20mg,30 tablets,59.12,omeprazole 20mg,19
Azeeforte 10,Abbott India,azithromycin 5mg,30 tablets,48.65,azithromycin 5mg,0
Azeexr 250,Pfizer India,ZINC SULPHATE-10mg,1 bottle,117.9,zinc sulphate 10mg,14
Cetod 250,Sun Pharma,AZITHROMYCIN-10mg,5 ml,530.65,azithromycin 10mg,16
Amoxds 250,Intas Pharma,Ciprofloxacin (500mg),10 capsules,104.35,ciprofloxacin 500mg,10
Bruxr 1000,Dr Reddy,pregabalin(400 mg),10 capsules,487.27,pregabalin 400mg,5
Azeecap 250,Himalaya,methylcobalamin(10mg),10 tablets,405.06,methylcobalamin 10mg,9
Metds 20,Dr Reddy,Montelukast 1000 mg,10 tablets,62.61,montelukast 1000mg,5
Brucin 10,Himalaya,aspirin 200mg,30 tablets,53.35,aspirin 200mg,9
Dolocap 1000,GSK India,Ondansetron (500 mg),1 bottle,426.83,ondansetron 500mg,6
Pansol 40,Lupin,ATORVASTATIN-1000mg,1 bottle,302.5,atorvastatin 1000mg,11
Pansol 20,Pfizer India,omeprazole 500mg,5 ml,370.33,omeprazole 500mg,14
Dolood 20,Sun Pharma,Fexofenadine 1000  mg,10 tablets,174.31,fexofenadine 1000mg,16
Pancin 20,Sanofi India,fluoxetine 10mg,5 ml,301.32,fluoxetine 10mg,15
Amoxds 40,GSK India,ondansetron(250 mg),30 tablets,319.47,ondansetron 250mg,6
Panod 10,Glenmark,Pantoprazole 400 mg,10 capsules,118.41,pantoprazole 400mg,7
Amoxforte 1000,Novartis India,gabapentin 20mg,30 tablets,599.37,gabapentin 20mg,13
Amoxds 500,Sun Pharma,Azithromycin 200  mg,15 tablets,468.75,azithromycin 200mg,16
Bruod 40,GSK India,pregabalin(5mg),15 tablets,121.97,pregabalin 5mg,6
Augforte 20,Wockhardt,AMOXICILLIN-200mg,30 tablets,192.23,amoxicillin 200mg,18
Brusol 10,Torrent Pharma,Clonazepam 10  mg,10 tablets,461.9,clonazepam 10mg,17
Clavsr 10,Hetero Drugs,cetirizine 20 mg,15 tablets,244.58,cetirizine 20mg,8
Amoxplus 250,Lupin,montelukast(250mg),10 tablets,226.96,montelukast 250mg,11
Bruds 10,Dr Reddy,Montelukast 5 mg,10 tablets,78.01,montelukast 5mg,5
Doloplus 500,Torrent Pharma,clopidogrel 250 mg,1 bottle,446.98,clopidogrel 250mg,17
Omeplus 250,GSK India,ALPRAZOLAM-200mg,1 bottle,125.46,alprazolam 200mg,6
Bruxr 250,Himalaya,levothyroxine 200mg,30 tablets,13.25,levothyroxine 200mg,9
Cetsol 20,Zydus Cadila,OMEPRAZOLE-10mg,1 bottle,230.83,omeprazole 10mg,19
Azeesol 20,Alkem Labs,Amlodipine 10 mg,1 bottle,225.65,amlodipine 10mg,1
Clavsol 1000,Sun Pharma,Vitamin d3 250  mg,5 ml,25.39,vitamin d3 250mg,16
Omesol 10,Novartis India,Levocetirizine (500 mg),10 tablets,483.69,levocetirizine 500mg,13
Amoxds 1000,Sanofi India,ibuprofen 400mg,6 tablets,119.78,ibuprofen 400mg,15
Augod 1000,Wockhardt,Tramadol (500mg),15 tablets,429.82,tramadol 500mg,18
Amoxplus 20,Dabur Pharma,AZITHROMYCIN-100mg,30 tablets,451.32,azithromycin 100mg,4
Brucap 10,Hetero Drugs,Amlodipine 1000 mg,5 ml,210.93,amlodipine 1000mg,8
Amoxplus 10,Pfizer India,Azithromycin (10 mg),15 tablets,351.34,azithromycin 10mg,14
Omexr 40,Abbott India,LEVOTHYROXINE-200mg,30 tablets,134.01,levothyroxine 200mg,0
Dolosr 10,Dabur Pharma,PREGABALIN-10mg,30 tablets,571.61,pregabalin 10mg,4
Omeplus 500,Novartis India,telmisartan 200 mg,30 tablets,378.3,telmisartan 200mg,13
Azeesol 40,Zydus Cadila,aspirin 250 mg,5 ml,134.25,aspirin 250mg,19
Azeetab 40,GSK India,Sertraline 500  mg,10 capsules,131.21,sertraline 500mg,6
Augtab 250,Pfizer India,levothyroxine 1000 mg,6 tablets,210.26,levothyroxine 1000mg,14
Omeplus 10,Wockhardt,Methylcobalamin (10mg),10 tablets,160.61,methylcobalamin 10mg,18
Clavsr 1000,Abbott India,cetirizine(200 mg),10 tablets,481.74,cetirizine 200mg,0
Dolocap 500,Novartis India,fluoxetine(5mg),5 ml,302.25,fluoxetine 5mg,13
Pansr 20,Pfizer India,Glimepiride 400  mg,10 tablets,339.82,glimepiride 400mg,14
Omeds 250,Lupin,aspirin 40mg,15 tablets,333.96,aspirin 40mg,11
Bruxr 10,Cipla,sertraline(200 mg),10 capsules,438.98,sertraline 200mg,3
Dolosr 250,Himalaya,DOXYCYCLINE-400mg,6 tablets,250.64,doxycycline 400mg,9
Pansol 40,Sun Pharma,Clonazepam (20mg),5 ml,595.87,clonazepam 20mg,16
Metsr 20,Cipla,Vitamin d3 250 mg,5 ml,467.81,vitamin d3 250mg,3
Pansr 40,Abbott India,levocetirizine(10 mg),15 tablets,28.79,levocetirizine 10mg,0
Cetxr 10,Torrent Pharma,aspirin(200mg),10 capsules,435.74,aspirin 200mg,17
Augplus 40,Cipla,ranitidine 10 mg,5 ml,519.18,ranitidine 10mg,3
Doloplus 250,GSK India,Diclofenac 20 mg,1 bottle,465.86,diclofenac 20mg,6
Clavforte 250,GSK India,diclofenac 200 mg,1 bottle,516.59,diclofenac 200mg,6
Brucap 10,Cipla,CLOPIDOGREL-20mg,15 tablets,369.98,clopidogrel 20mg,3
Dolosr 500,Hetero Drugs,amlodipine 1000 mg,15 tablets,150.98,amlodipine 1000mg,8
Brusol 1000,Cipla,amoxicillin 20 mg,6 tablets,59.23,amoxicillin 20mg,3
Augforte 250,Aurobindo Pharma,Metoprolol 200 mg,6 tablets,82.09,metoprolol 200mg,2
Dolosol 10,Cipla,Methylcobalamin (200 mg),6 tablets,436.21,methylcobalamin 200mg,3
Metsol 1000,GSK India,DOXYCYCLINE-5mg,1 bottle,84.67,doxycycline 5mg,6
Cetsol 10,Abbott India,ondansetron(40mg),1 bottle,407.11,ondansetron 40mg,0
Pansol 40,Alkem Labs,VITAMIN D3-100mg,30 tablets,271.9,vitamin d3 100mg,1
Azeeplus 1000,Sanofi India,domperidone(10mg),15 tablets,243.99,domperidone 10mg,15
Augsol 10,Sun Pharma,esomeprazole(40 mg),30 tablets,67.81,esomeprazole 40mg,16
Bruds 250,Wockhardt,Esomeprazole 10 mg,10 capsules,537.04,esomeprazole 10mg,18
Cettab 1000,Intas Pharma,esomeprazole 500 mg,6 tablets,297.76,esomeprazole 500mg,10
Dolosol 40,Intas Pharma,Tramadol 40 mg,10 tablets,94.12,tramadol 40mg,10
Clavsol 1000,Sanofi India,calcium carbonate(10 mg),30 tablets,437.69,calcium carbonate 10mg,15
Augod 20,Abbott India,Doxycycline (200 mg),10 capsules,285.5,doxycycline 200mg,0
Metcap 250,Hetero Drugs,Doxycycline (5mg),10 tablets,359.57,doxycycline 5mg,8
Pancap 1000,Dr Reddy,levocetirizine 500 mg,6 tablets,14.92,levocetirizine 500mg,5
Augsol 1000,Aurobindo Pharma,Clonazepam (1000 mg),6 tablets,300.57,clonazepam 1000mg,2
Cetds 20,Wockhardt,methylcobalamin(200 mg),15 tablets,220.16,methylcobalamin 200mg,18
Amoxcap 10,Glenmark,paracetamol(400mg),15 tablets,233.63,paracetamol 400mg,7
Metod 40,Pfizer India,METHYLCOBALAMIN-1000mg,30 tablets,591.59,methylcobalamin 1000mg,14
Metds 20,Intas Pharma,zinc sulphate(250 mg),10 tablets,213.94,zinc sulphate 250mg,10
Augsol 10,Zydus Cadila,Metoprolol (1000mg),6 tablets,405.52,metoprolol 1000mg,19
Cetcap 40,Pfizer India,Pantoprazole 500  mg,15 tablets,129.07,pantoprazole 500mg,14
Brucin 40,Sanofi India,paracetamol(100mg),1 bottle,269.88,paracetamol 100mg,15
Azeeod 40,Pfizer India,levocetirizine 100mg,5 ml,416.98,levocetirizine 100mg,14
Brucin 20,Dr Reddy,zinc sulphate 500 mg,1 bottle,405.17,zinc sulphate 500mg,5
Panplus 1000,Novartis India,levocetirizine 100mg,10 tablets,452.73,levocetirizine 100mg,13
Augsol 40,Intas Pharma,levocetirizine(10 mg),30 tablets,576.56,levocetirizine 10mg,10
Clavcin 40,Zydus Cadila,pregabalin 500mg,10 capsules,204.4,pregabalin 500mg,19
Amoxsr 10,Pfizer India,OMEPRAZOLE-400mg,10 capsules,61.62,omeprazole 400mg,14
Amoxforte 250,Torrent Pharma,Alprazolam 400 mg,15 tablets,366.89,alprazolam 400mg,17
Dolocin 500,Aurobindo Pharma,Doxycycline (5 mg),15 tablets,149.93,doxycycline 5mg,2
Clavcap 1000,Aurobindo Pharma,vitamin d3 1000 mg,5 ml,558.76,vitamin d3 1000mg,2
Dolocap 250,Aurobindo Pharma,rosuvastatin(200mg),10 capsules,118.51,rosuvastatin 200mg,2
Pands 20,Pfizer India,amoxicillin(400mg),10 tablets,34.64,amoxicillin 400mg,14
Amoxod 250,Wockhardt,Zinc sulphate 100 mg,10 tablets,133.47,zinc sulphate 100mg,18
Omexr 250,Lupin,tramadol(10 mg),6 tablets,118.27,tramadol 10mg,11
Azeexr 40,Glenmark,Aspirin 200  mg,30 tablets,305.6,aspirin 200mg,7
Dolods 20,Intas Pharma,Methylcobalamin (500mg),10 tablets,139.19,methylcobalamin 500mg,10
Augsol 20,Glenmark,ibuprofen(40mg),5 ml,14.84,ibuprofen 40mg,7
Augtab 20,Hetero Drugs,atorvastatin 40mg,5 ml,62.84,atorvastatin 40mg,8
Clavtab 500,Himalaya,omeprazole(100mg),5 ml,548.7,omeprazole 100mg,9
Omeod 500,Lupin,amoxicillin 500 mg,10 capsules,501.32,amoxicillin 500mg,11
Augcin 20,GSK India,Omeprazole 5  mg,10 tablets,14.79,omeprazole 5mg,6
Dolocin 10,Novartis India,CALCIUM CARBONATE-5mg,6 tablets,551.7,calcium carbonate 5mg,13
Cettab 500,Abbott India,omeprazole(20mg),15 tablets,173.43,omeprazole 20mg,0
Pansol 10,Cipla,amoxicillin 200 mg,6 tablets,524.69,amoxicillin 200mg,3
Brucap 40,Novartis India,fluoxetine(500 mg),30 tablets,273.79,fluoxetine 500mg,13
Dolosr 40,Dr Reddy,rabeprazole 200 mg,1 bottle,63.24,rabeprazole 200mg,5
Cetsol 40,Dr Reddy,metformin(1000mg),10 tablets,371.83,metformin 1000mg,5
Azeesr 20,Hetero Drugs,metformin 40mg,10 capsules,434.62,metformin 40mg,8
Dolood 10,Intas Pharma,Metoprolol (400mg),5 ml,336.54,metoprolol 400mg,10
Ometab 500,Hetero Drugs,Glimepiride (500 mg),15 tablets,454.68,glimepiride 500mg,8
Amoxtab 40,Aurobindo Pharma,Paracetamol (5 mg),5 ml,534.85,paracetamol 5mg,2
Clavsr 250,Dr Reddy,levocetirizine(500mg),6 tablets,159.94,levocetirizine 500mg,5
Azeecin 10,Glenmark,ondansetron(250mg),5 ml,498.0,ondansetron 250mg,7
Metod 40,Dabur Pharma,Clopidogrel 1000  mg,10 capsules,331.46,clopidogrel 1000mg,4
Cetforte 500,Pfizer India,Zinc sulphate 500  mg,1 bottle,407.29,zinc sulphate 500mg,14
Dolosol 250,Dr Reddy,ondansetron(1000 mg),10 capsules,64.67,ondansetron 1000mg,5
Augplus 40,Aurobindo Pharma,fluoxetine(20mg),10 tablets,429.62,fluoxetine 20mg,2
Augxr 250,Zydus Cadila,Paracetamol 20 mg,10 capsules,79.61,paracetamol 20mg,19
Metplus 20,Sun Pharma,Gabapentin 1000  mg,5 ml,317.08,gabapentin 1000mg,16
Bruforte 10,Cipla,Pregabalin 10  mg,10 tablets,101.18,pregabalin 10mg,3
Augcap 500,Dr Reddy,GLIMEPIRIDE-500mg,30 tablets,59.35,glimepiride 500mg,5
Doloxr 250,Glenmark,TELMISARTAN-40mg,15 tablets,8.41,telmisartan 40mg,7
Augcap 250,Aurobindo Pharma,zinc sulphate(100mg),10 tablets,222.28,zinc sulphate 100mg,2
Mettab 500,Abbott India,metoprolol 250mg,30 tablets,433.64,metoprolol 250mg,0
Clavsol 1000,Dabur Pharma,levocetirizine 250mg,5 ml,401.02,levocetirizine 250mg,4
Clavplus 1000,Dr Reddy,azithromycin(250mg),15 tablets,534.35,azithromycin 250mg,5
Azeesr 20,Sun Pharma,telmisartan 1000mg,5 ml,139.69,telmisartan 1000mg,16
Cetsol 250,Wockhardt,Metoprolol (10mg),10 capsules,136.47,metoprolol 10mg,18
Pancin 40,Lupin,clonazepam(1000mg),6 tablets,343.58,clonazepam 1000mg,11
Clavxr 500,Sanofi India,Levocetirizine 500  mg,5 ml,410.14,levocetirizine 500mg,15
Amoxds 20,Wockhardt,GLIMEPIRIDE-500mg,15 tablets,570.61,glimepiride 500mg,18
Cetcap 40,Intas Pharma,fluoxetine 20mg,30 tablets,198.58,fluoxetine 20mg,10
Panforte 250,Mankind Pharma,tramadol(5 mg),10 capsules,591.06,tramadol 5mg,12
Cetcin 1000,Sanofi India,PREGABALIN-5mg,1 bottle,269.3,pregabalin 5mg,15
Azeesr 1000,Zydus Cadila,rabeprazole(500mg),10 capsules,198.0,rabeprazole 500mg,19
Mettab 40,GSK India,Omeprazole (20mg),30 tablets,506.47,omeprazole 20mg,6
Pantab 250,Torrent Pharma,glimepiride 1000mg,15 tablets,484.72,glimepiride 1000mg,17
Amoxforte 40,Dabur Pharma,rosuvastatin(20mg),1 bottle,281.13,rosuvastatin 20mg,4
Dolosol 500,Lupin,Atorvastatin (40 mg),6 tablets,492.66,atorvastatin 40mg,11
Clavsr 250,Wockhardt,diclofenac(40mg),5 ml,62.6,diclofenac 40mg,18
Clavsr 1000,Intas Pharma,montelukast 400mg,10 capsules,445.42,montelukast 400mg,10
Cetsr 20,Himalaya,amlodipine 10mg,10 capsules,159.04,amlodipine 10mg,9
Clavcin 500,GSK India,CIPROFLOXACIN-5mg,30 tablets,134.92,ciprofloxacin 5mg,6
Augcin 1000,Novartis India,calcium carbonate 250 mg,10 tablets,274.68,calcium carbonate 250mg,13
Doloxr 250,Aurobindo Pharma,Ibuprofen 400 mg,1 bottle,10.21,ibuprofen 400mg,2
Cetds 500,Zydus Cadila,amlodipine(40mg),10 tablets,79.59,amlodipine 40mg,19
Azeeplus 10,Mankind Pharma,alprazolam(10 mg),1 bottle,87.13,alprazolam 10mg,12
Azeeforte 500,Cipla,Ondansetron 1000  mg,30 tablets,63.94,ondansetron 1000mg,3
Amoxod 20,Sanofi India,losartan 5mg,5 ml,62.21,losartan 5mg,15
Cettab 250,Zydus Cadila,Fexofenadine (500 mg),30 tablets,524.77,fexofenadine 500mg,19
Metxr 1000,Intas Pharma,Omeprazole (40 mg),10 capsules,378.54,omeprazole 40mg,10
Azeeforte 20,Hetero Drugs,levocetirizine(250 mg),30 tablets,559.77,levocetirizine 250mg,8
Brusol 40,Lupin,FLUOXETINE-200mg,15 tablets,241.18,fluoxetine 200mg,11
Augsr 1000,Sanofi India,Ondansetron 20  mg,1 bottle,344.23,ondansetron 20mg,15
Amoxod 250,Dr Reddy,atorvastatin 5mg,1 bottle,354.22,atorvastatin 5mg,5
Amoxcap 10,Novartis India,pregabalin(250mg),5 ml,473.68,pregabalin 250mg,13
Dolocin 250,Aurobindo Pharma,Calcium carbonate 250 mg,10 tablets,63.63,calcium carbonate 250mg,2
Amoxcap 40,Sun Pharma,clopidogrel(100mg),30 tablets,125.7,clopidogrel 100mg,16
Pantab 250,Himalaya,pantoprazole 1000mg,10 capsules,519.49,pantoprazole 1000mg,9
Amoxod 20,Dabur Pharma,Rabeprazole 200 mg,10 tablets,573.79,rabeprazole 200mg,4
Clavod 10,Aurobindo Pharma,Ciprofloxacin (5 mg),1 bottle,281.38,ciprofloxacin 5mg,2
Cetsol 10,Lupin,Amoxicillin 200  mg,10 tablets,115.27,amoxicillin 200mg,11
Clavsr 500,Aurobindo Pharma,metformin(500 mg),10 capsules,538.32,metformin 500mg,2
Augod 500,Hetero Drugs,sertraline 10mg,6 tablets,100.92,sertraline 10mg,8
Clavtab 10,Intas Pharma,azithromycin 10mg,6 tablets,408.15,azithromycin 10mg,10
Doloxr 20,Wockhardt,levocetirizine(250mg),10 capsules,334.68,levocetirizine 250mg,18
Azeeforte 40,Cipla,Pregabalin (10 mg),5 ml,366.13,pregabalin 10mg,3
Metsol 10,Intas Pharma,rabeprazole(40 mg),5 ml,170.09,rabeprazole 40mg,10
Augxr 1000,GSK India,RABEPRAZOLE-5mg,1 bottle,359.96,rabeprazole 5mg,6
Clavplus 20,Aurobindo Pharma,Clopidogrel 5  mg,1 bottle,382.74,clopidogrel 5mg,2
Augplus 1000,Torrent Pharma,ROSUVASTATIN-500mg,5 ml,391.48,rosuvastatin 500mg,17
Cetod 40,Pfizer India,IBUPROFEN-500mg,1 bottle,11.29,ibuprofen 500mg,14
Clavplus 1000,Abbott India,clonazepam 1000 mg,6 tablets,527.5,clonazepam 1000mg,0
Augds 250,Cipla,rosuvastatin(200mg),5 ml,229.76,rosuvastatin 200mg,3
Cetod 250,Himalaya,Gabapentin 500  mg,15 tablets,154.62,gabapentin 500mg,9
Metsr 500,Sun Pharma,clonazepam 500mg,1 bottle,40.77,clonazepam 500mg,16
Amoxcin 1000,Alkem Labs,Rosuvastatin 250 mg,15 tablets,69.19,rosuvastatin 250mg,1
Azeesr 40,Abbott India,levocetirizine(500 mg),5 ml,352.2,levocetirizine 500mg,0
Bruxr 40,Wockhardt,ondansetron 20 mg,30 tablets,30.11,ondansetron 20mg,18
Augplus 250,Himalaya,AMLODIPINE-40mg,10 capsules,206.72,amlodipine 40mg,9
Bruplus 20,Glenmark,gabapentin(10mg),10 tablets,163.32,gabapentin 10mg,7
Panxr 250,Alkem Labs,sertraline(5mg),15 tablets,164.04,sertraline 5mg,1
Metforte 250,Sanofi India,Esomeprazole 200 mg,10 capsules,567.94,esomeprazole 200mg,15
Augcin 40,Mankind Pharma,Ranitidine (10 mg),5 ml,246.86,ranitidine 10mg,12
Azeetab 500,Dr Reddy,Sertraline 500 mg,6 tablets,363.03,sertraline 500mg,5
Metsr 10,Lupin,cetirizine(5mg),15 tablets,158.1,cetirizine 5mg,11
Bruds 10,Abbott India,MONTELUKAST-10mg,1 bottle,13.32,montelukast 10mg,0
Panxr 40,Dr Reddy,paracetamol(40 mg),5 ml,223.11,paracetamol 40mg,5
Azeesol 20,Cipla,Telmisartan 500 mg,1 bottle,410.99,telmisartan 500mg,3
Amoxds 1000,Sun Pharma,TELMISARTAN-5mg,15 tablets,281.76,telmisartan 5mg,16
Cetsr 500,Torrent Pharma,glimepiride 250mg,10 capsules,312.33,glimepiride 250mg,17
Bruplus 500,Abbott India,diclofenac(400 mg),5 ml,445.7,diclofenac 400mg,0
Amoxplus 1000,Sanofi India,clonazepam(250 mg),5 ml,534.14,clonazepam 250mg,15
Pantab 40,Dabur Pharma,Clopidogrel 20 mg,10 capsules,222.07,clopidogrel 20mg,4
Dolocin 250,Dr Reddy,METOPROLOL-500mg,10 capsules,180.99,metoprolol 500mg,5
Cetcin 1000,Aurobindo Pharma,Gabapentin (20mg),10 capsules,320.78,gabapentin 20mg,2
Azeeplus 40,Hetero Drugs,Methylcobalamin (400mg),30 tablets,273.39,methylcobalamin 400mg,8
Azeecap 1000,Himalaya,FLUOXETINE-20mg,5 ml,499.97,fluoxetine 20mg,9
Omeds 500,Hetero Drugs,Aspirin (5 mg),5 ml,295.72,aspirin 5mg,8
Cetod 1000,Torrent Pharma,Alprazolam 20 mg,5 ml,521.9,alprazolam 20mg,17
Azeeds 40,Wockhardt,Esomeprazole 500  mg,5 ml,436.5,esomeprazole 500mg,18
Clavxr 40,Sanofi India,Amoxicillin (400mg),10 tablets,438.22,amoxicillin 400mg,15
Omeforte 250,Pfizer India,montelukast(200mg),1 bottle,496.14,montelukast 200mg,14
Pands 20,Glenmark,Glimepiride (200 mg),6 tablets,88.65,glimepiride 200mg,7
Augxr 20,Glenmark,GLIMEPIRIDE-500mg,10 tablets,558.73,glimepiride 500mg,7
Omecin 20,Sanofi India,doxycycline 500 mg,10 capsules,455.93,doxycycline 500mg,15
Augsr 10,Pfizer India,diclofenac 250 mg,5 ml,168.73,diclofenac 250mg,14
Augcap 1000,Alkem Labs,GLIMEPIRIDE-10mg,10 capsules,444.1,glimepiride 10mg,1
Augcin 40,Cipla,calcium carbonate(40 mg),10 tablets,176.73,calcium carbonate 40mg,3
Brusr 1000,Himalaya,glimepiride 400 mg,6 tablets,553.84,glimepiride 400mg,9
Brusr 250,Himalaya,FEXOFENADINE-20mg,30 tablets,99.19,fexofenadine 20mg,9
Amoxod 40,Wockhardt,Ibuprofen 40 mg,1 bottle,476.41,ibuprofen 40mg,18
Augxr 1000,Zydus Cadila,Metoprolol 20 mg,6 tablets,124.83,metoprolol 20mg,19
Augcin 250,Torrent Pharma,ESOMEPRAZOLE-10mg,10 tablets,208.68,esomeprazole 10mg,17
Doloforte 10,Hetero Drugs,aspirin 100mg,10 capsules,482.44,aspirin 100mg,8
Augxr 10,Hetero Drugs,PREGABALIN-5mg,5 ml,309.31,pregabalin 5mg,8
Dolosr 20,Dr Reddy,Domperidone 1000 mg,30 tablets,198.07,domperidone 1000mg,5
Bruds 10,Abbott India,vitamin d3(20 mg),15 tablets,533.2,vitamin d3 20mg,0
Azeesol 20,Hetero Drugs,omeprazole 500mg,5 ml,54.34,omeprazole 500mg,8
Pancin 20,Aurobindo Pharma,RANITIDINE-500mg,30 tablets,427.23,ranitidine 500mg,2
Clavcin 500,Abbott India,Doxycycline 200  mg,1 bottle,546.51,doxycycline 200mg,0
Omeds 20,Sanofi India,Gabapentin 400  mg,15 tablets,372.04,gabapentin 400mg,15
Augxr 10,Wockhardt,Diclofenac (5 mg),5 ml,155.09,diclofenac 5mg,18
Azeetab 500,Abbott India,amlodipine(250mg),30 tablets,182.02,amlodipine 250mg,0
Bruplus 1000,Zydus Cadila,glimepiride 40 mg,6 tablets,510.15,glimepiride 40mg,19
Bruxr 500,Dabur Pharma,Domperidone 40 mg,5 ml,269.87,domperidone 40mg,4
Amoxplus 20,Pfizer India,Omeprazole 400  mg,5 ml,343.36,omeprazole 400mg,14
Clavsol 20,Aurobindo Pharma,omeprazole 100mg,5 ml,373.03,omeprazole 100mg,2
Cetsol 20,Aurobindo Pharma,Levothyroxine 250  mg,30 tablets,173.26,levothyroxine 250mg,2
Bruplus 20,Himalaya,vitamin d3(250mg),5 ml,238.05,vitamin d3 250mg,9
Cetod 500,Novartis India,Clonazepam (1000mg),15 tablets,151.85,clonazepam 1000mg,13
Cetcap 250,Novartis India,Amlodipine 200 mg,1 bottle,142.12,amlodipine 200mg,13
Omesol 20,Aurobindo Pharma,Pregabalin (200mg),6 tablets,252.89,pregabalin 200mg,2
Panplus 1000,Sanofi India,Clonazepam 250  mg,15 tablets,202.09,clonazepam 250mg,15
Augxr 1000,Zydus Cadila,Rosuvastatin (250 mg),1 bottle,386.38,rosuvastatin 250mg,19
Doloxr 250,Pfizer India,LEVOCETIRIZINE-400mg,10 tablets,159.17,levocetirizine 400mg,14
Amoxcap 250,Cipla,LOSARTAN-200mg,10 tablets,588.57,losartan 200mg,3
Metforte 250,Zydus Cadila,tramadol 10mg,10 tablets,381.89,tramadol 10mg,19
Omesol 500,Wockhardt,rosuvastatin 250mg,30 tablets,195.43,rosuvastatin 250mg,18
Cetod 20,Alkem Labs,gabapentin 1000mg,15 tablets,521.87,gabapentin 1000mg,1
Augcin 250,Dr Reddy,amoxicillin(5 mg),6 tablets,223.27,amoxicillin 5mg,5
Bruforte 20,Intas Pharma,Telmisartan 500  mg,10 capsules,362.37,telmisartan 500mg,10
Brutab 250,Dabur Pharma,ibuprofen 40mg,10 capsules,482.65,ibuprofen 40mg,4
Pansr 10,Intas Pharma,Alprazolam (5mg),5 ml,441.09,alprazolam 5mg,10
Clavcap 500,Dr Reddy,Ciprofloxacin 500 mg,10 tablets,72.37,ciprofloxacin 500mg,5
Augsol 500,Lupin,Clopidogrel 5 mg,30 tablets,33.89,clopidogrel 5mg,11
Bruxr 10,Dr Reddy,DICLOFENAC-100mg,15 tablets,216.02,diclofenac 100mg,5
Dolods 250,Wockhardt,Domperidone (1000 mg),30 tablets,255.76,domperidone 1000mg,18
Cetcin 40,Wockhardt,CLOPIDOGREL-250mg,1 bottle,151.24,clopidogrel 250mg,18
Pancin 1000,Glenmark,Metformin 20 mg,10 tablets,542.82,metformin 20mg,7
Clavcin 1000,Cipla,Fexofenadine 400  mg,1 bottle,281.72,fexofenadine 400mg,3
Brusr 40,Dr Reddy,ranitidine(1000mg),5 ml,362.51,ranitidine 1000mg,5
Metcin 40,Abbott India,esomeprazole(5mg),5 ml,520.1,esomeprazole 5mg,0
Augcin 10,Wockhardt,Vitamin D3 (250 mg),30 tablets,352.36,vitamin d3 250mg,18
Cetxr 40,Zydus Cadila,Clonazepam (400mg),30 tablets,164.92,clonazepam 400mg,19
Panplus 250,Sun Pharma,clopidogrel(10mg),15 tablets,514.87,clopidogrel 10mg,16
Dolotab 250,Cipla,montelukast(400 mg),5 ml,367.22,montelukast 400mg,3
Metcin 1000,Wockhardt,ESOMEPRAZOLE-400mg,15 tablets,293.34,esomeprazole 400mg,18
Azeeplus 250,Sun Pharma,Domperidone (20 mg),10 capsules,248.13,domperidone 20mg,16
Augcin 40,Lupin,DICLOFENAC-500mg,5 ml,167.58,diclofenac 500mg,11
Metod 40,Abbott India,clopidogrel(40mg),5 ml,286.65,clopidogrel 40mg,0
Clavsol 250,Abbott India,Calcium carbonate 10 mg,6 tablets,459.98,calcium carbonate 10mg,0
Bruod 20,Dr Reddy,rosuvastatin(500 mg),5 ml,120.01,rosuvastatin 500mg,5
Augcin 20,Intas Pharma,Vitamin d3 5 mg,6 tablets,364.48,vitamin d3 5mg,10
Dolocap 40,Intas Pharma,amoxicillin 1000 mg,5 ml,205.76,amoxicillin 1000mg,10
Cetsr 250,Zydus Cadila,Gabapentin 250  mg,6 tablets,351.93,gabapentin 250mg,19
Metcap 10,Cipla,Pregabalin 1000 mg,10 tablets,416.65,pregabalin 1000mg,3
Augsr 250,Pfizer India,Rosuvastatin 5  mg,5 ml,58.1,rosuvastatin 5mg,14
Clavforte 10,Lupin,RABEPRAZOLE-5mg,10 tablets,391.31,rabeprazole 5mg,11
Augsol 40,Sun Pharma,Ondansetron 100 mg,1 bottle,196.22,ondansetron 100mg,16
Panforte 250,Mankind Pharma,methylcobalamin(10mg),15 tablets,582.79,methylcobalamin 10mg,12
Clavcap 1000,Sanofi India,methylcobalamin 20 mg,5 ml,34.57,methylcobalamin 20mg,15
Augsol 1000,Wockhardt,tramadol(200mg),6 tablets,328.47,tramadol 200mg,18
Amoxsr 10,Sanofi India,fluoxetine 40 mg,1 bottle,367.47,fluoxetine 40mg,15
Azeesol 1000,Intas Pharma,zinc sulphate(250 mg),15 tablets,236.88,zinc sulphate 250mg,10
Pantab 20,Zydus Cadila,azithromycin 40mg,5 ml,126.49,azithromycin 40mg,19
Augtab 20,Zydus Cadila,Fexofenadine (200 mg),1 bottle,60.72,fexofenadine 200mg,19
Pansol 40,Abbott India,domperidone 5mg,6 tablets,53.17,domperidone 5mg,0
Cetds 40,Aurobindo Pharma,doxycycline 500mg,10 capsules,436.43,doxycycline 500mg,2
Cetcin 500,Wockhardt,CLOPIDOGREL-250mg,6 tablets,362.15,clopidogrel 250mg,18
Omecap 20,Sanofi India,Fluoxetine 200 mg,10 tablets,101.33,fluoxetine 200mg,15
Metod 500,Lupin,domperidone 100mg,1 bottle,481.98,domperidone 100mg,11
Pansol 20,Wockhardt,diclofenac(20 mg),30 tablets,393.41,diclofenac 20mg,18
Augsr 40,Glenmark,Diclofenac (500 mg),30 tablets,293.65,diclofenac 500mg,7
Amoxsol 1000,Zydus Cadila,Montelukast (5mg),6 tablets,387.32,montelukast 5mg,19
Panod 500,GSK India,atorvastatin 1000mg,30 tablets,540.76,atorvastatin 1000mg,6
Clavforte 10,Alkem Labs,Telmisartan (5 mg),1 bottle,389.04,telmisartan 5mg,1
Omexr 20,Alkem Labs,ZINC SULPHATE-200mg,10 capsules,231.52,zinc sulphate 200mg,1
Panxr 20,Glenmark,paracetamol(5 mg),30 tablets,457.34,paracetamol 5mg,7
Omecin 1000,Cipla,Telmisartan (200mg),5 ml,94.38,telmisartan 200mg,3
Amoxod 500,Alkem Labs,sertraline(200mg),30 tablets,75.92,sertraline 200mg,1
Clavxr 20,Novartis India,clonazepam(1000mg),6 tablets,537.04,clonazepam 1000mg,13
Dolosol 20,Hetero Drugs,METOPROLOL-200mg,1 bottle,189.56,metoprolol 200mg,8
Cetplus 1000,Mankind Pharma,omeprazole 10 mg,1 bottle,545.89,omeprazole 10mg,12
Amoxxr 20,Abbott India,Paracetamol (40mg),30 tablets,427.84,paracetamol 40mg,0
Omesr 500,GSK India,Methylcobalamin (100mg),5 ml,402.51,methylcobalamin 100mg,6
Pancin 10,GSK India,metformin 250 mg,6 tablets,38.03,metformin 250mg,6
Dolotab 10,Pfizer India,Clonazepam (1000mg),10 capsules,120.41,clonazepam 1000mg,14
Amoxtab 10,Mankind Pharma,Omeprazole (40mg),15 tablets,208.07,omeprazole 40mg,12
Omeds 40,Torrent Pharma,Calcium carbonate 250  mg,6 tablets,572.93,calcium carbonate 250mg,17
Pancap 20,Aurobindo Pharma,Doxycycline 5 mg,30 tablets,209.6,doxycycline 5mg,2
Omesr 40,Glenmark,Atorvastatin 250  mg,10 capsules,370.67,atorvastatin 250mg,7
Dolocap 40,Cipla,pregabalin(40mg),6 tablets,483.37,pregabalin 40mg,3
Clavod 20,Intas Pharma,Vitamin D3 (10mg),15 tablets,168.04,vitamin d3 10mg,10
Bruod 20,Sanofi India,PARACETAMOL-1000mg,30 tablets,120.22,paracetamol 1000mg,15
Cetcin 250,Sun Pharma,LEVOCETIRIZINE-250mg,10 tablets,274.53,levocetirizine 250mg,16
Clavds 20,Intas Pharma,zinc sulphate 5 mg,1 bottle,576.53,zinc sulphate 5mg,10
Augcap 20,Novartis India,Montelukast (400 mg),15 tablets,81.78,montelukast 400mg,13
Clavtab 1000,Intas Pharma,Levothyroxine 10 mg,30 tablets,121.3,levothyroxine 10mg,10
Azeeforte 500,Alkem Labs,Ibuprofen (10mg),10 tablets,136.9,ibuprofen 10mg,1
Azeeplus 40,Intas Pharma,GABAPENTIN-40mg,15 tablets,583.92,gabapentin 40mg,10
Omesol 500,Aurobindo Pharma,LOSARTAN-1000mg,1 bottle,13.94,losartan 1000mg,2
Bruxr 10,Novartis India,amlodipine(5mg),1 bottle,187.01,amlodipine 5mg,13
Augforte 500,Dr Reddy,FLUOXETINE-40mg,10 tablets,477.75,fluoxetine 40mg,5
Omecin 40,Hetero Drugs,Aspirin (5mg),5 ml,406.54,aspirin 5mg,8
Cetforte 1000,Pfizer India,fluoxetine 20mg,5 ml,116.25,fluoxetine 20mg,14
Cetsr 10,Alkem Labs,fexofenadine(400 mg),10 capsules,453.45,fexofenadine 400mg,1
Cetsol 20,Glenmark,ciprofloxacin(200 mg),6 tablets,397.28,ciprofloxacin 200mg,7
Augsol 250,Abbott India,AMOXICILLIN-200mg,30 tablets,316.47,amoxicillin 200mg,0
Cettab 40,Himalaya,Atorvastatin 1000 mg,10 capsules,121.17,atorvastatin 1000mg,9
Pansr 10,GSK India,Metformin (500 mg),5 ml,229.97,metformin 500mg,6
Clavxr 500,Himalaya,montelukast 200 mg,10 capsules,471.08,montelukast 200mg,9
Panforte 20,Abbott India,Levocetirizine (20mg),10 capsules,220.17,levocetirizine 20mg,0
Cetcap 1000,Torrent Pharma,pregabalin 200mg,6 tablets,352.96,pregabalin 200mg,17
Doloplus 250,Dabur Pharma,domperidone 500mg,10 tablets,352.45,domperidone 500mg,4
Augplus 1000,Dabur Pharma,Azithromycin (10mg),1 bottle,71.49,azithromycin 10mg,4
Clavcin 1000,Hetero Drugs,Fexofenadine 400 mg,6 tablets,442.51,fexofenadine 400mg,8
Cetxr 40,Abbott India,FLUOXETINE-20mg,30 tablets,296.22,fluoxetine 20mg,0
Azeetab 500,Alkem Labs,AMOXICILLIN-5mg,6 tablets,313.45,amoxicillin 5mg,1
Amoxsr 40,Hetero Drugs,CLONAZEPAM-200mg,5 ml,411.74,clonazepam 200mg,8
Dolood 10,Pfizer India,AZITHROMYCIN-1000mg,6 tablets,152.55,azithromycin 1000mg,14
Metsol 250,Intas Pharma,Doxycycline (1000mg),10 capsules,539.42,doxycycline 1000mg,10
Pansol 40,Sanofi India,Aspirin (400 mg),5 ml,255.15,aspirin 400mg,15
Azeecap 1000,Zydus Cadila,Omeprazole (500mg),10 tablets,52.88,omeprazole 500mg,19
Brutab 10,Sanofi India,DICLOFENAC-500mg,30 tablets,383.57,diclofenac 500mg,15
Clavod 10,Intas Pharma,Domperidone (40mg),10 capsules,518.23,domperidone 40mg,10
Amoxsr 1000,Alkem Labs,amlodipine 250mg,6 tablets,134.12,amlodipine 250mg,1
Metforte 1000,Alkem Labs,Paracetamol (100mg),10 tablets,205.7,paracetamol 100mg,1
Cetsol 20,Zydus Cadila,Amlodipine 500 mg,6 tablets,576.38,amlodipine 500mg,19
Omeds 20,GSK India,Tramadol (20mg),1 bottle,535.6,tramadol 20mg,6
Augsr 1000,GSK India,Fluoxetine 400  mg,1 bottle,519.94,fluoxetine 400mg,6
Omeds 20,Dabur Pharma,ATORVASTATIN-20mg,10 capsules,140.14,atorvastatin 20mg,4
Metcin 1000,Sanofi India,pantoprazole 500mg,1 bottle,221.86,pantoprazole 500mg,15
Augsol 1000,Dr Reddy,alprazolam(10 mg),6 tablets,75.17,alprazolam 10mg,5
Pansol 40,Intas Pharma,Fluoxetine 200  mg,6 tablets,383.14,fluoxetine 200mg,10
Clavtab 20,Dabur Pharma,levothyroxine 5 mg,15 tablets,385.44,levothyroxine 5mg,4
Amoxod 500,Torrent Pharma,amlodipine 500mg,5 ml,462.19,amlodipine 500mg,17
Azeeds 20,Pfizer India,Clonazepam 200  mg,1 bottle,583.45,clonazepam 200mg,14
Cetcin 1000,Cipla,Amlodipine (10mg),1 bottle,20.83,amlodipine 10mg,3
Bruxr 10,Intas Pharma,Telmisartan (10mg),10 capsules,56.44,telmisartan 10mg,10
Augcin 40,Intas Pharma,METOPROLOL-10mg,30 tablets,161.19,metoprolol 10mg,10
Augcin 500,Sanofi India,Azithromycin (250mg),1 bottle,151.38,azithromycin 250mg,15
Metcap 1000,Sun Pharma,GLIMEPIRIDE-100mg,1 bottle,505.34,glimepiride 100mg,16
Pansol 40,Dabur Pharma,methylcobalamin 40 mg,5 ml,467.27,methylcobalamin 40mg,4
Clavds 20,Pfizer India,Alprazolam 10 mg,10 capsules,347.46,alprazolam 10mg,14
Azeetab 250,Sun Pharma,Pantoprazole 100 mg,30 tablets,558.02,pantoprazole 100mg,16
Mettab 1000,Abbott India,alprazolam 10 mg,15 tablets,554.02,alprazolam 10mg,0
Omecap 500,Zydus Cadila,Clopidogrel 5 mg,30 tablets,81.1,clopidogrel 5mg,19
Cetcin 10,Sun Pharma,atorvastatin(10mg),6 tablets,14.86,atorvastatin 10mg,16
Cetcap 250,Cipla,Vitamin D3 (5mg),30 tablets,586.84,vitamin d3 5mg,3
Metds 1000,Hetero Drugs,FEXOFENADINE-20mg,5 ml,404.51,fexofenadine 20mg,8
Clavod 40,Glenmark,Azithromycin (10 mg),6 tablets,369.78,azithromycin 10mg,7
Metsr 1000,Glenmark,omeprazole 400 mg,30 tablets,324.91,omeprazole 400mg,7
Amoxod 20,Novartis India,Zinc Sulphate (500 mg),10 tablets,491.68,zinc sulphate 500mg,13
Azeeforte 20,Alkem Labs,RANITIDINE-5mg,30 tablets,144.15,ranitidine 5mg,1
Panforte 250,Sanofi India,DOXYCYCLINE-250mg,10 capsules,556.23,doxycycline 250mg,15
Augsol 1000,Himalaya,Fluoxetine (5 mg),6 tablets,161.47,fluoxetine 5mg,9
Augsr 10,Torrent Pharma,AMLODIPINE-500mg,6 tablets,293.59,amlodipine 500mg,17
Azeecap 10,Himalaya,Fexofenadine 250 mg,10 capsules,184.21,fexofenadine 250mg,9
Augod 500,Alkem Labs,tramadol 500 mg,1 bottle,472.81,tramadol 500mg,1
Cettab 250,Himalaya,Glimepiride (1000 mg),10 tablets,532.48,glimepiride 1000mg,9
Brucin 250,Alkem Labs,esomeprazole 200mg,10 capsules,455.35,esomeprazole 200mg,1
Pansr 20,Torrent Pharma,ZINC SULPHATE-400mg,1 bottle,92.85,zinc sulphate 400mg,17
Clavds 20,Abbott India,ciprofloxacin 200 mg,6 tablets,161.12,ciprofloxacin 200mg,0
Metxr 250,Zydus Cadila,pregabalin 200 mg,6 tablets,473.52,pregabalin 200mg,19
Amoxod 40,Glenmark,methylcobalamin 10 mg,5 ml,451.09,methylcobalamin 10mg,7
Mettab 10,Mankind Pharma,Tramadol (5 mg),1 bottle,428.1,tramadol 5mg,12
Brutab 10,Zydus Cadila,Doxycycline 5 mg,1 bottle,249.92,doxycycline 5mg,19
Dolotab 250,Aurobindo Pharma,telmisartan 500mg,30 tablets,104.72,telmisartan 500mg,2
Azeecap 10,Hetero Drugs,glimepiride(250 mg),15 tablets,469.67,glimepiride 250mg,8
Doloplus 500,Dabur Pharma,TELMISARTAN-40mg,15 tablets,547.11,telmisartan 40mg,4
Metod 10,Pfizer India,TRAMADOL-5mg,10 capsules,463.68,tramadol 5mg,14
Brucin 10,Sun Pharma,Rosuvastatin (10mg),15 tablets,269.09,rosuvastatin 10mg,16
Bruforte 500,Himalaya,Losartan 5  mg,6 tablets,525.76,losartan 5mg,9
Cetcin 20,Sun Pharma,Sertraline (400mg),30 tablets,344.13,sertraline 400mg,16
Augod 500,Hetero Drugs,ciprofloxacin(250mg),10 tablets,506.05,ciprofloxacin 250mg,8
Metplus 250,Dabur Pharma,CIPROFLOXACIN-10mg,1 bottle,447.31,ciprofloxacin 10mg,4
Azeesr 250,Mankind Pharma,METFORMIN-40mg,10 tablets,523.88,metformin 40mg,12
Clavod 20,Glenmark,Aspirin (5mg),5 ml,435.18,aspirin 5mg,7
Cetsol 250,Sun Pharma,esomeprazole(20 mg),15 tablets,492.88,esomeprazole 20mg,16
Augforte 250,Intas Pharma,fexofenadine(250mg),10 tablets,108.23,fexofenadine 250mg,10
Azeexr 10,Pfizer India,Ciprofloxacin (250mg),10 capsules,392.58,ciprofloxacin 250mg,14
Clavforte 20,Glenmark,levothyroxine(250 mg),10 tablets,453.81,levothyroxine 250mg,7
Bruod 1000,Abbott India,ZINC SULPHATE-20mg,1 bottle,408.88,zinc sulphate 20mg,0
Amoxcap 250,Novartis India,Fexofenadine (250 mg),10 tablets,190.61,fexofenadine 250mg,13
Amoxxr 500,Cipla,pregabalin 200mg,6 tablets,70.78,pregabalin 200mg,3
Clavplus 250,Alkem Labs,domperidone(100mg),5 ml,260.04,domperidone 100mg,1
Azeeds 40,Cipla,rabeprazole 20 mg,1 bottle,527.19,rabeprazole 20mg,3
Clavtab 250,Pfizer India,esomeprazole 400 mg,30 tablets,40.32,esomeprazole 400mg,14
Azeesr 20,Intas Pharma,Tramadol 20 mg,10 tablets,147.8,tramadol 20mg,10
Omecap 1000,GSK India,Levothyroxine 5 mg,10 tablets,348.39,levothyroxine 5mg,6
Dolotab 20,Alkem Labs,amoxicillin(40 mg),1 bottle,504.1,amoxicillin 40mg,1
Pansol 40,Zydus Cadila,ranitidine(10 mg),5 ml,581.66,ranitidine 10mg,19
Doloxr 10,Lupin,Doxycycline 250  mg,15 tablets,594.21,doxycycline 250mg,11
Dolosr 40,Novartis India,Aspirin (250mg),5 ml,307.52,aspirin 250mg,13
Metxr 1000,Torrent Pharma,DOXYCYCLINE-250mg,10 tablets,395.31,doxycycline 250mg,17
Augplus 10,Cipla,Fluoxetine 500 mg,10 tablets,66.79,fluoxetine 500mg,3
Clavtab 40,Torrent Pharma,Diclofenac (500mg),6 tablets,521.67,diclofenac 500mg,17
Omexr 500,Novartis India,Glimepiride 5 mg,1 bottle,306.21,glimepiride 5mg,13
Amoxcin 40,GSK India,Omeprazole 500  mg,5 ml,200.42,omeprazole 500mg,6
Amoxds 40,Sanofi India,Fexofenadine (10 mg),15 tablets,303.69,fexofenadine 10mg,15
Omeod 20,Dr Reddy,ALPRAZOLAM-500mg,30 tablets,304.34,alprazolam 500mg,5
Cetcap 500,Dr Reddy,LOSARTAN-200mg,6 tablets,430.54,losartan 200mg,5
Pancin 10,Glenmark,Clonazepam (40mg),10 capsules,421.62,clonazepam 40mg,7
Amoxforte 10,Torrent Pharma,amlodipine 250mg,10 capsules,276.4,amlodipine 250mg,17
Panplus 1000,Aurobindo Pharma,Telmisartan 10 mg,1 bottle,255.27,telmisartan 10mg,2
Augxr 10,Intas Pharma,Omeprazole 10 mg,30 tablets,553.01,omeprazole 10mg,10
Dolocap 20,Sanofi India,Rosuvastatin (20mg),6 tablets,265.99,rosuvastatin 20mg,15
Amoxod 20,Hetero Drugs,Ranitidine 1000 mg,10 tablets,326.07,ranitidine 1000mg,8
Doloplus 40,Zydus Cadila,Pregabalin 5  mg,1 bottle,171.32,pregabalin 5mg,19
Cetod 20,Wockhardt,Pregabalin (500 mg),10 capsules,284.71,pregabalin 500mg,18
Augcap 1000,Cipla,Fexofenadine (200mg),1 bottle,253.61,fexofenadine 200mg,3
Metcin 500,Dr Reddy,AMOXICILLIN-400mg,30 tablets,60.67,amoxicillin 400mg,5
Omeds 1000,Dr Reddy,Aspirin (400mg),10 tablets,403.8,aspirin 400mg,5
Doloforte 500,Sanofi India,gabapentin 250 mg,1 bottle,420.35,gabapentin 250mg,15
Bruod 10,Torrent Pharma,Cetirizine (250 mg),15 tablets,562.35,cetirizine 250mg,17
Clavds 500,Dr Reddy,clonazepam 5mg,1 bottle,392.9,clonazepam 5mg,5
Clavxr 500,Aurobindo Pharma,aspirin 250 mg,1 bottle,396.97,aspirin 250mg,2
Amoxtab 10,Wockhardt,methylcobalamin(500 mg),6 tablets,394.77,methylcobalamin 500mg,18
Clavtab 40,Dabur Pharma,Rabeprazole (500mg),10 capsules,263.84,rabeprazole 500mg,4
Cetod 500,Wockhardt,Calcium carbonate 100 mg,6 tablets,240.85,calcium carbonate 100mg,18
Dolotab 10,Sanofi India,Glimepiride 20 mg,5 ml,579.93,glimepiride 20mg,15
Augtab 20,Sun Pharma,Methylcobalamin (500mg),15 tablets,457.33,methylcobalamin 500mg,16
Augcap 250,Alkem Labs,Levothyroxine (20mg),10 capsules,549.74,levothyroxine 20mg,1
Amoxforte 40,Cipla,esomeprazole(1000mg),6 tablets,479.53,esomeprazole 1000mg,3
Omexr 1000,Zydus Cadila,TELMISARTAN-10mg,10 tablets,259.61,telmisartan 10mg,19
Cetplus 500,Cipla,calcium carbonate 5mg,10 capsules,441.22,calcium carbonate 5mg,3
Pansr 1000,Sun Pharma,gabapentin 1000mg,15 tablets,193.51,gabapentin 1000mg,16
Cetplus 20,Mankind Pharma,glimepiride 1000mg,10 tablets,184.14,glimepiride 1000mg,12
Clavsol 40,Sun Pharma,fluoxetine 200mg,5 ml,521.33,fluoxetine 200mg,16
Cetplus 1000,Pfizer India,vitamin d3(200 mg),10 tablets,10.31,vitamin d3 200mg,14
Azeecap 500,GSK India,Ibuprofen 250 mg,10 tablets,409.19,ibuprofen 250mg,6
Bruforte 1000,Abbott India,Amlodipine 40  mg,1 bottle,160.3,amlodipine 40mg,0
Doloplus 20,Abbott India,Diclofenac 500  mg,30 tablets,556.64,diclofenac 500mg,0
Dolosol 20,Wockhardt,Ranitidine 1000  mg,10 tablets,136.56,ranitidine 1000mg,18
Pancap 250,Pfizer India,AMLODIPINE-200mg,6 tablets,212.68,amlodipine 200mg,14
Brucap 10,Himalaya,LOSARTAN-400mg,10 tablets,374.29,losartan 400mg,9
Augsr 500,Intas Pharma,CLOPIDOGREL-5mg,5 ml,135.41,clopidogrel 5mg,10
Clavtab 500,Pfizer India,AMLODIPINE-500mg,10 tablets,591.95,amlodipine 500mg,14
Cettab 40,Dr Reddy,Esomeprazole 250  mg,30 tablets,61.03,esomeprazole 250mg,5
Omecin 250,Glenmark,Ranitidine 500 mg,10 capsules,432.55,ranitidine 500mg,7
Amoxsol 500,Torrent Pharma,Losartan 5 mg,30 tablets,451.26,losartan 5mg,17
Pancin 10,Zydus Cadila,vitamin d3 1000mg,15 tablets,380.52,vitamin d3 1000mg,19
Cetsr 20,Abbott India,diclofenac(1000 mg),30 tablets,35.8,diclofenac 1000mg,0
Panod 500,GSK India,diclofenac 400 mg,10 tablets,119.51,diclofenac 400mg,6
Brusol 40,Cipla,paracetamol(500mg),10 tablets,585.48,paracetamol 500mg,3
Bruforte 20,Glenmark,Fexofenadine 40  mg,30 tablets,252.61,fexofenadine 40mg,7
Amoxxr 40,Abbott India,Montelukast (20 mg),30 tablets,136.23,montelukast 20mg,0
Omeforte 1000,Sanofi India,Rabeprazole 500  mg,30 tablets,451.15,rabeprazole 500mg,15
Omeds 1000,Alkem Labs,Tramadol 250  mg,30 tablets,72.07,tramadol 250mg,1
Cetod 10,Glenmark,Ciprofloxacin 400 mg,15 tablets,444.16,ciprofloxacin 400mg,7
Cetforte 250,Mankind Pharma,omeprazole(250mg),15 tablets,441.55,omeprazole 250mg,12
Metcin 500,Wockhardt,ATORVASTATIN-100mg,30 tablets,374.35,atorvastatin 100mg,18
Azeecap 250,Mankind Pharma,CIPROFLOXACIN-40mg,10 capsules,17.56,ciprofloxacin 40mg,12
Cetod 40,Dabur Pharma,METOPROLOL-100mg,15 tablets,226.61,metoprolol 100mg,4
Amoxcin 10,Zydus Cadila,Montelukast 200  mg,10 capsules,484.71,montelukast 200mg,19
Augds 500,Cipla,clopidogrel(5mg),10 capsules,398.26,clopidogrel 5mg,3
Augds 500,Sun Pharma,ondansetron(20 mg),10 tablets,191.94,ondansetron 20mg,16
Panod 40,Abbott India,rabeprazole(100mg),1 bottle,191.1,rabeprazole 100mg,0
Clavcap 1000,Glenmark,rosuvastatin(250mg),30 tablets,473.98,rosuvastatin 250mg,7
Cetsol 500,Himalaya,Ranitidine 1000  mg,5 ml,201.82,ranitidine 1000mg,9
Clavcap 10,Novartis India,Aspirin 100 mg,5 ml,576.88,aspirin 100mg,13
Azeecin 10,Aurobindo Pharma,cetirizine(100mg),10 tablets,523.09,cetirizine 100mg,2
Clavcap 1000,Sanofi India,pregabalin(1000 mg),1 bottle,583.34,pregabalin 1000mg,15
Azeexr 20,Hetero Drugs,ibuprofen(400mg),10 tablets,426.71,ibuprofen 400mg,8
Metsol 250,Novartis India,Montelukast (200mg),10 capsules,330.32,montelukast 200mg,13
Clavtab 500,GSK India,vitamin d3 5mg,1 bottle,390.08,vitamin d3 5mg,6
Pantab 40,Novartis India,fluoxetine(400mg),5 ml,526.98,fluoxetine 400mg,13
Dolocap 250,Lupin,ATORVASTATIN-1000mg,10 capsules,11.5,atorvastatin 1000mg,11
Metxr 40,Dr Reddy,ESOMEPRAZOLE-20mg,15 tablets,457.84,esomeprazole 20mg,5
Cetsr 250,Mankind Pharma,paracetamol(200 mg),10 tablets,116.69,paracetamol 200mg,12
Bruforte 500,Dr Reddy,paracetamol(10mg),1 bottle,493.93,paracetamol 10mg,5
Azeesr 250,Torrent Pharma,MONTELUKAST-5mg,15 tablets,228.65,montelukast 5mg,17
Omesr 40,Dabur Pharma,Fluoxetine 100 mg,10 tablets,42.68,fluoxetine 100mg,4
Cetcin 1000,Zydus Cadila,Paracetamol 20 mg,10 capsules,39.51,paracetamol 20mg,19
Clavtab 500,Alkem Labs,clonazepam(250mg),30 tablets,503.73,clonazepam 250mg,1
Metcap 1000,Dabur Pharma,paracetamol 250mg,5 ml,421.15,paracetamol 250mg,4
Dolocap 40,Aurobindo Pharma,Rosuvastatin 40 mg,15 tablets,522.42,rosuvastatin 40mg,2
Doloplus 500,Pfizer India,Azithromycin 10 mg,10 capsules,321.25,azithromycin 10mg,14
Omexr 10,Lupin,Rabeprazole (40 mg),6 tablets,307.28,rabeprazole 40mg,11
Pancap 1000,Zydus Cadila,Tramadol 400  mg,10 capsules,64.74,tramadol 400mg,19
Pancap 500,Pfizer India,Losartan 40 mg,15 tablets,32.15,losartan 40mg,14
Panforte 500,Intas Pharma,Clopidogrel (5mg),6 tablets,53.94,clopidogrel 5mg,10
Dolocin 20,Pfizer India,Metformin (250 mg),30 tablets,161.6,metformin 250mg,14
Augds 1000,Cipla,Levocetirizine 40  mg,15 tablets,266.21,levocetirizine 40mg,3
Augxr 1000,Sun Pharma,PARACETAMOL-400mg,6 tablets,398.65,paracetamol 400mg,16
Pantab 10,Glenmark,alprazolam 400mg,6 tablets,542.44,alprazolam 400mg,7
Cetod 250,Zydus Cadila,CALCIUM CARBONATE-20mg,10 capsules,77.74,calcium carbonate 20mg,19
Cettab 500,Lupin,amlodipine 250mg,10 tablets,159.33,amlodipine 250mg,11
Clavcin 1000,Dr Reddy,Rabeprazole (400 mg),10 capsules,25.45,rabeprazole 400mg,5
Augod 10,Hetero Drugs,ondansetron(200mg),5 ml,548.12,ondansetron 200mg,8
Clavcin 1000,Cipla,omeprazole 40mg,1 bottle,383.75,omeprazole 40mg,3
Pantab 250,Lupin,aspirin(400 mg),10 capsules,598.1,aspirin 400mg,11
Augxr 250,Aurobindo Pharma,Clopidogrel 10  mg,1 bottle,354.01,clopidogrel 10mg,2
Clavcap 250,GSK India,Ondansetron (250mg),10 tablets,274.31,ondansetron 250mg,6
Metds 250,Zydus Cadila,Sertraline (20 mg),15 tablets,156.94,sertraline 20mg,19
Augcap 1000,Mankind Pharma,montelukast(20 mg),1 bottle,518.33,montelukast 20mg,12
Azeeod 20,Novartis India,ROSUVASTATIN-200mg,30 tablets,288.79,rosuvastatin 200mg,13
Clavsol 500,Mankind Pharma,Fluoxetine 40 mg,10 capsules,380.14,fluoxetine 40mg,12
Clavsol 20,Sun Pharma,ibuprofen 40mg,5 ml,305.79,ibuprofen 40mg,16
Azeeplus 1000,Aurobindo Pharma,calcium carbonate 5 mg,30 tablets,88.11,calcium carbonate 5mg,2
Metod 250,Hetero Drugs,Ciprofloxacin 250  mg,15 tablets,335.42,ciprofloxacin 250mg,8
Dolosol 500,GSK India,ONDANSETRON-40mg,15 tablets,515.28,ondansetron 40mg,6
Metsol 1000,Wockhardt,Pantoprazole (500mg),1 bottle,469.49,pantoprazole 500mg,18
Metplus 40,Aurobindo Pharma,amlodipine 1000mg,6 tablets,591.09,amlodipine 1000mg,2
Brucap 500,Sanofi India,DOXYCYCLINE-1000mg,10 capsules,123.42,doxycycline 1000mg,15
Amoxsol 1000,Lupin,telmisartan 500 mg,6 tablets,523.79,telmisartan 500mg,11
Amoxplus 20,Torrent Pharma,cetirizine 20 mg,10 capsules,204.81,cetirizine 20mg,17
Amoxxr 500,Intas Pharma,omeprazole(400 mg),15 tablets,307.35,omeprazole 400mg,10
Augod 500,Wockhardt,Zinc Sulphate (10mg),30 tablets,542.03,zinc sulphate 10mg,18
Augsol 1000,Mankind Pharma,Vitamin d3 5  mg,30 tablets,134.93,vitamin d3 5mg,12
Metcin 250,Lupin,fluoxetine(500 mg),30 tablets,283.11,fluoxetine 500mg,11
Mettab 250,Torrent Pharma,TRAMADOL-400mg,30 tablets,436.74,tramadol 400mg,17
Clavtab 500,Pfizer India,CALCIUM CARBONATE-10mg,30 tablets,481.0,calcium carbonate 10mg,14
Mettab 10,Sun Pharma,cetirizine 40mg,15 tablets,34.11,cetirizine 40mg,16
Clavds 10,Novartis India,RANITIDINE-40mg,5 ml,475.21,ranitidine 40mg,13
Azeexr 250,Mankind Pharma,Ciprofloxacin (20mg),10 tablets,164.45,ciprofloxacin 20mg,12
Bruxr 20,Pfizer India,Metoprolol (500 mg),10 capsules,365.87,metoprolol 500mg,14
Omeplus 250,Cipla,ALPRAZOLAM-200mg,10 tablets,172.73,alprazolam 200mg,3
Metds 10,GSK India,PARACETAMOL-40mg,15 tablets,48.1,paracetamol 40mg,6
Clavplus 10,Dabur Pharma,pantoprazole 5 mg,6 tablets,585.37,pantoprazole 5mg,4
Clavsol 250,Sanofi India,doxycycline(40 mg),15 tablets,209.29,doxycycline 40mg,15
Brucin 10,Aurobindo Pharma,CALCIUM CARBONATE-400mg,1 bottle,192.63,calcium carbonate 400mg,2
Azeetab 1000,Torrent Pharma,vitamin d3(5mg),6 tablets,10.63,vitamin d3 5mg,17
Brucin 500,Glenmark,METHYLCOBALAMIN-500mg,5 ml,322.2,methylcobalamin 500mg,7
Clavxr 500,Sun Pharma,Zinc sulphate 1000  mg,5 ml,219.48,zinc sulphate 1000mg,16
Omecap 250,Glenmark,Ondansetron 250 mg,5 ml,41.71,ondansetron 250mg,7
Amoxtab 20,Intas Pharma,Pantoprazole 20 mg,5 ml,21.82,pantoprazole 20mg,10
Dolood 40,Cipla,rosuvastatin 200 mg,10 capsules,146.61,rosuvastatin 200mg,3
Augod 1000,GSK India,PANTOPRAZOLE-200mg,5 ml,30.54,pantoprazole 200mg,6
Amoxds 40,Abbott India,Esomeprazole 250  mg,1 bottle,480.95,esomeprazole 250mg,0
Dolods 1000,Mankind Pharma,Metoprolol (250 mg),15 tablets,256.23,metoprolol 250mg,12
Cetcap 10,Glenmark,Metformin 1000 mg,5 ml,356.68,metformin 1000mg,7
Metod 10,Glenmark,Telmisartan 200  mg,15 tablets,301.84,telmisartan 200mg,7
Metds 1000,Cipla,METHYLCOBALAMIN-500mg,5 ml,167.37,methylcobalamin 500mg,3
Omecap 1000,Himalaya,losartan 1000mg,6 tablets,92.95,losartan 1000mg,9
Metod 10,Glenmark,levothyroxine(400mg),10 tablets,230.07,levothyroxine 400mg,7
Brucap 250,Intas Pharma,Glimepiride (10 mg),15 tablets,168.5,glimepiride 10mg,10
Ometab 20,Torrent Pharma,ONDANSETRON-400mg,1 bottle,362.5,ondansetron 400mg,17
Clavsol 40,Aurobindo Pharma,METOPROLOL-5mg,30 tablets,137.36,metoprolol 5mg,2
Brucin 500,Dr Reddy,Zinc sulphate 1000 mg,5 ml,127.78,zinc sulphate 1000mg,5
Amoxtab 20,Hetero Drugs,ciprofloxacin(500mg),30 tablets,392.86,ciprofloxacin 500mg,8
Clavsol 250,Sun Pharma,FEXOFENADINE-500mg,6 tablets,139.73,fexofenadine 500mg,16
Brusr 40,Himalaya,Pantoprazole (1000mg),15 tablets,586.05,pantoprazole 1000mg,9
Bruforte 10,Abbott India,Tramadol 20  mg,5 ml,231.47,tramadol 20mg,0
Omeod 1000,Torrent Pharma,ZINC SULPHATE-500mg,10 capsules,485.11,zinc sulphate 500mg,17
Clavsol 20,Zydus Cadila,Azithromycin (10mg),1 bottle,194.56,azithromycin 10mg,19
Omesol 1000,Abbott India,GABAPENTIN-20mg,15 tablets,409.8,gabapentin 20mg,0
Pancap 10,Sun Pharma,clonazepam 250 mg,1 bottle,156.24,clonazepam 250mg,16
Omeforte 40,Pfizer India,Fexofenadine 250 mg,30 tablets,599.45,fexofenadine 250mg,14
Bruplus 20,Mankind Pharma,Alprazolam 40  mg,10 tablets,590.57,alprazolam 40mg,12
Pancap 20,Pfizer India,amlodipine(20 mg),15 tablets,174.87,amlodipine 20mg,14
Pancap 500,Mankind Pharma,sertraline 40mg,6 tablets,446.39,sertraline 40mg,12
Omecap 1000,Pfizer India,Zinc sulphate 5 mg,5 ml,331.35,zinc sulphate 5mg,14
Clavforte 250,Himalaya,pregabalin(1000mg),30 tablets,235.38,pregabalin 1000mg,9
Bruplus 1000,Glenmark,atorvastatin 200 mg,5 ml,264.07,atorvastatin 200mg,7
Dolocap 1000,Torrent Pharma,Vitamin D3 (250mg),10 tablets,524.83,vitamin d3 250mg,17
Doloplus 10,Novartis India,Clonazepam 1000  mg,30 tablets,535.22,clonazepam 1000mg,13
Pantab 40,Hetero Drugs,sertraline(40 mg),5 ml,186.35,sertraline 40mg,8
Pansr 500,GSK India,Montelukast 1000 mg,6 tablets,167.75,montelukast 1000mg,6
Amoxcin 40,Lupin,Aspirin 10 mg,15 tablets,296.5,aspirin 10mg,11
Dolocap 10,Hetero Drugs,omeprazole 1000 mg,1 bottle,212.42,omeprazole 1000mg,8
Azeeforte 250,Aurobindo Pharma,domperidone(20mg),1 bottle,576.01,domperidone 20mg,2
Dolosr 250,Dr Reddy,ondansetron(5 mg),30 tablets,418.0,ondansetron 5mg,5
Clavplus 250,Wockhardt,Levocetirizine 1000 mg,10 capsules,342.88,levocetirizine 1000mg,18
Clavforte 1000,Sun Pharma,Rabeprazole 200 mg,30 tablets,78.7,rabeprazole 200mg,16
Brusol 500,Himalaya,ATORVASTATIN-400mg,30 tablets,85.97,atorvastatin 400mg,9
Brutab 20,Aurobindo Pharma,alprazolam 20mg,10 capsules,84.17,alprazolam 20mg,2
Bruod 10,Intas Pharma,Fexofenadine 200  mg,10 capsules,335.64,fexofenadine 200mg,10
Brusol 250,Dr Reddy,ALPRAZOLAM-10mg,10 capsules,213.72,alprazolam 10mg,5
Dolood 40,Mankind Pharma,doxycycline(1000 mg),15 tablets,54.52,doxycycline 1000mg,12
Clavcin 250,Intas Pharma,Azithromycin 20 mg,1 bottle,296.81,azithromycin 20mg,10
Brusol 10,Sanofi India,calcium carbonate(1000mg),5 ml,597.75,calcium carbonate 1000mg,15
Brucap 500,Aurobindo Pharma,ESOMEPRAZOLE-500mg,10 tablets,122.05,esomeprazole 500mg,2
Doloxr 20,GSK India,sertraline 5mg,1 bottle,441.0,sertraline 5mg,6
Pansol 40,Intas Pharma,Montelukast (1000mg),10 tablets,102.33,montelukast 1000mg,10
Augplus 40,Mankind Pharma,amlodipine(100mg),6 tablets,592.28,amlodipine 100mg,12
Omeds 20,Wockhardt,amlodipine 400mg,10 tablets,416.78,amlodipine 400mg,18
Azeexr 500,Himalaya,Gabapentin 250 mg,30 tablets,399.5,gabapentin 250mg,9
Metxr 40,Aurobindo Pharma,Doxycycline 1000  mg,1 bottle,434.26,doxycycline 1000mg,2
Mettab 40,Alkem Labs,ciprofloxacin 40 mg,30 tablets,126.91,ciprofloxacin 40mg,1
Omeod 40,Wockhardt,amlodipine 20 mg,1 bottle,210.64,amlodipine 20mg,18
Augds 250,Aurobindo Pharma,aspirin 500mg,10 capsules,278.0,aspirin 500mg,2
Clavplus 20,Intas Pharma,ONDANSETRON-250mg,5 ml,365.35,ondansetron 250mg,10
Cetcin 40,Sanofi India,CALCIUM CARBONATE-5mg,10 capsules,51.71,calcium carbonate 5mg,15
Omesol 10,Torrent Pharma,Diclofenac 40  mg,10 capsules,437.72,diclofenac 40mg,17
Cetxr 250,Sanofi India,LEVOCETIRIZINE-500mg,15 tablets,505.09,levocetirizine 500mg,15
Azeeplus 20,Himalaya,METHYLCOBALAMIN-250mg,30 tablets,468.99,methylcobalamin 250mg,9
Bruxr 250,GSK India,Losartan 250  mg,5 ml,435.32,losartan 250mg,6
Panod 250,Sun Pharma,fexofenadine 250 mg,5 ml,420.88,fexofenadine 250mg,16
Augcin 10,Dr Reddy,azithromycin 200 mg,15 tablets,234.65,azithromycin 200mg,5
Omecap 250,Novartis India,ciprofloxacin(5mg),10 tablets,456.94,ciprofloxacin 5mg,13
Pansol 40,Pfizer India,SERTRALINE-10mg,15 tablets,270.73,sertraline 10mg,14
Mettab 10,Alkem Labs,Losartan 1000  mg,10 capsules,156.74,losartan 1000mg,1
Azeesr 40,Novartis India,Clopidogrel 200 mg,6 tablets,580.42,clopidogrel 200mg,13
Omecin 500,Wockhardt,rosuvastatin(5 mg),10 capsules,203.67,rosuvastatin 5mg,18
Doloplus 10,Wockhardt,Vitamin d3 40 mg,15 tablets,468.19,vitamin d3 40mg,18
Pantab 1000,Cipla,methylcobalamin(250 mg),30 tablets,236.57,methylcobalamin 250mg,3
Clavcin 250,Sun Pharma,Tramadol (250mg),10 tablets,274.84,tramadol 250mg,16
Amoxsr 1000,Abbott India,Losartan 1000  mg,6 tablets,152.45,losartan 1000mg,0
Omesol 250,Dabur Pharma,methylcobalamin(500mg),30 tablets,348.03,methylcobalamin 500mg,4
Omesol 250,Abbott India,fluoxetine(1000mg),15 tablets,215.29,fluoxetine 1000mg,0
Omeod 40,Dr Reddy,losartan 40mg,10 tablets,32.77,losartan 40mg,5
Clavplus 250,Mankind Pharma,paracetamol 200 mg,6 tablets,496.81,paracetamol 200mg,12
Cetsol 20,Abbott India,Zinc Sulphate (200 mg),5 ml,329.01,zinc sulphate 200mg,0
Brucap 40,Cipla,Tramadol 1000  mg,6 tablets,317.96,tramadol 1000mg,3
Metod 20,Sun Pharma,atorvastatin 5mg,6 tablets,492.32,atorvastatin 5mg,16
Azeetab 20,Alkem Labs,tramadol 100mg,10 tablets,124.36,tramadol 100mg,1
Pancap 10,Pfizer India,methylcobalamin(5mg),6 tablets,453.25,methylcobalamin 5mg,14
Azeetab 20,Hetero Drugs,Paracetamol (40 mg),30 tablets,200.82,paracetamol 40mg,8
Panforte 10,Sanofi India,Cetirizine 1000 mg,1 bottle,498.89,cetirizine 1000mg,15
Augplus 250,Glenmark,Metoprolol 5  mg,5 ml,219.65,metoprolol 5mg,7
Brusr 10,Wockhardt,ASPIRIN-250mg,10 tablets,321.68,aspirin 250mg,18
Cetxr 1000,GSK India,pantoprazole(200mg),6 tablets,210.23,pantoprazole 200mg,6
Amoxforte 250,Wockhardt,ondansetron(100mg),1 bottle,419.08,ondansetron 100mg,18
Amoxplus 40,Pfizer India,rosuvastatin 40mg,6 tablets,488.04,rosuvastatin 40mg,14
Pantab 20,Dabur Pharma,Levothyroxine 20 mg,10 capsules,224.26,levothyroxine 20mg,4
Metds 1000,GSK India,Azithromycin 250  mg,15 tablets,52.14,azithromycin 250mg,6
Bruds 250,Hetero Drugs,Levocetirizine (40 mg),10 tablets,582.57,levocetirizine 40mg,8
Bruforte 40,Abbott India,doxycycline(1000mg),30 tablets,43.84,doxycycline 1000mg,0
Doloxr 500,Intas Pharma,FEXOFENADINE-500mg,6 tablets,415.39,fexofenadine 500mg,10
Dolocap 1000,Intas Pharma,METHYLCOBALAMIN-20mg,10 capsules,463.43,methylcobalamin 20mg,10
Omexr 250,Zydus Cadila,domperidone 40mg,1 bottle,401.73,domperidone 40mg,19
Amoxsr 10,Himalaya,Pantoprazole 5  mg,1 bottle,436.22,pantoprazole 5mg,9
Azeeforte 40,Alkem Labs,Doxycycline (40 mg),6 tablets,596.2,doxycycline 40mg,1
Mettab 20,Lupin,ranitidine(10 mg),10 capsules,99.77,ranitidine 10mg,11
Panxr 500,Zydus Cadila,OMEPRAZOLE-40mg,10 capsules,214.32,omeprazole 40mg,19
Doloplus 250,Torrent Pharma,cetirizine 5 mg,30 tablets,507.24,cetirizine 5mg,17
Pancin 500,Torrent Pharma,Clonazepam (400mg),5 ml,213.52,clonazepam 400mg,17
Metforte 40,Wockhardt,PANTOPRAZOLE-5mg,1 bottle,187.24,pantoprazole 5mg,18
Augtab 10,Aurobindo Pharma,diclofenac(200 mg),30 tablets,498.36,diclofenac 200mg,2
Dolocin 20,Zydus Cadila,AMLODIPINE-1000mg,5 ml,255.35,amlodipine 1000mg,19
Metplus 10,Intas Pharma,Gabapentin 250  mg,6 tablets,236.87,gabapentin 250mg,10
Cetforte 20,Sun Pharma,GABAPENTIN-40mg,10 capsules,268.1,gabapentin 40mg,16
Augcap 40,Cipla,Pregabalin 100 mg,10 tablets,241.33,pregabalin 100mg,3
Clavcin 20,Aurobindo Pharma,PARACETAMOL-400mg,30 tablets,496.62,paracetamol 400mg,2
Omexr 500,Dr Reddy,fluoxetine(100mg),6 tablets,158.44,fluoxetine 100mg,5
Omexr 10,Cipla,Amoxicillin (400mg),6 tablets,147.04,amoxicillin 400mg,3
Cetod 1000,Aurobindo Pharma,clopidogrel(20 mg),15 tablets,52.96,clopidogrel 20mg,2
Panxr 40,Wockhardt,alprazolam(100mg),10 tablets,589.6,alprazolam 100mg,18
Bruod 250,Sun Pharma,Metformin 40 mg,30 tablets,385.19,metformin 40mg,16
Brucap 1000,Dabur Pharma,clopidogrel(5mg),10 tablets,172.25,clopidogrel 5mg,4
Augsol 500,Intas Pharma,fluoxetine(400 mg),30 tablets,546.23,fluoxetine 400mg,10
Azeeod 500,Alkem Labs,RANITIDINE-200mg,5 ml,213.15,ranitidine 200mg,1
Pansr 500,Dr Reddy,Paracetamol (20 mg),6 tablets,372.99,paracetamol 20mg,5
Augtab 1000,Wockhardt,Ibuprofen (500 mg),1 bottle,328.21,ibuprofen 500mg,18
Augod 1000,Dr Reddy,Domperidone 10 mg,30 tablets,219.24,domperidone 10mg,5
Clavcap 500,Intas Pharma,METHYLCOBALAMIN-400mg,5 ml,11.43,methylcobalamin 400mg,10
Azeeod 40,Mankind Pharma,pregabalin 1000mg,10 tablets,217.7,pregabalin 1000mg,12
Cetxr 20,Lupin,Ondansetron (400 mg),5 ml,262.63,ondansetron 400mg,11
Cetplus 40,Abbott India,Levothyroxine 500 mg,6 tablets,551.48,levothyroxine 500mg,0
Cetforte 250,Abbott India,Glimepiride (400mg),5 ml,447.19,glimepiride 400mg,0
Azeeplus 1000,Novartis India,ONDANSETRON-20mg,15 tablets,35.99,ondansetron 20mg,13
Metod 20,Hetero Drugs,Ciprofloxacin 40  mg,30 tablets,358.39,ciprofloxacin 40mg,8
Pands 10,Alkem Labs,Rosuvastatin (5 mg),15 tablets,387.21,rosuvastatin 5mg,1
Pands 1000,Himalaya,LEVOCETIRIZINE-400mg,6 tablets,488.79,levocetirizine 400mg,9
Clavcin 1000,Lupin,Telmisartan 5  mg,30 tablets,77.81,telmisartan 5mg,11
Pansr 1000,Cipla,Fluoxetine (40mg),10 capsules,179.05,fluoxetine 40mg,3
Augplus 40,GSK India,Methylcobalamin (10mg),10 tablets,13.85,methylcobalamin 10mg,6
Bruforte 40,Torrent Pharma,ondansetron(5 mg),10 capsules,560.59,ondansetron 5mg,17
Augcap 500,Aurobindo Pharma,Telmisartan 1000  mg,10 tablets,241.1,telmisartan 1000mg,2
Azeetab 20,Zydus Cadila,Sertraline (200mg),10 tablets,8.93,sertraline 200mg,19
Azeeod 40,Zydus Cadila,alprazolam 20mg,5 ml,174.97,alprazolam 20mg,19
Bruod 40,Sun Pharma,Esomeprazole 10 mg,15 tablets,202.54,esomeprazole 10mg,16
Pansol 40,Intas Pharma,fexofenadine(10 mg),10 capsules,446.41,fexofenadine 10mg,10
Amoxds 250,Glenmark,Clonazepam 1000 mg,15 tablets,155.11,clonazepam 1000mg,7
Clavsol 250,Sanofi India,telmisartan(40mg),15 tablets,131.84,telmisartan 40mg,15
Azeeds 1000,Aurobindo Pharma,ASPIRIN-500mg,10 tablets,119.42,aspirin 500mg,2
Omeplus 20,Sun Pharma,tramadol 400mg,10 tablets,487.33,tramadol 400mg,16
Augsr 250,GSK India,tramadol 250 mg,15 tablets,171.07,tramadol 250mg,6
Clavplus 1000,Novartis India,Methylcobalamin 10  mg,10 tablets,495.15,methylcobalamin 10mg,13
Brutab 250,Abbott India,Methylcobalamin 40  mg,10 capsules,400.69,methylcobalamin 40mg,0
Clavtab 250,Aurobindo Pharma,CLOPIDOGREL-40mg,10 capsules,315.18,clopidogrel 40mg,2
Amoxsol 250,Wockhardt,azithromycin 40 mg,10 capsules,288.49,azithromycin 40mg,18
Augtab 40,Pfizer India,cetirizine(5 mg),6 tablets,433.59,cetirizine 5mg,14
Cetsol 10,Sanofi India,cetirizine 1000 mg,1 bottle,154.37,cetirizine 1000mg,15
Brusr 250,Pfizer India,losartan 400 mg,10 capsules,565.01,losartan 400mg,14
Clavtab 500,Novartis India,Pantoprazole (400 mg),15 tablets,510.9,pantoprazole 400mg,13
Clavod 250,Mankind Pharma,gabapentin 5 mg,30 tablets,377.72,gabapentin 5mg,12
Doloforte 500,Novartis India,glimepiride 10mg,5 ml,283.4,glimepiride 10mg,13
Omeds 1000,Wockhardt,Telmisartan 5 mg,15 tablets,226.1,telmisartan 5mg,18
Amoxplus 20,Dabur Pharma,Fluoxetine 10 mg,5 ml,428.31,fluoxetine 10mg,4
Pansr 20,Wockhardt,Aspirin (10mg),30 tablets,295.87,aspirin 10mg,18
Doloplus 500,Sanofi India,pantoprazole(40mg),6 tablets,276.44,pantoprazole 40mg,15
Dolotab 40,Dabur Pharma,vitamin d3(40 mg),15 tablets,552.46,vitamin d3 40mg,4
Dolods 10,Torrent Pharma,levocetirizine 10 mg,1 bottle,503.1,levocetirizine 10mg,17
Dolosol 20,Cipla,Aspirin (40 mg),5 ml,448.95,aspirin 40mg,3
Omeds 1000,GSK India,Vitamin d3 500 mg,1 bottle,123.46,vitamin d3 500mg,6
Panplus 250,Abbott India,cetirizine 40 mg,6 tablets,578.1,cetirizine 40mg,0
Omexr 40,Lupin,metformin 500mg,15 tablets,242.93,metformin 500mg,11
Augod 40,Lupin,Sertraline 250 mg,15 tablets,443.11,sertraline 250mg,11
Amoxcap 40,Wockhardt,Doxycycline (250 mg),5 ml,279.44,doxycycline 250mg,18
Omesr 40,Sanofi India,IBUPROFEN-100mg,10 capsules,249.06,ibuprofen 100mg,15
Doloplus 500,Zydus Cadila,Pantoprazole (20 mg),6 tablets,570.85,pantoprazole 20mg,19
Amoxxr 1000,Glenmark,Ciprofloxacin (200 mg),10 capsules,532.39,ciprofloxacin 200mg,7
Pansol 10,Sanofi India,Glimepiride 1000  mg,15 tablets,375.25,glimepiride 1000mg,15
Omesol 1000,Mankind Pharma,Levothyroxine (500 mg),1 bottle,25.47,levothyroxine 500mg,12
Panxr 10,Zydus Cadila,CIPROFLOXACIN-1000mg,5 ml,267.92,ciprofloxacin 1000mg,19
Cettab 40,Mankind Pharma,PARACETAMOL-250mg,30 tablets,518.56,paracetamol 250mg,12
Dolosr 500,Sanofi India,PREGABALIN-1000mg,10 tablets,118.58,pregabalin 1000mg,15
Doloforte 1000,Aurobindo Pharma,diclofenac(400 mg),30 tablets,86.96,diclofenac 400mg,2
Panforte 500,Hetero Drugs,diclofenac 250mg,1 bottle,376.75,diclofenac 250mg,8
Cetsol 1000,Intas Pharma,gabapentin 40 mg,10 tablets,557.6,gabapentin 40mg,10
Azeexr 20,Mankind Pharma,Gabapentin 200  mg,30 tablets,97.08,gabapentin 200mg,12
Dolotab 1000,Mankind Pharma,Ibuprofen 500 mg,30 tablets,59.74,ibuprofen 500mg,12
Augds 1000,Himalaya,Diclofenac (500 mg),15 tablets,356.07,diclofenac 500mg,9
Amoxforte 20,Torrent Pharma,RANITIDINE-20mg,5 ml,390.65,ranitidine 20mg,17
Amoxxr 250,Lupin,FLUOXETINE-10mg,15 tablets,242.85,fluoxetine 10mg,11
Cetcap 40,Abbott India,metoprolol 10 mg,15 tablets,476.19,metoprolol 10mg,0
Amoxds 40,Sun Pharma,Amoxicillin (5 mg),10 tablets,72.02,amoxicillin 5mg,16
Azeeod 40,Torrent Pharma,zinc sulphate(400 mg),10 tablets,156.63,zinc sulphate 400mg,17
Azeeod 20,Glenmark,Paracetamol (5 mg),10 capsules,524.59,paracetamol 5mg,7
Pansol 500,Lupin,alprazolam(500mg),30 tablets,175.31,alprazolam 500mg,11
Brusol 1000,Cipla,Amoxicillin (400 mg),30 tablets,574.66,amoxicillin 400mg,3
Cettab 500,Cipla,fexofenadine(200 mg),6 tablets,599.79,fexofenadine 200mg,3
Omecap 1000,Sun Pharma,Methylcobalamin 100 mg,15 tablets,544.18,methylcobalamin 100mg,16
Dolood 20,Lupin,losartan(20mg),15 tablets,519.46,losartan 20mg,11
Azeeplus 20,Sanofi India,tramadol(200mg),5 ml,541.66,tramadol 200mg,15
Pansol 500,Himalaya,Ranitidine (1000 mg),15 tablets,54.79,ranitidine 1000mg,9
Omexr 10,GSK India,esomeprazole 10 mg,6 tablets,217.82,esomeprazole 10mg,6
Clavforte 250,Intas Pharma,Cetirizine (5mg),10 capsules,187.5,cetirizine 5mg,10
Dolocin 20,Aurobindo Pharma,Ondansetron (100mg),30 tablets,236.29,ondansetron 100mg,2
Cetsol 250,Zydus Cadila,METHYLCOBALAMIN-250mg,5 ml,287.28,methylcobalamin 250mg,19
Cetxr 250,Torrent Pharma,Pregabalin 40  mg,10 tablets,536.42,pregabalin 40mg,17
Brutab 20,Glenmark,esomeprazole 40 mg,10 capsules,449.56,esomeprazole 40mg,7
Azeesol 1000,Intas Pharma,DOMPERIDONE-200mg,10 tablets,168.61,domperidone 200mg,10
Clavds 20,Sanofi India,metoprolol(40 mg),30 tablets,81.99,metoprolol 40mg,15
Cetforte 40,Dabur Pharma,Rabeprazole 500  mg,15 tablets,549.9,rabeprazole 500mg,4
Bruds 500,Zydus Cadila,TRAMADOL-10mg,15 tablets,57.08,tramadol 10mg,19
Clavforte 1000,Alkem Labs,losartan(10mg),10 capsules,383.79,losartan 10mg,1
Omesr 10,Sanofi India,AMOXICILLIN-40mg,10 tablets,55.75,amoxicillin 40mg,15
Bruod 1000,Sun Pharma,methylcobalamin 100mg,15 tablets,166.33,methylcobalamin 100mg,16
Metod 250,Intas Pharma,Doxycycline (200mg),6 tablets,26.15,doxycycline 200mg,10
Clavcin 10,Wockhardt,Azithromycin 5  mg,1 bottle,257.84,azithromycin 5mg,18
Ometab 40,Cipla,SERTRALINE-40mg,6 tablets,524.51,sertraline 40mg,3
Azeecap 10,Pfizer India,ALPRAZOLAM-200mg,5 ml,18.56,alprazolam 200mg,14
Metsol 40,Hetero Drugs,sertraline(40 mg),6 tablets,559.99,sertraline 40mg,8
Amoxcap 1000,Zydus Cadila,vitamin d3(400mg),15 tablets,531.96,vitamin d3 400mg,19
Augforte 250,Torrent Pharma,Ranitidine 20  mg,30 tablets,105.59,ranitidine 20mg,17
Bruds 10,Abbott India,rabeprazole(5mg),10 capsules,328.88,rabeprazole 5mg,0
Clavds 500,Glenmark,Ibuprofen 100 mg,6 tablets,226.16,ibuprofen 100mg,7
Metod 500,Aurobindo Pharma,Diclofenac (40 mg),10 capsules,319.52,diclofenac 40mg,2
Omexr 40,Intas Pharma,metformin 20mg,1 bottle,401.78,metformin 20mg,10
Omeds 20,Pfizer India,Glimepiride 10  mg,10 capsules,313.93,glimepiride 10mg,14
Amoxforte 20,Glenmark,omeprazole(400mg),10 capsules,87.96,omeprazole 400mg,7
Dolocin 250,Mankind Pharma,Pregabalin 250  mg,15 tablets,374.31,pregabalin 250mg,12
Metds 20,Aurobindo Pharma,METHYLCOBALAMIN-10mg,6 tablets,232.41,methylcobalamin 10mg,2
Augds 40,Himalaya,Methylcobalamin 40  mg,10 tablets,381.94,methylcobalamin 40mg,9
Pantab 40,Lupin,ibuprofen(500mg),10 tablets,159.27,ibuprofen 500mg,11
Omeforte 10,Mankind Pharma,Levocetirizine 500 mg,30 tablets,199.43,levocetirizine 500mg,12
Amoxcap 40,GSK India,losartan(500 mg),15 tablets,111.3,losartan 500mg,6
Cetod 1000,Wockhardt,Glimepiride 200  mg,30 tablets,491.14,glimepiride 200mg,18
Augcap 40,Lupin,Rosuvastatin 10 mg,10 capsules,204.48,rosuvastatin 10mg,11
Brusr 1000,Glenmark,LOSARTAN-5mg,15 tablets,407.9,losartan 5mg,7
Dolods 10,Aurobindo Pharma,DOXYCYCLINE-200mg,5 ml,199.02,doxycycline 200mg,2
Amoxcin 10,Dabur Pharma,Montelukast 200  mg,10 tablets,548.18,montelukast 200mg,4
Clavod 250,Wockhardt,Ranitidine (5 mg),10 tablets,292.97,ranitidine 5mg,18
Omesr 250,GSK India,levocetirizine 40 mg,15 tablets,452.41,levocetirizine 40mg,6
Metcin 500,Sanofi India,Esomeprazole 1000  mg,6 tablets,98.95,esomeprazole 1000mg,15
Azeesr 40,Hetero Drugs,METHYLCOBALAMIN-500mg,30 tablets,443.67,methylcobalamin 500mg,8
Pansr 500,Dr Reddy,paracetamol(40 mg),6 tablets,317.37,paracetamol 40mg,5
Omecap 40,Wockhardt,tramadol 1000 mg,6 tablets,232.3,tramadol 1000mg,18
Clavxr 500,Abbott India,Calcium carbonate 5 mg,10 tablets,517.49,calcium carbonate 5mg,0
Panod 1000,Himalaya,MONTELUKAST-200mg,5 ml,45.67,montelukast 200mg,9
Brusol 10,Cipla,Ondansetron (5mg),6 tablets,93.9,ondansetron 5mg,3
Pansr 20,Aurobindo Pharma,Metformin (500 mg),30 tablets,281.69,metformin 500mg,2
Metforte 500,Lupin,metformin(100mg),10 tablets,525.2,metformin 100mg,11
Cetod 1000,Mankind Pharma,aspirin 10 mg,1 bottle,351.8,aspirin 10mg,12
Clavod 250,Dabur Pharma,omeprazole(40mg),1 bottle,200.79,omeprazole 40mg,4
Metsol 40,Zydus Cadila,Sertraline (250mg),10 capsules,496.62,sertraline 250mg,19
Amoxxr 250,GSK India,ALPRAZOLAM-200mg,5 ml,100.71,alprazolam 200mg,6
Augtab 40,Hetero Drugs,Gabapentin (100mg),1 bottle,88.16,gabapentin 100mg,8
Clavforte 10,Dr Reddy,telmisartan 40mg,6 tablets,453.71,telmisartan 40mg,5
Cetsol 40,Dabur Pharma,esomeprazole(250 mg),15 tablets,226.21,esomeprazole 250mg,4
Brusol 250,Sun Pharma,Levothyroxine 400  mg,5 ml,472.03,levothyroxine 400mg,16
Azeesr 20,Hetero Drugs,RANITIDINE-400mg,15 tablets,370.58,ranitidine 400mg,8
Augcap 10,Wockhardt,domperidone(500 mg),30 tablets,319.54,domperidone 500mg,18
Pansr 40,Hetero Drugs,telmisartan 10 mg,30 tablets,97.33,telmisartan 10mg,8
Pands 20,Hetero Drugs,paracetamol(10mg),6 tablets,37.08,paracetamol 10mg,8
Omecin 1000,Glenmark,Montelukast (500 mg),10 capsules,321.63,montelukast 500mg,7
Amoxplus 10,Dabur Pharma,Pregabalin 10  mg,1 bottle,265.66,pregabalin 10mg,4
Bruplus 10,Alkem Labs,Pregabalin 10  mg,5 ml,459.57,pregabalin 10mg,1
Clavxr 500,Torrent Pharma,Montelukast 20  mg,6 tablets,125.59,montelukast 20mg,17
Omeod 250,Mankind Pharma,Metoprolol 20 mg,10 capsules,212.2,metoprolol 20mg,12
Dolocin 1000,Abbott India,Doxycycline 400  mg,30 tablets,578.47,doxycycline 400mg,0
Brucin 20,GSK India,levothyroxine 250mg,15 tablets,291.09,levothyroxine 250mg,6
Azeetab 10,Lupin,gabapentin(250 mg),10 capsules,452.81,gabapentin 250mg,11
Augds 20,Alkem Labs,rabeprazole 10 mg,10 capsules,215.24,rabeprazole 10mg,1
Mettab 40,Pfizer India,calcium carbonate 500 mg,10 tablets,370.35,calcium carbonate 500mg,14
Clavforte 500,Wockhardt,Calcium Carbonate (1000 mg),15 tablets,208.66,calcium carbonate 1000mg,18
Cetsol 20,Mankind Pharma,Telmisartan 400 mg,10 tablets,170.31,telmisartan 400mg,12
Azeesr 1000,Himalaya,atorvastatin(1000mg),5 ml,229.0,atorvastatin 1000mg,9
Pancin 1000,Dabur Pharma,CIPROFLOXACIN-20mg,10 tablets,356.8,ciprofloxacin 20mg,4
Azeeforte 1000,Aurobindo Pharma,AZITHROMYCIN-20mg,30 tablets,27.19,azithromycin 20mg,2
Brucap 40,Mankind Pharma,ciprofloxacin 200mg,30 tablets,445.72,ciprofloxacin 200mg,12
Bruforte 500,Cipla,DOMPERIDONE-400mg,5 ml,127.69,domperidone 400mg,3
Azeecin 20,Himalaya,esomeprazole 40 mg,6 tablets,242.4,esomeprazole 40mg,9
Azeesr 40,Sanofi India,Azithromycin (1000 mg),1 bottle,200.53,azithromycin 1000mg,15
Brusol 250,Alkem Labs,Pregabalin 20 mg,1 bottle,356.09,pregabalin 20mg,1
Panod 10,Aurobindo Pharma,Alprazolam 400 mg,1 bottle,397.15,alprazolam 400mg,2
Amoxplus 1000,Cipla,Levothyroxine (250 mg),6 tablets,399.76,levothyroxine 250mg,3
Omecin 10,Sun Pharma,ondansetron(40mg),6 tablets,370.4,ondansetron 40mg,16
Azeecap 1000,Zydus Cadila,metoprolol 1000 mg,1 bottle,179.47,metoprolol 1000mg,19
Ometab 10,Wockhardt,montelukast 1000mg,1 bottle,269.71,montelukast 1000mg,18
Doloforte 500,Sun Pharma,alprazolam 5 mg,1 bottle,416.88,alprazolam 5mg,16
Metcin 10,Dr Reddy,tramadol 250mg,5 ml,366.76,tramadol 250mg,5
Augod 20,Glenmark,ranitidine(40 mg),15 tablets,464.38,ranitidine 40mg,7
Augtab 10,Dr Reddy,methylcobalamin 40mg,15 tablets,150.87,methylcobalamin 40mg,5
Azeesol 250,Sanofi India,Domperidone (200 mg),30 tablets,249.53,domperidone 200mg,15
Augcap 500,Lupin,doxycycline(10 mg),1 bottle,325.15,doxycycline 10mg,11
Dolood 1000,GSK India,Amoxicillin 1000  mg,30 tablets,273.75,amoxicillin 1000mg,6
Augsr 40,Sun Pharma,Levothyroxine (100mg),30 tablets,85.46,levothyroxine 100mg,16
Azeeds 250,Dabur Pharma,ranitidine(250 mg),6 tablets,23.27,ranitidine 250mg,4
Dolosr 20,Zydus Cadila,Levothyroxine 5  mg,15 tablets,180.84,levothyroxine 5mg,19
Amoxtab 250,Sun Pharma,metoprolol(500mg),15 tablets,477.44,metoprolol 500mg,16
Bruxr 250,Abbott India,tramadol(100mg),10 tablets,317.61,tramadol 100mg,0
Bruxr 250,Hetero Drugs,azithromycin 1000mg,6 tablets,144.73,azithromycin 1000mg,8
Amoxforte 20,Cipla,Diclofenac (500 mg),10 tablets,186.11,diclofenac 500mg,3
Clavod 40,Sun Pharma,Amlodipine 20 mg,1 bottle,29.99,amlodipine 20mg,16
Dolods 250,Wockhardt,montelukast 400mg,6 tablets,552.83,montelukast 400mg,18
Augcap 500,Aurobindo Pharma,DOXYCYCLINE-400mg,30 tablets,188.21,doxycycline 400mg,2
Metsol 1000,Sanofi India,Cetirizine (40 mg),6 tablets,46.26,cetirizine 40mg,15
Bruxr 40,Dabur Pharma,ranitidine 200mg,6 tablets,154.69,ranitidine 200mg,4
Azeecin 1000,Alkem Labs,amoxicillin 200mg,10 capsules,423.27,amoxicillin 200mg,1
Dolotab 1000,Mankind Pharma,Gabapentin 10  mg,5 ml,14.07,gabapentin 10mg,12
Cetds 250,Dabur Pharma,Gabapentin 100 mg,10 tablets,223.98,gabapentin 100mg,4
Augsol 250,Zydus Cadila,Losartan 10  mg,30 tablets,99.63,losartan 10mg,19
Augxr 500,Himalaya,Amlodipine 20  mg,10 capsules,464.0,amlodipine 20mg,9
Augsol 40,Pfizer India,methylcobalamin(5 mg),10 tablets,138.52,methylcobalamin 5mg,14
Brutab 1000,Torrent Pharma,Cetirizine (10 mg),15 tablets,501.89,cetirizine 10mg,17
Omeforte 500,Torrent Pharma,Levocetirizine (250 mg),30 tablets,262.64,levocetirizine 250mg,17
Clavplus 40,Wockhardt,alprazolam(20mg),6 tablets,591.73,alprazolam 20mg,18
Panplus 20,Pfizer India,METHYLCOBALAMIN-10mg,10 capsules,307.54,methylcobalamin 10mg,14
Metod 10,Alkem Labs,calcium carbonate(5mg),1 bottle,559.1,calcium carbonate 5mg,1
Augplus 40,Sun Pharma,Ranitidine 40  mg,6 tablets,408.12,ranitidine 40mg,16
Omesol 1000,Wockhardt,TELMISARTAN-250mg,6 tablets,121.24,telmisartan 250mg,18
Brucap 250,Alkem Labs,rabeprazole(1000mg),15 tablets,131.03,rabeprazole 1000mg,1
Doloplus 500,Sun Pharma,Esomeprazole (500 mg),10 capsules,523.47,esomeprazole 500mg,16
Azeeds 40,Hetero Drugs,Sertraline (250 mg),1 bottle,44.56,sertraline 250mg,8
Metcap 10,Sanofi India,Ranitidine 5 mg,10 tablets,286.16,ranitidine 5mg,15
Brusr 1000,Pfizer India,Levocetirizine 20 mg,6 tablets,265.18,levocetirizine 20mg,14
Bruds 10,Intas Pharma,alprazolam(10mg),5 ml,386.98,alprazolam 10mg,10
Clavsol 250,Torrent Pharma,metoprolol 200 mg,10 capsules,127.14,metoprolol 200mg,17
Amoxod 250,Wockhardt,Fluoxetine 40 mg,10 capsules,546.62,fluoxetine 40mg,18
Cetcin 500,Alkem Labs,fexofenadine(20 mg),5 ml,52.78,fexofenadine 20mg,1
Panforte 500,Pfizer India,Doxycycline 10 mg,10 capsules,187.02,doxycycline 10mg,14
Dolotab 20,Alkem Labs,GABAPENTIN-400mg,10 tablets,17.31,gabapentin 400mg,1
Azeecin 250,Wockhardt,PARACETAMOL-40mg,15 tablets,523.81,paracetamol 40mg,18
Doloplus 40,Dr Reddy,ZINC SULPHATE-500mg,10 tablets,537.3,zinc sulphate 500mg,5
Cetcap 1000,Wockhardt,ONDANSETRON-500mg,6 tablets,518.79,ondansetron 500mg,18
Azeecap 10,Lupin,amlodipine 20mg,6 tablets,577.31,amlodipine 20mg,11
Omecin 20,Wockhardt,Aspirin (250 mg),15 tablets,179.14,aspirin 250mg,18
Cetod 20,Sun Pharma,Zinc sulphate 200  mg,1 bottle,46.06,zinc sulphate 200mg,16
Bruforte 250,Sanofi India,Rosuvastatin 40 mg,1 bottle,588.53,rosuvastatin 40mg,15
Pansr 500,Lupin,ONDANSETRON-400mg,30 tablets,286.86,ondansetron 400mg,11
Pansol 20,Alkem Labs,tramadol 1000mg,10 capsules,13.93,tramadol 1000mg,1
Pansr 250,Mankind Pharma,Metformin 250  mg,1 bottle,382.43,metformin 250mg,12
Augod 20,Glenmark,fluoxetine(100mg),6 tablets,432.03,fluoxetine 100mg,7
Azeetab 1000,Pfizer India,ATORVASTATIN-400mg,15 tablets,564.06,atorvastatin 400mg,14
Cetforte 1000,Himalaya,DOXYCYCLINE-40mg,1 bottle,30.01,doxycycline 40mg,9
Doloplus 500,GSK India,aspirin 400 mg,5 ml,387.4,aspirin 400mg,6
Azeecin 250,Torrent Pharma,montelukast(500 mg),1 bottle,289.53,montelukast 500mg,17
Bruod 20,Alkem Labs,Ranitidine 200 mg,1 bottle,151.37,ranitidine 200mg,1
Pansol 250,Dabur Pharma,Fluoxetine (20 mg),10 capsules,270.73,fluoxetine 20mg,4
Azeecin 1000,Himalaya,atorvastatin 400mg,6 tablets,122.22,atorvastatin 400mg,9
Pantab 250,Wockhardt,esomeprazole(10 mg),30 tablets,57.37,esomeprazole 10mg,18
Panxr 500,Glenmark,ZINC SULPHATE-5mg,15 tablets,591.84,zinc sulphate 5mg,7
Amoxcap 10,Aurobindo Pharma,Methylcobalamin (5mg),6 tablets,243.98,methylcobalamin 5mg,2
Cetsol 250,Cipla,rabeprazole 10mg,10 capsules,12.62,rabeprazole 10mg,3
Amoxcin 1000,Glenmark,azithromycin 200 mg,1 bottle,459.35,azithromycin 200mg,7
Pancin 1000,Dr Reddy,esomeprazole(250mg),10 capsules,252.54,esomeprazole 250mg,5
Clavforte 250,Abbott India,Rosuvastatin 40 mg,30 tablets,287.33,rosuvastatin 40mg,0
Cetds 10,Sun Pharma,LOSARTAN-10mg,15 tablets,291.53,losartan 10mg,16
Clavcap 500,Mankind Pharma,Levothyroxine (10 mg),30 tablets,224.87,levothyroxine 10mg,12
Augtab 10,Cipla,omeprazole(100mg),30 tablets,207.58,omeprazole 100mg,3
Omeforte 20,Mankind Pharma,zinc sulphate 40 mg,1 bottle,283.04,zinc sulphate 40mg,12
Mettab 10,Novartis India,Clonazepam 10 mg,5 ml,582.72,clonazepam 10mg,13
Amoxtab 500,Mankind Pharma,omeprazole 1000mg,6 tablets,181.32,omeprazole 1000mg,12
Omesol 10,Pfizer India,Esomeprazole 100 mg,15 tablets,52.02,esomeprazole 100mg,14
Bruxr 20,Sun Pharma,losartan(1000mg),6 tablets,198.14,losartan 1000mg,16
Pansol 1000,GSK India,metformin 400 mg,6 tablets,12.4,metformin 400mg,6
Panxr 250,Dr Reddy,Omeprazole 40  mg,1 bottle,130.13,omeprazole 40mg,5
Omeds 40,Novartis India,AMLODIPINE-20mg,15 tablets,498.32,amlodipine 20mg,13
Doloxr 1000,Himalaya,Aspirin 250  mg,1 bottle,15.23,aspirin 250mg,9
Pansr 20,Aurobindo Pharma,LEVOTHYROXINE-100mg,6 tablets,493.38,levothyroxine 100mg,2
Cetplus 40,Alkem Labs,azithromycin 10 mg,30 tablets,426.76,azithromycin 10mg,1
Bruxr 500,Intas Pharma,losartan 40 mg,6 tablets,170.65,losartan 40mg,10
Ometab 10,Intas Pharma,Ciprofloxacin 500 mg,15 tablets,552.97,ciprofloxacin 500mg,10
Cetsol 1000,Glenmark,Clonazepam (500 mg),10 capsules,552.26,clonazepam 500mg,7
Dolosol 500,Wockhardt,atorvastatin 40 mg,30 tablets,66.34,atorvastatin 40mg,18
Doloplus 250,Wockhardt,Vitamin D3 (250 mg),10 tablets,64.91,vitamin d3 250mg,18
Mettab 40,Wockhardt,cetirizine 400mg,6 tablets,15.03,cetirizine 400mg,18
Dolosr 40,Wockhardt,amoxicillin(40 mg),10 capsules,230.44,amoxicillin 40mg,18
Doloplus 40,Torrent Pharma,Clonazepam (400mg),10 tablets,175.82,clonazepam 400mg,17
Dolosol 250,Zydus Cadila,fexofenadine 5 mg,5 ml,402.13,fexofenadine 5mg,19
Clavsol 10,Sun Pharma,levothyroxine 500mg,5 ml,18.98,levothyroxine 500mg,16
Augplus 40,Himalaya,levothyroxine(1000 mg),6 tablets,18.57,levothyroxine 1000mg,9
Dolosr 20,Cipla,ibuprofen 250 mg,10 capsules,98.67,ibuprofen 250mg,3
Brusol 40,Sanofi India,Metoprolol 1000  mg,10 tablets,528.23,metoprolol 1000mg,15
Clavforte 1000,Lupin,Glimepiride 1000 mg,10 tablets,28.86,glimepiride 1000mg,11
Clavcin 20,Sanofi India,Rabeprazole 40 mg,6 tablets,586.43,rabeprazole 40mg,15
Omecap 40,Alkem Labs,metformin(1000 mg),10 tablets,494.43,metformin 1000mg,1
Cetsol 500,Zydus Cadila,calcium carbonate(20mg),5 ml,573.7,calcium carbonate 20mg,19
Metds 1000,Sun Pharma,fluoxetine 20mg,5 ml,566.18,fluoxetine 20mg,16
Metplus 500,Torrent Pharma,Ranitidine (20 mg),10 tablets,302.11,ranitidine 20mg,17
Augplus 500,Abbott India,Domperidone 250  mg,6 tablets,545.66,domperidone 250mg,0
Pansr 20,Torrent Pharma,metoprolol(250mg),15 tablets,149.17,metoprolol 250mg,17
Clavplus 500,Dabur Pharma,Alprazolam (20 mg),6 tablets,210.69,alprazolam 20mg,4
Panod 1000,Abbott India,methylcobalamin 20mg,5 ml,220.47,methylcobalamin 20mg,0
Bruplus 40,Dabur Pharma,fluoxetine(40 mg),15 tablets,471.95,fluoxetine 40mg,4
Omexr 40,Abbott India,ROSUVASTATIN-20mg,10 capsules,472.65,rosuvastatin 20mg,0
Omesol 40,Lupin,omeprazole 400mg,10 tablets,130.83,omeprazole 400mg,11
Amoxxr 20,Mankind Pharma,Domperidone (500 mg),5 ml,173.12,domperidone 500mg,12
Cetcap 500,Alkem Labs,GLIMEPIRIDE-10mg,15 tablets,514.81,glimepiride 10mg,1
Clavplus 500,GSK India,aspirin 5 mg,10 tablets,354.18,aspirin 5mg,6
Azeesol 10,Novartis India,paracetamol 5 mg,1 bottle,373.84,paracetamol 5mg,13
Brucin 20,Mankind Pharma,azithromycin(10 mg),15 tablets,11.86,azithromycin 10mg,12
Mettab 10,Lupin,diclofenac 1000mg,10 capsules,506.73,diclofenac 1000mg,11
Metsr 40,Novartis India,GABAPENTIN-400mg,10 tablets,172.76,gabapentin 400mg,13
Metsr 250,Lupin,Ciprofloxacin (400 mg),15 tablets,405.32,ciprofloxacin 400mg,11
Augsr 250,Intas Pharma,montelukast 500 mg,10 tablets,17.18,montelukast 500mg,10
Metplus 20,Zydus Cadila,levothyroxine(5 mg),5 ml,436.34,levothyroxine 5mg,19
Metds 1000,Himalaya,IBUPROFEN-400mg,6 tablets,42.31,ibuprofen 400mg,9
Azeecap 1000,GSK India,Gabapentin 200 mg,10 capsules,313.14,gabapentin 200mg,6
Brusol 500,Cipla,Levocetirizine 10  mg,6 tablets,61.64,levocetirizine 10mg,3
Dolosol 250,Himalaya,Fexofenadine (1000mg),30 tablets,360.22,fexofenadine 1000mg,9
Brutab 20,Alkem Labs,doxycycline(40 mg),10 tablets,351.78,doxycycline 40mg,1
Augcap 250,Zydus Cadila,glimepiride(500 mg),10 tablets,239.56,glimepiride 500mg,19
Amoxsr 500,Wockhardt,montelukast 20mg,10 capsules,95.28,montelukast 20mg,18
Clavcin 1000,Zydus Cadila,metformin 10 mg,10 capsules,432.17,metformin 10mg,19
Augcap 40,Sun Pharma,DICLOFENAC-10mg,5 ml,439.13,diclofenac 10mg,16
Dolocin 20,Glenmark,CALCIUM CARBONATE-250mg,6 tablets,66.44,calcium carbonate 250mg,7
Bruforte 40,Torrent Pharma,levocetirizine 400 mg,30 tablets,272.45,levocetirizine 400mg,17
Cetcin 1000,Torrent Pharma,Gabapentin 1000 mg,30 tablets,162.1,gabapentin 1000mg,17
Panplus 40,Intas Pharma,Metformin (250mg),10 tablets,252.11,metformin 250mg,10
Azeesr 1000,Alkem Labs,tramadol(1000 mg),30 tablets,108.87,tramadol 1000mg,1
Amoxxr 10,Zydus Cadila,pregabalin(200 mg),5 ml,87.65,pregabalin 200mg,19
Dolotab 250,GSK India,Domperidone (5 mg),10 capsules,592.74,domperidone 5mg,6
Dolocin 20,Mankind Pharma,cetirizine 1000 mg,6 tablets,407.62,cetirizine 1000mg,12
Pansr 250,Lupin,IBUPROFEN-100mg,30 tablets,467.32,ibuprofen 100mg,11
Omecin 40,Aurobindo Pharma,Telmisartan 40  mg,15 tablets,577.75,telmisartan 40mg,2
Augcin 500,Pfizer India,aspirin(10mg),1 bottle,222.44,aspirin 10mg,14
Clavxr 1000,Torrent Pharma,alprazolam 200mg,1 bottle,224.36,alprazolam 200mg,17
Azeesol 500,Dr Reddy,ranitidine 200mg,6 tablets,309.03,ranitidine 200mg,5
Amoxsr 40,Torrent Pharma,ASPIRIN-20mg,6 tablets,360.65,aspirin 20mg,17
Amoxplus 20,Dr Reddy,tramadol(250 mg),6 tablets,546.42,tramadol 250mg,5
Azeeplus 10,Aurobindo Pharma,paracetamol 200 mg,30 tablets,146.9,paracetamol 200mg,2
Pansr 500,GSK India,glimepiride(400 mg),10 capsules,291.22,glimepiride 400mg,6
Metsr 20,Himalaya,sertraline 10 mg,1 bottle,34.81,sertraline 10mg,9
Azeesr 250,Lupin,rosuvastatin(10mg),5 ml,258.69,rosuvastatin 10mg,11
Bruxr 250,Pfizer India,Montelukast 20  mg,1 bottle,417.71,montelukast 20mg,14
Amoxcap 1000,Aurobindo Pharma,DOMPERIDONE-500mg,5 ml,349.5,domperidone 500mg,2
Pands 1000,GSK India,diclofenac(10 mg),5 ml,256.91,diclofenac 10mg,6
Metod 40,Wockhardt,azithromycin 250mg,6 tablets,405.18,azithromycin 250mg,18
Omeplus 250,GSK India,Montelukast 200 mg,1 bottle,218.42,montelukast 200mg,6
Omeforte 1000,Sun Pharma,metformin 20mg,6 tablets,577.92,metformin 20mg,16
Dolocap 1000,Pfizer India,zinc sulphate 400 mg,5 ml,238.55,zinc sulphate 400mg,14
Dolosr 10,Hetero Drugs,telmisartan 400 mg,30 tablets,565.8,telmisartan 400mg,8
Panforte 250,Torrent Pharma,doxycycline 400mg,15 tablets,599.81,doxycycline 400mg,17
Augcap 20,GSK India,PARACETAMOL-20mg,6 tablets,378.02,paracetamol 20mg,6
Augcin 40,Sanofi India,rabeprazole 200 mg,10 capsules,336.75,rabeprazole 200mg,15
Bruxr 20,Sun Pharma,Pantoprazole 10  mg,15 tablets,327.86,pantoprazole 10mg,16
Cetod 1000,Torrent Pharma,tramadol 10 mg,10 capsules,124.36,tramadol 10mg,17
Metsr 10,Wockhardt,Sertraline (1000 mg),30 tablets,523.44,sertraline 1000mg,18
Amoxod 250,Lupin,Amlodipine 200 mg,1 bottle,355.16,amlodipine 200mg,11
Augcap 1000,Sun Pharma,fexofenadine 200 mg,5 ml,367.57,fexofenadine 200mg,16
Augds 250,Wockhardt,calcium carbonate 1000mg,10 capsules,292.37,calcium carbonate 1000mg,18
Bruod 40,Abbott India,doxycycline 40 mg,15 tablets,111.95,doxycycline 40mg,0
Bruod 40,Dr Reddy,Cetirizine (400 mg),6 tablets,216.66,cetirizine 400mg,5
Pansol 250,Wockhardt,ranitidine 200 mg,30 tablets,594.62,ranitidine 200mg,18
Clavxr 10,Cipla,domperidone(400mg),30 tablets,410.55,domperidone 400mg,3
Metsr 1000,Alkem Labs,doxycycline 200 mg,10 capsules,529.28,doxycycline 200mg,1
Brusol 10,Sanofi India,glimepiride(40mg),30 tablets,433.95,glimepiride 40mg,15
Cetsr 10,Sun Pharma,LEVOTHYROXINE-500mg,5 ml,475.88,levothyroxine 500mg,16
Cetforte 250,Dr Reddy,TRAMADOL-200mg,1 bottle,569.68,tramadol 200mg,5
Amoxplus 40,Dabur Pharma,fexofenadine(20 mg),15 tablets,466.22,fexofenadine 20mg,4
Augod 500,Pfizer India,metoprolol(1000 mg),5 ml,442.41,metoprolol 1000mg,14
Augcap 20,Sanofi India,TELMISARTAN-1000mg,1 bottle,296.66,telmisartan 1000mg,15
Augxr 40,Intas Pharma,Rabeprazole (1000mg),10 tablets,524.22,rabeprazole 1000mg,10
Amoxtab 40,Mankind Pharma,zinc sulphate 1000 mg,5 ml,195.51,zinc sulphate 1000mg,12
Amoxtab 40,Intas Pharma,Metformin (20mg),10 tablets,538.32,metformin 20mg,10
Metsr 250,Torrent Pharma,atorvastatin(20mg),15 tablets,593.12,atorvastatin 20mg,17
Metforte 1000,Dabur Pharma,clonazepam 10mg,1 bottle,25.74,clonazepam 10mg,4
Dolods 1000,Lupin,Atorvastatin (1000mg),6 tablets,226.67,atorvastatin 1000mg,11
Pantab 40,Cipla,Omeprazole 400 mg,6 tablets,418.29,omeprazole 400mg,3
Augsol 250,Sun Pharma,Diclofenac 500  mg,5 ml,117.45,diclofenac 500mg,16
Clavsr 40,Alkem Labs,Diclofenac 5 mg,15 tablets,398.11,diclofenac 5mg,1
Brucap 250,Himalaya,paracetamol 10mg,15 tablets,497.63,paracetamol 10mg,9
Brutab 500,Sun Pharma,pantoprazole 40mg,10 tablets,318.34,pantoprazole 40mg,16
Dolotab 1000,Cipla,Vitamin d3 10  mg,15 tablets,155.73,vitamin d3 10mg,3
Azeecin 250,Dr Reddy,Telmisartan (40 mg),5 ml,574.46,telmisartan 40mg,5
Dolood 40,Lupin,Levothyroxine (400mg),10 capsules,248.62,levothyroxine 400mg,11
Clavxr 10,GSK India,ondansetron 5mg,1 bottle,37.41,ondansetron 5mg,6
Dolocin 1000,Glenmark,CLOPIDOGREL-1000mg,1 bottle,108.13,clopidogrel 1000mg,7
Azeexr 250,Torrent Pharma,metformin(1000 mg),6 tablets,469.97,metformin 1000mg,17
Augtab 250,Mankind Pharma,losartan(10mg),1 bottle,185.66,losartan 10mg,12
Omeod 10,Novartis India,rabeprazole 500mg,10 tablets,405.33,rabeprazole 500mg,13
Augds 10,Mankind Pharma,fluoxetine(500mg),1 bottle,511.36,fluoxetine 500mg,12
Cetod 1000,Intas Pharma,Telmisartan (100mg),30 tablets,461.33,telmisartan 100mg,10
Dolocin 250,Cipla,ibuprofen(5 mg),6 tablets,202.42,ibuprofen 5mg,3
Amoxod 10,Wockhardt,ALPRAZOLAM-10mg,10 capsules,33.46,alprazolam 10mg,18
Pansr 10,Intas Pharma,Methylcobalamin (5 mg),15 tablets,398.4,methylcobalamin 5mg,10
Metxr 1000,Dr Reddy,amoxicillin(10 mg),30 tablets,349.45,amoxicillin 10mg,5
Omecin 1000,Wockhardt,Calcium carbonate 20  mg,6 tablets,156.93,calcium carbonate 20mg,18
Pantab 40,GSK India,Levothyroxine (500mg),1 bottle,500.37,levothyroxine 500mg,6
Augds 1000,Sun Pharma,Azithromycin (400 mg),1 bottle,113.98,azithromycin 400mg,16
Brusr 10,Sanofi India,Tramadol (10 mg),6 tablets,481.09,tramadol 10mg,15
Augcap 40,Hetero Drugs,Vitamin D3 (20mg),15 tablets,223.22,vitamin d3 20mg,8
Augxr 20,Intas Pharma,vitamin d3 200 mg,6 tablets,442.83,vitamin d3 200mg,10
Brucap 250,Mankind Pharma,IBUPROFEN-1000mg,30 tablets,323.01,ibuprofen 1000mg,12
Augcin 250,Zydus Cadila,Pregabalin (400 mg),30 tablets,511.14,pregabalin 400mg,19
Metforte 1000,Pfizer India,METFORMIN-1000mg,10 tablets,374.48,metformin 1000mg,14
Omexr 40,Pfizer India,Levothyroxine 10 mg,1 bottle,252.7,levothyroxine 10mg,14
Pancap 1000,Alkem Labs,Rosuvastatin 400  mg,1 bottle,152.13,rosuvastatin 400mg,1
Cetforte 1000,Dabur Pharma,Domperidone (20mg),15 tablets,220.88,domperidone 20mg,4
Clavsr 20,Torrent Pharma,ibuprofen(1000 mg),10 tablets,482.05,ibuprofen 1000mg,17
Amoxtab 250,Novartis India,Pregabalin (40 mg),15 tablets,589.49,pregabalin 40mg,13
Metod 500,Sanofi India,levothyroxine 400 mg,30 tablets,573.16,levothyroxine 400mg,15
Azeeod 40,Wockhardt,metformin 400mg,10 tablets,512.73,metformin 400mg,18
Dolood 250,Abbott India,rabeprazole(200mg),1 bottle,176.5,rabeprazole 200mg,0
Amoxsr 250,Abbott India,metformin(250 mg),10 tablets,82.88,metformin 250mg,0
Omesol 250,Torrent Pharma,Pantoprazole 20  mg,30 tablets,413.89,pantoprazole 20mg,17
Augforte 1000,Novartis India,metformin(10mg),30 tablets,293.46,metformin 10mg,13
Amoxcin 10,Mankind Pharma,paracetamol 400 mg,1 bottle,102.67,paracetamol 400mg,12
Metcap 250,Hetero Drugs,PARACETAMOL-20mg,30 tablets,227.31,paracetamol 20mg,8
Metforte 500,Cipla,atorvastatin 250 mg,10 tablets,157.71,atorvastatin 250mg,3
Dolotab 500,Hetero Drugs,Pregabalin 5  mg,10 tablets,590.16,pregabalin 5mg,8
Dolotab 1000,Cipla,paracetamol 40 mg,30 tablets,261.27,paracetamol 40mg,3
Clavcap 10,Wockhardt,Doxycycline 20 mg,6 tablets,340.56,doxycycline 20mg,18
Clavsol 250,Pfizer India,diclofenac(400mg),5 ml,343.87,diclofenac 400mg,14
Brusol 10,Cipla,Doxycycline 500 mg,30 tablets,488.23,doxycycline 500mg,3
Amoxod 250,Alkem Labs,Azithromycin 5 mg,10 capsules,89.05,azithromycin 5mg,1
Clavplus 500,Wockhardt,ATORVASTATIN-200mg,1 bottle,262.96,atorvastatin 200mg,18
Clavplus 1000,Glenmark,domperidone 1000mg,6 tablets,571.78,domperidone 1000mg,7
Amoxxr 40,Glenmark,amoxicillin(400 mg),10 tablets,145.76,amoxicillin 400mg,7
Augxr 500,Novartis India,gabapentin(20 mg),10 capsules,149.99,gabapentin 20mg,13
Metsol 500,Zydus Cadila,domperidone 250mg,5 ml,417.37,domperidone 250mg,19
Cetforte 250,Sun Pharma,Cetirizine 200  mg,5 ml,369.46,cetirizine 200mg,16
Amoxsol 20,Sun Pharma,Ibuprofen (200mg),5 ml,550.81,ibuprofen 200mg,16
Cetxr 250,GSK India,Montelukast (20 mg),6 tablets,445.03,montelukast 20mg,6
Azeecin 1000,Alkem Labs,Alprazolam 10  mg,1 bottle,129.45,alprazolam 10mg,1
Metcin 20,Zydus Cadila,metformin(400 mg),15 tablets,280.55,metformin 400mg,19
Augcin 40,Intas Pharma,VITAMIN D3-400mg,1 bottle,414.95,vitamin d3 400mg,10
Azeexr 500,Sun Pharma,Ondansetron (20mg),10 capsules,247.03,ondansetron 20mg,16
Clavxr 250,Wockhardt,Ranitidine (5 mg),10 capsules,16.15,ranitidine 5mg,18
Clavcin 1000,Mankind Pharma,Alprazolam (5 mg),1 bottle,438.33,alprazolam 5mg,12
Bruds 250,Sanofi India,telmisartan 1000 mg,10 tablets,409.15,telmisartan 1000mg,15
Augod 10,Dabur Pharma,glimepiride(10mg),5 ml,12.97,glimepiride 10mg,4
Panod 20,Novartis India,clonazepam 5mg,6 tablets,549.16,clonazepam 5mg,13
Panplus 20,Novartis India,Losartan 5  mg,10 capsules,154.04,losartan 5mg,13
Cetxr 250,Pfizer India,Levothyroxine 400  mg,6 tablets,116.22,levothyroxine 400mg,14
Bruplus 250,Wockhardt,Alprazolam 250 mg,6 tablets,197.54,alprazolam 250mg,18
Augds 250,Sun Pharma,SERTRALINE-100mg,10 capsules,506.38,sertraline 100mg,16
Bruds 20,Lupin,Clopidogrel 400 mg,15 tablets,301.92,clopidogrel 400mg,11
Omesol 40,Novartis India,Clopidogrel 250  mg,6 tablets,442.53,clopidogrel 250mg,13
Cetplus 10,Glenmark,Pantoprazole 10 mg,1 bottle,359.77,pantoprazole 10mg,7
Pands 1000,Wockhardt,Zinc sulphate 40  mg,15 tablets,496.35,zinc sulphate 40mg,18
Omeforte 10,Sun Pharma,telmisartan 1000 mg,5 ml,273.82,telmisartan 1000mg,16
Bruforte 40,Glenmark,azithromycin(40 mg),5 ml,82.13,azithromycin 40mg,7
Bruxr 10,Glenmark,montelukast 20mg,10 capsules,111.32,montelukast 20mg,7
Cetsr 40,Abbott India,Levothyroxine (200mg),10 capsules,555.1,levothyroxine 200mg,0
Cetsol 20,Abbott India,GABAPENTIN-5mg,10 capsules,402.51,gabapentin 5mg,0
Azeexr 500,Wockhardt,metoprolol 500 mg,6 tablets,341.29,metoprolol 500mg,18
Augplus 40,Aurobindo Pharma,metformin 400mg,30 tablets,336.35,metformin 400mg,2
Brucap 10,Himalaya,fluoxetine 1000mg,15 tablets,145.23,fluoxetine 1000mg,9
Panod 250,Dabur Pharma,fexofenadine 1000mg,5 ml,11.76,fexofenadine 1000mg,4
Amoxsol 250,Intas Pharma,rosuvastatin 200 mg,30 tablets,40.37,rosuvastatin 200mg,10
Amoxcap 250,GSK India,TELMISARTAN-1000mg,6 tablets,547.51,telmisartan 1000mg,6
Augsol 250,Himalaya,amlodipine(250 mg),10 capsules,303.45,amlodipine 250mg,9
Omecin 40,Aurobindo Pharma,levocetirizine 1000 mg,10 capsules,272.88,levocetirizine 1000mg,2
Metplus 250,GSK India,Ondansetron (1000mg),10 tablets,386.48,ondansetron 1000mg,6
Bruplus 500,Zydus Cadila,LEVOCETIRIZINE-200mg,1 bottle,191.59,levocetirizine 200mg,19
Dolocin 1000,Wockhardt,LEVOCETIRIZINE-250mg,6 tablets,584.11,levocetirizine 250mg,18
Cetds 1000,Wockhardt,Losartan (1000mg),10 tablets,423.06,losartan 1000mg,18
Clavds 10,Glenmark,Pregabalin 400  mg,30 tablets,554.44,pregabalin 400mg,7
Cetds 40,Hetero Drugs,Metformin (200mg),30 tablets,472.45,metformin 200mg,8
Metcin 40,Torrent Pharma,Metformin 10 mg,6 tablets,153.69,metformin 10mg,17
Amoxsol 500,Intas Pharma,fluoxetine 20 mg,6 tablets,467.22,fluoxetine 20mg,10
Augplus 40,Sanofi India,Montelukast 500  mg,1 bottle,39.85,montelukast 500mg,15
Amoxod 10,Aurobindo Pharma,tramadol 20mg,6 tablets,97.0,tramadol 20mg,2
Panxr 10,Lupin,alprazolam 5mg,10 capsules,379.67,alprazolam 5mg,11
Azeeplus 1000,Himalaya,ibuprofen(500mg),1 bottle,590.7,ibuprofen 500mg,9
Amoxcap 250,Aurobindo Pharma,Methylcobalamin (400mg),6 tablets,84.18,methylcobalamin 400mg,2
Azeeod 250,Mankind Pharma,Rosuvastatin (40 mg),30 tablets,9.04,rosuvastatin 40mg,12
Azeeplus 500,Hetero Drugs,Methylcobalamin (200 mg),5 ml,164.58,methylcobalamin 200mg,8
Metplus 1000,Abbott India,ROSUVASTATIN-10mg,30 tablets,41.08,rosuvastatin 10mg,0
Metod 1000,Alkem Labs,Alprazolam 250 mg,10 tablets,369.33,alprazolam 250mg,1
Pansr 500,Glenmark,diclofenac 400 mg,10 capsules,598.11,diclofenac 400mg,7
Omecap 10,Lupin,Clonazepam (40mg),5 ml,190.67,clonazepam 40mg,11
Augds 20,Torrent Pharma,alprazolam 1000mg,30 tablets,353.51,alprazolam 1000mg,17
Pansr 250,Cipla,Tramadol 500 mg,30 tablets,376.06,tramadol 500mg,3
Augxr 500,Alkem Labs,Ondansetron 20 mg,15 tablets,559.55,ondansetron 20mg,1
Metsr 20,Sanofi India,Fluoxetine 500 mg,10 capsules,555.37,fluoxetine 500mg,15
Brusol 10,Himalaya,pantoprazole(5mg),10 capsules,342.9,pantoprazole 5mg,9
Clavds 40,Lupin,esomeprazole 200mg,5 ml,140.92,esomeprazole 200mg,11
Cetod 250,Mankind Pharma,methylcobalamin(20mg),1 bottle,67.56,methylcobalamin 20mg,12
Amoxsr 20,Mankind Pharma,levothyroxine 200 mg,1 bottle,500.06,levothyroxine 200mg,12
Omesr 20,Alkem Labs,ESOMEPRAZOLE-250mg,15 tablets,564.94,esomeprazole 250mg,1
Omeod 10,Glenmark,Doxycycline 100 mg,1 bottle,451.67,doxycycline 100mg,7
Pancin 500,Sun Pharma,Metformin (20mg),5 ml,303.24,metformin 20mg,16
Panforte 250,Pfizer India,methylcobalamin(500 mg),10 tablets,384.81,methylcobalamin 500mg,14
Panforte 500,Lupin,METFORMIN-10mg,10 capsules,533.18,metformin 10mg,11
Clavcap 40,Novartis India,CALCIUM CARBONATE-5mg,1 bottle,523.63,calcium carbonate 5mg,13
Clavsr 1000,Aurobindo Pharma,RABEPRAZOLE-40mg,10 capsules,123.11,rabeprazole 40mg,2
Cetcin 10,Novartis India,PANTOPRAZOLE-200mg,1 bottle,200.5,pantoprazole 200mg,13
Omeod 40,Dabur Pharma,montelukast 100mg,30 tablets,342.18,montelukast 100mg,4
Metds 1000,Torrent Pharma,METHYLCOBALAMIN-1000mg,6 tablets,11.75,methylcobalamin 1000mg,17
Dolosr 500,Dr Reddy,Metoprolol 40  mg,5 ml,402.13,metoprolol 40mg,5
Cetcin 10,Wockhardt,domperidone(1000mg),1 bottle,218.24,domperidone 1000mg,18
Amoxcin 250,Torrent Pharma,Omeprazole (250 mg),15 tablets,8.6,omeprazole 250mg,17
Doloxr 40,Intas Pharma,Clopidogrel 20  mg,1 bottle,508.83,clopidogrel 20mg,10
Pancap 500,Glenmark,paracetamol(10 mg),10 capsules,152.25,paracetamol 10mg,7
Augcin 10,Intas Pharma,Fexofenadine (40mg),6 tablets,504.01,fexofenadine 40mg,10
Panforte 500,Abbott India,Clopidogrel 400 mg,5 ml,467.41,clopidogrel 400mg,0
Brucap 20,Sanofi India,Calcium carbonate 250 mg,10 tablets,127.82,calcium carbonate 250mg,15
Omecin 10,Cipla,rabeprazole 10mg,1 bottle,243.66,rabeprazole 10mg,3
Panplus 250,Glenmark,Fexofenadine (20 mg),10 capsules,78.82,fexofenadine 20mg,7
Mettab 20,Wockhardt,sertraline(20 mg),6 tablets,348.55,sertraline 20mg,18
Amoxod 10,Novartis India,Methylcobalamin (1000 mg),1 bottle,497.82,methylcobalamin 1000mg,13
Augds 20,Sanofi India,Alprazolam (400mg),6 tablets,192.09,alprazolam 400mg,15
Metsr 1000,Zydus Cadila,gabapentin(5 mg),30 tablets,376.06,gabapentin 5mg,19
Azeecap 40,Pfizer India,GABAPENTIN-10mg,30 tablets,146.72,gabapentin 10mg,14
Cettab 250,Pfizer India,Domperidone 5 mg,5 ml,502.49,domperidone 5mg,14
Cetds 500,Sun Pharma,clonazepam 1000mg,10 capsules,568.89,clonazepam 1000mg,16
Bruforte 250,Pfizer India,CALCIUM CARBONATE-10mg,10 tablets,344.2,calcium carbonate 10mg,14
Metsr 20,Himalaya,doxycycline 10mg,1 bottle,58.79,doxycycline 10mg,9
Amoxplus 20,Wockhardt,diclofenac 500mg,6 tablets,162.94,diclofenac 500mg,18
Metod 1000,Lupin,gabapentin 1000mg,10 capsules,545.41,gabapentin 1000mg,11
Azeeod 250,Mankind Pharma,omeprazole(1000mg),1 bottle,20.5,omeprazole 1000mg,12
Amoxplus 250,Dr Reddy,metformin(10 mg),5 ml,261.91,metformin 10mg,5
Augcap 20,GSK India,Rabeprazole (10mg),5 ml,172.76,rabeprazole 10mg,6
Omeds 10,Dr Reddy,CIPROFLOXACIN-500mg,30 tablets,62.68,ciprofloxacin 500mg,5
Amoxsr 10,Intas Pharma,FEXOFENADINE-40mg,10 capsules,164.27,fexofenadine 40mg,10
Dolotab 20,Alkem Labs,vitamin d3(500 mg),15 tablets,346.97,vitamin d3 500mg,1
Cetcap 10,Torrent Pharma,ONDANSETRON-400mg,10 capsules,552.25,ondansetron 400mg,17
Cetxr 20,Himalaya,metformin 400 mg,30 tablets,110.0,metformin 400mg,9
Azeecap 250,Torrent Pharma,ESOMEPRAZOLE-200mg,30 tablets,150.7,esomeprazole 200mg,17
Amoxtab 40,Aurobindo Pharma,Levothyroxine 250  mg,10 capsules,579.65,levothyroxine 250mg,2
Dolocap 1000,Lupin,DOXYCYCLINE-40mg,1 bottle,96.59,doxycycline 40mg,11
Metod 1000,Zydus Cadila,telmisartan 400mg,10 tablets,480.23,telmisartan 400mg,19
Amoxds 500,Sanofi India,losartan 250 mg,10 tablets,370.96,losartan 250mg,15
Doloforte 20,Aurobindo Pharma,gabapentin(40mg),15 tablets,268.89,gabapentin 40mg,2
Dolods 10,Mankind Pharma,Diclofenac 250 mg,6 tablets,436.58,diclofenac 250mg,12
Cetxr 500,Zydus Cadila,esomeprazole(500 mg),5 ml,455.39,esomeprazole 500mg,19
Omeforte 500,Sun Pharma,levocetirizine 20 mg,10 tablets,511.27,levocetirizine 20mg,16
Amoxsr 10,Lupin,ibuprofen 5mg,5 ml,555.52,ibuprofen 5mg,11
Augtab 500,Alkem Labs,Gabapentin 5  mg,6 tablets,592.45,gabapentin 5mg,1
Dolosol 20,Sun Pharma,sertraline(250mg),5 ml,117.11,sertraline 250mg,16
Clavxr 1000,Abbott India,ATORVASTATIN-40mg,6 tablets,276.12,atorvastatin 40mg,0
Omecap 40,Intas Pharma,fluoxetine 1000 mg,30 tablets,201.99,fluoxetine 1000mg,10
Amoxxr 1000,Alkem Labs,metoprolol(250mg),5 ml,408.55,metoprolol 250mg,1
Pansr 250,Alkem Labs,Methylcobalamin (1000 mg),10 capsules,338.93,methylcobalamin 1000mg,1
Clavplus 1000,Alkem Labs,fexofenadine(200 mg),10 capsules,51.95,fexofenadine 200mg,1
Cettab 10,Zydus Cadila,clonazepam(5mg),10 capsules,94.26,clonazepam 5mg,19
Azeeforte 40,Mankind Pharma,rabeprazole 250mg,1 bottle,301.26,rabeprazole 250mg,12
Bruod 1000,Sun Pharma,ASPIRIN-10mg,30 tablets,393.59,aspirin 10mg,16
Clavplus 250,Himalaya,Ranitidine (250 mg),1 bottle,90.98,ranitidine 250mg,9
Azeexr 250,Novartis India,Gabapentin (200 mg),10 capsules,318.97,gabapentin 200mg,13
Cetsol 40,Dabur Pharma,tramadol 10mg,6 tablets,244.95,tramadol 10mg,4
Azeeplus 1000,Glenmark,alprazolam(250mg),10 capsules,470.98,alprazolam 250mg,7
Brusr 10,Alkem Labs,Fluoxetine (20mg),15 tablets,513.38,fluoxetine 20mg,1
Azeecin 1000,Dr Reddy,ciprofloxacin(1000mg),6 tablets,145.9,ciprofloxacin 1000mg,5
Doloxr 20,Himalaya,Amoxicillin 200  mg,1 bottle,431.85,amoxicillin 200mg,9
Azeesr 1000,Dr Reddy,Azithromycin (400 mg),5 ml,281.89,azithromycin 400mg,5
Dolood 40,Mankind Pharma,Ciprofloxacin (10mg),1 bottle,268.93,ciprofloxacin 10mg,12
Augds 250,Zydus Cadila,Amlodipine (5mg),10 tablets,273.08,amlodipine 5mg,19
Azeeds 250,Glenmark,Aspirin 20 mg,10 capsules,524.75,aspirin 20mg,7
Amoxtab 10,Alkem Labs,Pantoprazole 250 mg,10 tablets,211.69,pantoprazole 250mg,1
Dolotab 500,Mankind Pharma,atorvastatin(20 mg),5 ml,243.0,atorvastatin 20mg,12
Augcin 500,Alkem Labs,Gabapentin (250mg),6 tablets,25.7,gabapentin 250mg,1
Amoxxr 20,Dr Reddy,Omeprazole (100mg),5 ml,237.41,omeprazole 100mg,5
Augcap 250,GSK India,Ondansetron 500 mg,15 tablets,382.6,ondansetron 500mg,6
Omecin 1000,Zydus Cadila,Ondansetron 40 mg,30 tablets,507.11,ondansetron 40mg,19
Clavcap 1000,Cipla,ONDANSETRON-20mg,5 ml,585.47,ondansetron 20mg,3
Dolosol 500,Wockhardt,domperidone(250 mg),1 bottle,341.57,domperidone 250mg,18
Brucap 40,Intas Pharma,paracetamol(250mg),10 tablets,231.3,paracetamol 250mg,10
Omeplus 10,Abbott India,montelukast(10 mg),6 tablets,222.73,montelukast 10mg,0
Dolods 40,Hetero Drugs,ciprofloxacin 200 mg,5 ml,407.91,ciprofloxacin 200mg,8
Omeod 250,Lupin,Glimepiride (40mg),10 capsules,91.14,glimepiride 40mg,11
Clavcin 10,Sanofi India,rosuvastatin(10mg),10 capsules,448.52,rosuvastatin 10mg,15
Omeod 500,Pfizer India,Fluoxetine (500 mg),30 tablets,238.81,fluoxetine 500mg,14
Brucap 40,Aurobindo Pharma,rosuvastatin 250mg,10 tablets,94.06,rosuvastatin 250mg,2
Bruds 40,Wockhardt,glimepiride(5mg),30 tablets,523.27,glimepiride 5mg,18
Augxr 1000,Abbott India,ciprofloxacin 1000 mg,30 tablets,60.33,ciprofloxacin 1000mg,0
Dolosol 250,Pfizer India,sertraline(10mg),30 tablets,519.27,sertraline 10mg,14
Clavcin 10,Cipla,Paracetamol (400 mg),15 tablets,433.59,paracetamol 400mg,3
Augcap 20,Zydus Cadila,levothyroxine 10 mg,5 ml,158.49,levothyroxine 10mg,19
Amoxforte 250,Sanofi India,zinc sulphate(250mg),15 tablets,389.83,zinc sulphate 250mg,15
Metxr 250,Zydus Cadila,Montelukast (20 mg),5 ml,268.3,montelukast 20mg,19
Cetforte 1000,Mankind Pharma,FEXOFENADINE-250mg,30 tablets,545.58,fexofenadine 250mg,12
Cetcap 20,Pfizer India,Domperidone (200mg),1 bottle,24.67,domperidone 200mg,14
Pantab 10,Torrent Pharma,atorvastatin 40 mg,6 tablets,154.42,atorvastatin 40mg,17
Azeetab 10,Novartis India,rosuvastatin 400 mg,15 tablets,119.25,rosuvastatin 400mg,13
Azeecap 20,Lupin,zinc sulphate(1000 mg),10 tablets,258.58,zinc sulphate 1000mg,11
Bruplus 40,Aurobindo Pharma,Cetirizine (20mg),30 tablets,250.01,cetirizine 20mg,2
Cetforte 250,Hetero Drugs,losartan(20 mg),1 bottle,336.61,losartan 20mg,8
Omecin 500,Sanofi India,VITAMIN D3-200mg,1 bottle,316.41,vitamin d3 200mg,15
Clavtab 20,Glenmark,Ranitidine 400  mg,5 ml,459.43,ranitidine 400mg,7
Azeesol 250,Sun Pharma,FEXOFENADINE-40mg,6 tablets,142.38,fexofenadine 40mg,16
Bruod 500,Pfizer India,Cetirizine 10  mg,5 ml,420.06,cetirizine 10mg,14
Augtab 20,Sun Pharma,azithromycin 250mg,5 ml,279.25,azithromycin 250mg,16
Bruod 250,Torrent Pharma,glimepiride 100mg,10 tablets,534.66,glimepiride 100mg,17
Amoxsol 250,Novartis India,FEXOFENADINE-40mg,6 tablets,464.85,fexofenadine 40mg,13
Dolood 10,Wockhardt,Esomeprazole 10  mg,10 capsules,377.96,esomeprazole 10mg,18
Bruxr 1000,Cipla,zinc sulphate(1000mg),30 tablets,412.48,zinc sulphate 1000mg,3
Pansr 10,Intas Pharma,LOSARTAN-1000mg,15 tablets,314.87,losartan 1000mg,10
Azeetab 40,Aurobindo Pharma,Methylcobalamin 5  mg,5 ml,382.77,methylcobalamin 5mg,2
Pancap 40,GSK India,Omeprazole (200 mg),5 ml,166.67,omeprazole 200mg,6
Metds 250,Alkem Labs,aspirin 20 mg,1 bottle,47.89,aspirin 20mg,1
Dolosr 40,Dr Reddy,losartan 5mg,15 tablets,78.64,losartan 5mg,5
Amoxsr 10,Lupin,Levocetirizine (10mg),6 tablets,555.72,levocetirizine 10mg,11
Metforte 1000,GSK India,losartan(20 mg),5 ml,79.66,losartan 20mg,6
Ometab 10,Pfizer India,rosuvastatin 10 mg,15 tablets,311.02,rosuvastatin 10mg,14
Azeeds 20,Sun Pharma,Ondansetron 400 mg,10 tablets,166.97,ondansetron 400mg,16
Clavcin 40,Dr Reddy,clonazepam 500mg,10 capsules,84.88,clonazepam 500mg,5
Omesr 500,Mankind Pharma,ranitidine(400 mg),1 bottle,163.28,ranitidine 400mg,12
Mettab 1000,Wockhardt,GABAPENTIN-20mg,5 ml,341.87,gabapentin 20mg,18
Clavtab 40,Abbott India,ciprofloxacin(250mg),30 tablets,55.9,ciprofloxacin 250mg,0
Bruds 250,Alkem Labs,Vitamin d3 40 mg,10 capsules,128.45,vitamin d3 40mg,1
Azeetab 1000,Novartis India,Amlodipine 40 mg,10 tablets,212.45,amlodipine 40mg,13
Cettab 500,Abbott India,esomeprazole(5 mg),10 tablets,243.33,esomeprazole 5mg,0
Augds 10,Intas Pharma,aspirin(400mg),10 tablets,246.97,aspirin 400mg,10
Omecap 20,GSK India,Vitamin d3 1000 mg,10 capsules,310.35,vitamin d3 1000mg,6
Pands 500,Himalaya,ciprofloxacin 400 mg,15 tablets,579.6,ciprofloxacin 400mg,9
Dolosol 20,Wockhardt,clonazepam 10mg,10 capsules,195.49,clonazepam 10mg,18
Augcap 40,Mankind Pharma,CLONAZEPAM-20mg,10 tablets,185.9,clonazepam 20mg,12
Panxr 10,Mankind Pharma,Omeprazole 250  mg,15 tablets,335.1,omeprazole 250mg,12
Azeesol 10,Mankind Pharma,Glimepiride (20 mg),10 tablets,83.87,glimepiride 20mg,12
Augds 40,Alkem Labs,CLOPIDOGREL-1000mg,5 ml,585.3,clopidogrel 1000mg,1
Panxr 500,Pfizer India,Ciprofloxacin 20 mg,1 bottle,369.84,ciprofloxacin 20mg,14
Clavcin 10,Novartis India,Atorvastatin 400 mg,10 capsules,220.96,atorvastatin 400mg,13
Metxr 10,Torrent Pharma,levocetirizine(200 mg),6 tablets,559.44,levocetirizine 200mg,17
Dolosol 1000,Sanofi India,Esomeprazole (10 mg),30 tablets,293.26,esomeprazole 10mg,15
Clavplus 1000,Zydus Cadila,clonazepam(500 mg),6 tablets,307.02,clonazepam 500mg,19
Azeeod 500,Intas Pharma,Alprazolam 5 mg,30 tablets,120.54,alprazolam 5mg,10
Dolocin 500,Torrent Pharma,AMOXICILLIN-100mg,30 tablets,216.03,amoxicillin 100mg,17
Azeecap 20,GSK India,Metformin (20mg),5 ml,205.06,metformin 20mg,6
Amoxtab 40,Alkem Labs,alprazolam 250mg,1 bottle,100.8,alprazolam 250mg,1
Omecin 20,Glenmark,Paracetamol 5  mg,30 tablets,252.62,paracetamol 5mg,7
Azeesol 20,GSK India,Vitamin D3 (20 mg),5 ml,476.1,vitamin d3 20mg,6
Augforte 20,Mankind Pharma,Zinc Sulphate (100mg),6 tablets,180.23,zinc sulphate 100mg,12
Dolosr 1000,Hetero Drugs,Ondansetron 500  mg,30 tablets,316.68,ondansetron 500mg,8
Doloxr 250,Sun Pharma,Atorvastatin 250 mg,5 ml,523.9,atorvastatin 250mg,16
Clavxr 250,Lupin,doxycycline 5 mg,10 tablets,469.06,doxycycline 5mg,11
Omesr 10,Glenmark,Azithromycin (10 mg),15 tablets,248.28,azithromycin 10mg,7
Clavtab 20,Dabur Pharma,Glimepiride 500  mg,1 bottle,58.1,glimepiride 500mg,4
Doloplus 10,Pfizer India,rabeprazole 20 mg,30 tablets,472.9,rabeprazole 20mg,14
Metds 20,Hetero Drugs,Ranitidine (10 mg),15 tablets,101.18,ranitidine 10mg,8
Pands 40,Aurobindo Pharma,vitamin d3(10 mg),1 bottle,470.59,vitamin d3 10mg,2
Azeecin 1000,Glenmark,Azithromycin 5  mg,10 capsules,71.92,azithromycin 5mg,7
Dolotab 500,Pfizer India,ciprofloxacin(100mg),30 tablets,482.78,ciprofloxacin 100mg,14
Cetcap 40,Cipla,aspirin(20 mg),5 ml,447.51,aspirin 20mg,3
Cettab 500,Alkem Labs,calcium carbonate 100mg,10 tablets,170.61,calcium carbonate 100mg,1
Doloxr 10,GSK India,Diclofenac (250mg),15 tablets,470.73,diclofenac 250mg,6
Metxr 1000,Aurobindo Pharma,Amlodipine (400mg),6 tablets,272.47,amlodipine 400mg,2
Omesol 10,Cipla,Atorvastatin (500 mg),30 tablets,295.52,atorvastatin 500mg,3
Cetcap 1000,Alkem Labs,fluoxetine(500 mg),6 tablets,523.2,fluoxetine 500mg,1
Pancap 20,Torrent Pharma,calcium carbonate 100mg,6 tablets,425.28,calcium carbonate 100mg,17
Bruod 10,Sanofi India,montelukast(5mg),15 tablets,246.98,montelukast 5mg,15
Azeeds 10,Torrent Pharma,Rabeprazole 1000  mg,5 ml,505.98,rabeprazole 1000mg,17
Brusol 20,GSK India,calcium carbonate(250mg),10 capsules,548.44,calcium carbonate 250mg,6
Clavplus 20,Himalaya,gabapentin 400mg,10 tablets,39.34,gabapentin 400mg,9
Augcap 1000,Pfizer India,TRAMADOL-200mg,10 tablets,185.69,tramadol 200mg,14
Doloplus 10,Cipla,Pregabalin (10 mg),10 capsules,497.71,pregabalin 10mg,3
Clavsol 20,Dr Reddy,metformin 20 mg,5 ml,81.35,metformin 20mg,5
Pansol 1000,Mankind Pharma,aspirin(20 mg),10 capsules,253.03,aspirin 20mg,12
Augsr 10,Hetero Drugs,azithromycin(250mg),10 capsules,8.25,azithromycin 250mg,8
Clavcap 1000,Dabur Pharma,cetirizine(5mg),15 tablets,241.06,cetirizine 5mg,4
Augsr 250,Abbott India,Sertraline 100 mg,10 tablets,315.11,sertraline 100mg,0
Metsol 20,Dr Reddy,Diclofenac 5  mg,1 bottle,240.26,diclofenac 5mg,5
Amoxod 10,Hetero Drugs,Losartan 1000  mg,5 ml,275.88,losartan 1000mg,8
Doloplus 250,Torrent Pharma,MONTELUKAST-200mg,10 capsules,86.12,montelukast 200mg,17
Cetds 20,Dr Reddy,Metformin (400 mg),6 tablets,155.72,metformin 400mg,5
Panforte 500,Himalaya,Gabapentin (250mg),15 tablets,516.23,gabapentin 250mg,9
Bruod 250,Wockhardt,rosuvastatin(1000 mg),10 capsules,30.7,rosuvastatin 1000mg,18
Amoxcin 1000,Glenmark,Doxycycline (5mg),15 tablets,536.27,doxycycline 5mg,7
Cetsr 10,Torrent Pharma,tramadol(250 mg),6 tablets,314.22,tramadol 250mg,17
Metsol 500,Himalaya,Ranitidine 40  mg,6 tablets,149.5,ranitidine 40mg,9
Azeeplus 1000,Sun Pharma,ZINC SULPHATE-100mg,10 tablets,479.54,zinc sulphate 100mg,16
Dolocin 40,Himalaya,OMEPRAZOLE-10mg,5 ml,253.34,omeprazole 10mg,9
Cetxr 1000,GSK India,Gabapentin (100mg),15 tablets,497.22,gabapentin 100mg,6
Omecap 40,Intas Pharma,fexofenadine 500 mg,1 bottle,481.72,fexofenadine 500mg,10
Amoxplus 40,Mankind Pharma,Telmisartan 10  mg,1 bottle,38.67,telmisartan 10mg,12
Amoxsol 1000,Dabur Pharma,alprazolam(40mg),10 tablets,589.39,alprazolam 40mg,4
Azeexr 40,Wockhardt,losartan 40mg,15 tablets,390.74,losartan 40mg,18
Augforte 250,Intas Pharma,omeprazole(400mg),6 tablets,152.96,omeprazole 400mg,10
Dolocin 1000,Dr Reddy,tramadol(200mg),10 capsules,421.69,tramadol 200mg,5
Amoxxr 40,Glenmark,losartan 500mg,5 ml,215.98,losartan 500mg,7
Dolood 10,Lupin,Ibuprofen (10 mg),10 capsules,137.37,ibuprofen 10mg,11
Amoxxr 1000,Glenmark,Paracetamol (400mg),10 capsules,142.92,paracetamol 400mg,7
Doloplus 40,Sun Pharma,telmisartan(20mg),6 tablets,17.98,telmisartan 20mg,16
Augds 10,Hetero Drugs,doxycycline(10mg),10 tablets,151.82,doxycycline 10mg,8
Amoxsol 500,Cipla,Domperidone (200 mg),15 tablets,449.64,domperidone 200mg,3
Doloxr 500,Hetero Drugs,ibuprofen 250 mg,6 tablets,533.76,ibuprofen 250mg,8
Metsol 20,Novartis India,Rabeprazole 500  mg,6 tablets,151.83,rabeprazole 500mg,13
Azeeds 20,Hetero Drugs,atorvastatin(250mg),10 tablets,217.27,atorvastatin 250mg,8
Augcap 40,Himalaya,Ranitidine (5 mg),30 tablets,522.49,ranitidine 5mg,9
Clavds 10,Dr Reddy,Clonazepam (5mg),10 capsules,489.66,clonazepam 5mg,5
Augplus 1000,Sun Pharma,Clonazepam 100 mg,5 ml,522.51,clonazepam 100mg,16
Augtab 20,Alkem Labs,Rabeprazole (20 mg),15 tablets,485.88,rabeprazole 20mg,1
Pancap 250,Himalaya,Diclofenac (250 mg),10 capsules,295.5,diclofenac 250mg,9
Augsol 20,Torrent Pharma,ondansetron(200mg),1 bottle,107.31,ondansetron 200mg,17
Omeod 10,GSK India,Losartan (200mg),15 tablets,55.78,losartan 200mg,6
Metxr 10,Mankind Pharma,Paracetamol (10mg),10 tablets,546.59,paracetamol 10mg,12
Brutab 40,Torrent Pharma,atorvastatin(1000 mg),15 tablets,467.76,atorvastatin 1000mg,17
Clavsol 1000,Sun Pharma,Telmisartan (40 mg),1 bottle,116.31,telmisartan 40mg,16
Metcin 40,Lupin,IBUPROFEN-400mg,6 tablets,11.06,ibuprofen 400mg,11
Cetod 250,Dr Reddy,CLONAZEPAM-400mg,30 tablets,43.17,clonazepam 400mg,5
Azeexr 250,Alkem Labs,rabeprazole 1000 mg,10 tablets,483.29,rabeprazole 1000mg,1
Metcap 1000,GSK India,Aspirin 10 mg,15 tablets,234.14,aspirin 10mg,6
Brucin 10,Aurobindo Pharma,Sertraline (10mg),10 tablets,276.9,sertraline 10mg,2
Amoxsr 20,Sun Pharma,tramadol(40mg),10 capsules,487.49,tramadol 40mg,16
Doloxr 1000,Cipla,Cetirizine 10 mg,6 tablets,283.25,cetirizine 10mg,3
Dolosr 20,Pfizer India,clopidogrel 400 mg,5 ml,20.6,clopidogrel 400mg,14
Amoxds 40,GSK India,VITAMIN D3-200mg,10 capsules,513.04,vitamin d3 200mg,6
Augcin 250,Sun Pharma,ZINC SULPHATE-400mg,5 ml,21.89,zinc sulphate 400mg,16
Metod 10,Pfizer India,rosuvastatin 250 mg,30 tablets,484.53,rosuvastatin 250mg,14
Ometab 10,Zydus Cadila,fexofenadine(5mg),30 tablets,513.43,fexofenadine 5mg,19
Cettab 10,Hetero Drugs,DOMPERIDONE-500mg,10 capsules,482.49,domperidone 500mg,8
Panplus 20,Novartis India,Ciprofloxacin (400mg),5 ml,560.47,ciprofloxacin 400mg,13
Ometab 500,Wockhardt,paracetamol(400 mg),6 tablets,464.89,paracetamol 400mg,18
Augsr 500,Glenmark,Ciprofloxacin 500 mg,6 tablets,62.91,ciprofloxacin 500mg,7
Azeetab 40,Sun Pharma,Ondansetron (5 mg),10 capsules,524.27,ondansetron 5mg,16
Cetxr 10,Dr Reddy,CIPROFLOXACIN-500mg,30 tablets,127.57,ciprofloxacin 500mg,5
Bruds 40,Aurobindo Pharma,Paracetamol (20 mg),10 capsules,264.42,paracetamol 20mg,2
Dolood 1000,GSK India,montelukast 10mg,15 tablets,261.22,montelukast 10mg,6
Dolosr 10,Glenmark,TRAMADOL-100mg,15 tablets,555.83,tramadol 100mg,7
Amoxcin 20,Sun Pharma,Pantoprazole 400 mg,10 tablets,216.94,pantoprazole 400mg,16
Clavxr 40,Lupin,diclofenac 1000mg,10 capsules,403.12,diclofenac 1000mg,11
Dolood 10,GSK India,Metformin 100 mg,15 tablets,52.58,metformin 100mg,6
Azeeplus 250,Abbott India,CALCIUM CARBONATE-500mg,5 ml,240.98,calcium carbonate 500mg,0
Azeetab 1000,Mankind Pharma,Vitamin d3 250 mg,10 capsules,434.03,vitamin d3 250mg,12
Dolotab 40,Novartis India,domperidone(250mg),10 tablets,317.01,domperidone 250mg,13
Bruds 250,Abbott India,Methylcobalamin 5 mg,30 tablets,417.89,methylcobalamin 5mg,0
Amoxplus 250,GSK India,zinc sulphate 400mg,15 tablets,424.67,zinc sulphate 400mg,6
Clavxr 1000,Abbott India,gabapentin 40 mg,10 tablets,303.87,gabapentin 40mg,0
Amoxds 10,Abbott India,amlodipine(1000 mg),6 tablets,22.32,amlodipine 1000mg,0
Cetds 40,Wockhardt,Vitamin D3 (250 mg),6 tablets,356.83,vitamin d3 250mg,18
Augsol 500,Zydus Cadila,Clonazepam 20 mg,1 bottle,68.43,clonazepam 20mg,19
Brusol 1000,Pfizer India,cetirizine(20mg),1 bottle,12.16,cetirizine 20mg,14
Cetcap 1000,Wockhardt,Losartan 200 mg,30 tablets,245.35,losartan 200mg,18
Omesr 1000,Himalaya,Clopidogrel 10 mg,15 tablets,50.71,clopidogrel 10mg,9
Augcin 40,Glenmark,metoprolol 400 mg,30 tablets,378.7,metoprolol 400mg,7
Azeecin 10,Glenmark,rosuvastatin 20 mg,6 tablets,254.26,rosuvastatin 20mg,7
Amoxds 500,Hetero Drugs,GABAPENTIN-400mg,10 capsules,385.23,gabapentin 400mg,8
Augxr 40,Intas Pharma,DOMPERIDONE-500mg,10 tablets,499.2,domperidone 500mg,10
Omecin 40,Himalaya,Losartan (10mg),6 tablets,67.09,losartan 10mg,9
Clavds 40,Mankind Pharma,Ciprofloxacin (200 mg),5 ml,147.3,ciprofloxacin 200mg,12
Augsr 250,Lupin,Glimepiride (400 mg),15 tablets,88.19,glimepiride 400mg,11
Metod 250,Sanofi India,Cetirizine 250  mg,30 tablets,501.17,cetirizine 250mg,15
Azeecin 40,Torrent Pharma,telmisartan(40 mg),10 tablets,121.84,telmisartan 40mg,17
Panxr 1000,Himalaya,GABAPENTIN-40mg,6 tablets,498.25,gabapentin 40mg,9
Clavsol 10,Cipla,levothyroxine 400 mg,15 tablets,257.1,levothyroxine 400mg,3
Pancap 500,Zydus Cadila,Levothyroxine 400  mg,10 capsules,333.68,levothyroxine 400mg,19
Dolood 20,Novartis India,Levocetirizine (500mg),10 tablets,23.23,levocetirizine 500mg,13
Metcin 250,Sun Pharma,Pregabalin (5 mg),6 tablets,204.65,pregabalin 5mg,16
Bruod 40,Dr Reddy,atorvastatin(500mg),5 ml,108.67,atorvastatin 500mg,5
Omeforte 1000,Aurobindo Pharma,Vitamin d3 20  mg,15 tablets,48.9,vitamin d3 20mg,2
Cetsr 40,Pfizer India,Vitamin D3 (400 mg),10 tablets,87.38,vitamin d3 400mg,14
Metforte 20,Novartis India,CALCIUM CARBONATE-100mg,1 bottle,463.2,calcium carbonate 100mg,13
Azeesr 40,Himalaya,rabeprazole(5mg),5 ml,395.77,rabeprazole 5mg,9
Metsol 1000,Zydus Cadila,omeprazole(500mg),5 ml,223.04,omeprazole 500mg,19
Metds 20,Torrent Pharma,METOPROLOL-5mg,1 bottle,65.69,metoprolol 5mg,17
Dolosol 250,Novartis India,ibuprofen 500 mg,1 bottle,421.33,ibuprofen 500mg,13
Clavplus 250,Cipla,telmisartan(200 mg),5 ml,261.73,telmisartan 200mg,3
Azeeod 40,Pfizer India,PANTOPRAZOLE-500mg,10 capsules,440.51,pantoprazole 500mg,14
Clavtab 10,Dr Reddy,Losartan (400 mg),10 capsules,378.79,losartan 400mg,5
Clavplus 250,GSK India,clonazepam(100mg),30 tablets,506.27,clonazepam 100mg,6
Azeecin 10,Aurobindo Pharma,ranitidine(400 mg),30 tablets,396.82,ranitidine 400mg,2
Pantab 20,Pfizer India,pregabalin 250mg,5 ml,542.84,pregabalin 250mg,14
Clavcap 1000,Zydus Cadila,levothyroxine 20 mg,6 tablets,211.56,levothyroxine 20mg,19
Metxr 500,Zydus Cadila,Clopidogrel (400 mg),5 ml,169.73,clopidogrel 400mg,19
Dolotab 20,Sun Pharma,Glimepiride (40 mg),15 tablets,418.03,glimepiride 40mg,16
Clavforte 10,Wockhardt,amlodipine 100mg,10 tablets,415.94,amlodipine 100mg,18
Brusol 250,Intas Pharma,Gabapentin 40  mg,1 bottle,566.8,gabapentin 40mg,10
Omecin 250,Sun Pharma,amlodipine(400 mg),10 capsules,431.94,amlodipine 400mg,16
Metxr 20,Pfizer India,methylcobalamin 40 mg,15 tablets,466.58,methylcobalamin 40mg,14
Doloforte 500,Pfizer India,sertraline 1000 mg,30 tablets,204.46,sertraline 1000mg,14
Bruxr 1000,Sun Pharma,rabeprazole 400 mg,6 tablets,591.57,rabeprazole 400mg,16
Metcin 250,GSK India,ondansetron(100mg),10 tablets,39.82,ondansetron 100mg,6
Augod 20,Abbott India,LOSARTAN-250mg,30 tablets,214.68,losartan 250mg,0
Amoxtab 40,Pfizer India,alprazolam 100mg,10 tablets,421.9,alprazolam 100mg,14
Bruod 1000,GSK India,RABEPRAZOLE-5mg,10 tablets,392.07,rabeprazole 5mg,6
Augforte 40,Alkem Labs,Vitamin D3 (1000 mg),10 capsules,373.17,vitamin d3 1000mg,1
Metsol 40,Lupin,ranitidine(200 mg),6 tablets,97.84,ranitidine 200mg,11
Pantab 40,Dr Reddy,Tramadol (20 mg),10 capsules,418.58,tramadol 20mg,5
Amoxds 20,Cipla,Glimepiride 5 mg,5 ml,583.48,glimepiride 5mg,3
Metxr 20,Lupin,Calcium carbonate 20 mg,30 tablets,463.64,calcium carbonate 20mg,11
Azeeds 20,Aurobindo Pharma,Doxycycline 100 mg,6 tablets,133.64,doxycycline 100mg,2
Amoxforte 20,Pfizer India,Omeprazole 5  mg,1 bottle,406.95,omeprazole 5mg,14
Panforte 1000,Zydus Cadila,Levothyroxine (5mg),1 bottle,420.57,levothyroxine 5mg,19
Azeesr 10,Dabur Pharma,gabapentin 100mg,30 tablets,347.35,gabapentin 100mg,4
Metcin 10,Sanofi India,Cetirizine 40 mg,10 tablets,314.91,cetirizine 40mg,15
Omecap 40,Himalaya,clonazepam 400mg,30 tablets,147.68,clonazepam 400mg,9
Dolods 250,Mankind Pharma,VITAMIN D3-40mg,5 ml,579.06,vitamin d3 40mg,12
Augplus 500,Aurobindo Pharma,Fluoxetine (1000mg),15 tablets,205.1,fluoxetine 1000mg,2
Augcin 500,Alkem Labs,Amlodipine 5  mg,15 tablets,129.68,amlodipine 5mg,1
Brucin 40,Dr Reddy,amoxicillin(20mg),10 tablets,513.07,amoxicillin 20mg,5
Brucin 500,Torrent Pharma,TELMISARTAN-5mg,6 tablets,392.54,telmisartan 5mg,17
Omexr 40,Aurobindo Pharma,doxycycline 400mg,30 tablets,114.1,doxycycline 400mg,2
Omeforte 40,Glenmark,FLUOXETINE-500mg,15 tablets,435.46,fluoxetine 500mg,7
Metxr 20,GSK India,Ciprofloxacin (500 mg),15 tablets,224.59,ciprofloxacin 500mg,6
Pancap 40,Mankind Pharma,montelukast 400 mg,1 bottle,595.08,montelukast 400mg,12
Dolosol 250,Cipla,metoprolol 40mg,30 tablets,460.2,metoprolol 40mg,3
Azeeod 500,Torrent Pharma,Ciprofloxacin (250mg),30 tablets,288.18,ciprofloxacin 250mg,17
Doloxr 20,GSK India,telmisartan(500mg),10 tablets,478.47,telmisartan 500mg,6
Metds 1000,Hetero Drugs,ciprofloxacin 250 mg,1 bottle,357.32,ciprofloxacin 250mg,8
Augplus 20,Dabur Pharma,PREGABALIN-200mg,10 capsules,475.8,pregabalin 200mg,4
Metds 250,Alkem Labs,Rosuvastatin 500  mg,5 ml,280.82,rosuvastatin 500mg,1
Amoxcin 1000,Himalaya,Ondansetron (1000 mg),6 tablets,157.11,ondansetron 1000mg,9
Bruxr 1000,Sun Pharma,cetirizine 20 mg,30 tablets,470.81,cetirizine 20mg,16
Clavsr 40,Novartis India,amoxicillin 1000 mg,1 bottle,429.36,amoxicillin 1000mg,13
Pancin 10,Torrent Pharma,Glimepiride (40mg),15 tablets,149.53,glimepiride 40mg,17
Omesol 10,GSK India,amoxicillin(10 mg),5 ml,457.21,amoxicillin 10mg,6
Cetds 10,Cipla,OMEPRAZOLE-100mg,5 ml,72.42,omeprazole 100mg,3
Cetplus 1000,Torrent Pharma,Pregabalin (10 mg),10 tablets,184.38,pregabalin 10mg,17
Clavcap 20,Pfizer India,CETIRIZINE-5mg,10 capsules,398.3,cetirizine 5mg,14
Omesol 1000,GSK India,clopidogrel(500mg),10 capsules,144.31,clopidogrel 500mg,6
Clavplus 40,Wockhardt,Rabeprazole 10 mg,15 tablets,420.23,rabeprazole 10mg,18
Clavsr 10,Novartis India,Rabeprazole (100mg),5 ml,351.37,rabeprazole 100mg,13
Augcin 20,Alkem Labs,telmisartan(250mg),10 tablets,39.82,telmisartan 250mg,1
Omeforte 10,GSK India,RABEPRAZOLE-500mg,15 tablets,286.17,rabeprazole 500mg,6
Cetplus 1000,Mankind Pharma,Fluoxetine 5 mg,10 capsules,488.5,fluoxetine 5mg,12
Cetplus 500,Novartis India,DICLOFENAC-20mg,6 tablets,568.24,diclofenac 20mg,13
Azeesol 500,Mankind Pharma,PANTOPRAZOLE-40mg,15 tablets,317.05,pantoprazole 40mg,12
Clavcin 10,Alkem Labs,LEVOTHYROXINE-40mg,30 tablets,93.57,levothyroxine 40mg,1
Omecap 1000,Torrent Pharma,Glimepiride (500mg),30 tablets,208.33,glimepiride 500mg,17
Pands 40,Aurobindo Pharma,metoprolol 200mg,1 bottle,495.89,metoprolol 200mg,2
Cetod 40,Torrent Pharma,Ciprofloxacin (500 mg),1 bottle,119.99,ciprofloxacin 500mg,17
Metsol 40,Glenmark,AZITHROMYCIN-500mg,10 capsules,317.19,azithromycin 500mg,7
Metcin 20,Sun Pharma,esomeprazole(1000mg),30 tablets,386.29,esomeprazole 1000mg,16
Cetforte 10,Cipla,esomeprazole 200 mg,10 capsules,84.43,esomeprazole 200mg,3
Azeexr 250,GSK India,Domperidone (250mg),10 tablets,338.07,domperidone 250mg,6
Dolocap 40,Intas Pharma,Montelukast 1000  mg,1 bottle,374.9,montelukast 1000mg,10
Bruod 500,Cipla,esomeprazole 1000 mg,10 capsules,401.43,esomeprazole 1000mg,3
Doloplus 40,Zydus Cadila,paracetamol 40mg,6 tablets,69.16,paracetamol 40mg,19
Amoxtab 500,Mankind Pharma,Esomeprazole 500  mg,6 tablets,258.31,esomeprazole 500mg,12
Amoxforte 500,Mankind Pharma,domperidone 10 mg,5 ml,587.22,domperidone 10mg,12
Amoxsol 250,Hetero Drugs,Doxycycline (40 mg),15 tablets,33.46,doxycycline 40mg,8
Dolosol 40,Sun Pharma,LEVOCETIRIZINE-400mg,10 capsules,581.1,levocetirizine 400mg,16
Clavsr 1000,Aurobindo Pharma,PANTOPRAZOLE-500mg,30 tablets,267.31,pantoprazole 500mg,2
Pantab 500,Dr Reddy,Clonazepam (1000mg),6 tablets,182.24,clonazepam 1000mg,5
Amoxcap 250,Dabur Pharma,Paracetamol 500  mg,6 tablets,74.58,paracetamol 500mg,4
Clavtab 250,Torrent Pharma,Vitamin D3 (250mg),30 tablets,397.47,vitamin d3 250mg,17
Cetcin 1000,Intas Pharma,Pantoprazole (5mg),10 capsules,344.52,pantoprazole 5mg,10
Cettab 250,Torrent Pharma,Levocetirizine (100mg),10 tablets,279.38,levocetirizine 100mg,17
Pansol 250,Hetero Drugs,Doxycycline (1000mg),30 tablets,223.74,doxycycline 1000mg,8
Brusr 1000,Wockhardt,Levothyroxine 500 mg,10 tablets,391.31,levothyroxine 500mg,18
Panod 1000,Glenmark,Ciprofloxacin (500 mg),1 bottle,79.3,ciprofloxacin 500mg,7
Metds 10,Dr Reddy,SERTRALINE-500mg,30 tablets,76.0,sertraline 500mg,5
Omeplus 500,GSK India,OMEPRAZOLE-10mg,5 ml,452.83,omeprazole 10mg,6
Panplus 40,Wockhardt,Amoxicillin (1000 mg),30 tablets,524.97,amoxicillin 1000mg,18
Augtab 500,GSK India,Doxycycline (10mg),15 tablets,94.21,doxycycline 10mg,6
Cetplus 250,Glenmark,amoxicillin 400 mg,5 ml,332.89,amoxicillin 400mg,7
Metsol 10,Zydus Cadila,zinc sulphate(10 mg),30 tablets,31.07,zinc sulphate 10mg,19
Clavsr 40,Mankind Pharma,Calcium Carbonate (5 mg),5 ml,73.47,calcium carbonate 5mg,12
Amoxtab 1000,Pfizer India,ranitidine(5 mg),5 ml,428.31,ranitidine 5mg,14
Dolocin 500,Alkem Labs,metoprolol 500 mg,30 tablets,247.86,metoprolol 500mg,1
Augcap 1000,Zydus Cadila,atorvastatin(40mg),6 tablets,119.9,atorvastatin 40mg,19
Metforte 250,Sanofi India,Amlodipine (200mg),10 capsules,431.79,amlodipine 200mg,15
Pands 500,Himalaya,Cetirizine 500  mg,15 tablets,405.73,cetirizine 500mg,9
Cetod 1000,Dr Reddy,Rabeprazole (40mg),1 bottle,442.23,rabeprazole 40mg,5
Clavcap 40,Dabur Pharma,TELMISARTAN-250mg,10 tablets,395.88,telmisartan 250mg,4
Azeexr 500,Sun Pharma,Sertraline 5 mg,5 ml,533.69,sertraline 5mg,16
Brusr 10,Aurobindo Pharma,Calcium Carbonate (500 mg),1 bottle,13.08,calcium carbonate 500mg,2
Clavds 250,Cipla,zinc sulphate 40mg,6 tablets,216.08,zinc sulphate 40mg,3
Clavplus 250,Dr Reddy,fexofenadine 100mg,10 capsules,507.78,fexofenadine 100mg,5
Cetod 40,Sun Pharma,ondansetron 500mg,6 tablets,452.94,ondansetron 500mg,16
Azeetab 40,Himalaya,Diclofenac (1000 mg),10 tablets,539.77,diclofenac 1000mg,9
Clavcin 500,Sanofi India,Doxycycline 10  mg,30 tablets,87.29,doxycycline 10mg,15
Mettab 1000,GSK India,AMOXICILLIN-200mg,30 tablets,492.57,amoxicillin 200mg,6
Azeesol 20,Glenmark,amlodipine(40mg),10 tablets,241.05,amlodipine 40mg,7
Azeexr 10,GSK India,Metformin 5 mg,30 tablets,511.39,metformin 5mg,6
Metplus 40,Dr Reddy,esomeprazole 5mg,30 tablets,421.64,esomeprazole 5mg,5
Pantab 250,Novartis India,Ibuprofen 5 mg,10 tablets,155.45,ibuprofen 5mg,13
Dolotab 10,Sanofi India,Tramadol 500  mg,10 capsules,243.96,tramadol 500mg,15
Panplus 500,Torrent Pharma,ondansetron 200mg,10 capsules,472.17,ondansetron 200mg,17
Cetsr 40,Zydus Cadila,Ondansetron 1000 mg,15 tablets,505.32,ondansetron 1000mg,19
Brucin 40,Cipla,ibuprofen 250 mg,15 tablets,510.8,ibuprofen 250mg,3
Omeds 20,Himalaya,levocetirizine 500 mg,15 tablets,195.7,levocetirizine 500mg,9
Clavsr 1000,Alkem Labs,LOSARTAN-200mg,6 tablets,216.55,losartan 200mg,1
Amoxds 10,Abbott India,GABAPENTIN-500mg,10 capsules,251.09,gabapentin 500mg,0
Brucin 20,Pfizer India,LOSARTAN-400mg,15 tablets,581.74,losartan 400mg,14
Augxr 500,Dabur Pharma,Clopidogrel 400 mg,30 tablets,69.98,clopidogrel 400mg,4
Amoxod 500,Sun Pharma,Ranitidine (200 mg),15 tablets,388.23,ranitidine 200mg,16
Omeforte 250,Aurobindo Pharma,pantoprazole 5mg,6 tablets,475.38,pantoprazole 5mg,2
Azeecap 40,Dabur Pharma,fexofenadine(250 mg),1 bottle,191.78,fexofenadine 250mg,4
Azeeforte 1000,Himalaya,ESOMEPRAZOLE-400mg,15 tablets,423.85,esomeprazole 400mg,9
Metod 20,Sun Pharma,montelukast 100mg,6 tablets,244.45,montelukast 100mg,16
Pands 250,Dabur Pharma,Losartan 1000  mg,5 ml,599.38,losartan 1000mg,4
Dolosol 500,Aurobindo Pharma,amoxicillin(20mg),5 ml,414.9,amoxicillin 20mg,2
Pansr 20,Sun Pharma,ATORVASTATIN-500mg,1 bottle,480.36,atorvastatin 500mg,16
Pantab 1000,Sanofi India,Glimepiride 5  mg,1 bottle,44.77,glimepiride 5mg,15
Cetod 20,Glenmark,ciprofloxacin 400mg,10 tablets,96.19,ciprofloxacin 400mg,7
Metsr 20,Sanofi India,Rosuvastatin (200mg),15 tablets,316.36,rosuvastatin 200mg,15
Brucin 40,GSK India,levothyroxine 5mg,5 ml,138.21,levothyroxine 5mg,6
Augplus 250,Mankind Pharma,rabeprazole 1000mg,30 tablets,597.09,rabeprazole 1000mg,12
Bruxr 40,Dabur Pharma,FEXOFENADINE-400mg,30 tablets,46.12,fexofenadine 400mg,4
Azeeforte 250,Wockhardt,PANTOPRAZOLE-200mg,30 tablets,270.62,pantoprazole 200mg,18
Brutab 1000,Alkem Labs,Esomeprazole 40  mg,10 tablets,523.28,esomeprazole 40mg,1
Pancin 250,Aurobindo Pharma,losartan(1000mg),30 tablets,496.52,losartan 1000mg,2
Brucap 10,Dabur Pharma,alprazolam 5mg,6 tablets,316.01,alprazolam 5mg,4
Amoxcin 500,Aurobindo Pharma,Sertraline 40  mg,30 tablets,140.85,sertraline 40mg,2
Augplus 40,Lupin,azithromycin 100mg,15 tablets,527.82,azithromycin 100mg,11
Cetod 500,Wockhardt,pantoprazole 10 mg,30 tablets,548.55,pantoprazole 10mg,18
Amoxcin 500,Torrent Pharma,ranitidine 20 mg,30 tablets,469.22,ranitidine 20mg,17
Clavforte 1000,Pfizer India,methylcobalamin(400mg),30 tablets,148.22,methylcobalamin 400mg,14
Augcin 1000,Himalaya,Pantoprazole (40mg),30 tablets,160.17,pantoprazole 40mg,9
Pantab 20,Dabur Pharma,ROSUVASTATIN-5mg,6 tablets,439.3,rosuvastatin 5mg,4
Metds 20,Cipla,Calcium carbonate 40 mg,30 tablets,204.05,calcium carbonate 40mg,3
Azeesol 1000,Hetero Drugs,Clonazepam (20 mg),5 ml,393.65,clonazepam 20mg,8
Augsol 20,Dabur Pharma,ibuprofen(20mg),6 tablets,196.21,ibuprofen 20mg,4
Amoxds 250,Dabur Pharma,TELMISARTAN-500mg,5 ml,186.51,telmisartan 500mg,4
Augxr 500,Cipla,zinc sulphate(400 mg),10 capsules,533.92,zinc sulphate 400mg,3
Augtab 250,Intas Pharma,RANITIDINE-40mg,1 bottle,215.76,ranitidine 40mg,10
Brucap 250,Wockhardt,gabapentin 1000mg,10 tablets,446.41,gabapentin 1000mg,18
Omeplus 250,GSK India,omeprazole(400mg),15 tablets,421.63,omeprazole 400mg,6
Omexr 500,Wockhardt,Methylcobalamin 10 mg,1 bottle,191.94,methylcobalamin 10mg,18
Brucap 40,Wockhardt,gabapentin(5 mg),1 bottle,52.99,gabapentin 5mg,18
Bruds 10,Torrent Pharma,METHYLCOBALAMIN-40mg,1 bottle,268.46,methylcobalamin 40mg,17
Clavforte 10,Torrent Pharma,Ondansetron (20 mg),10 capsules,368.93,ondansetron 20mg,17
Azeecin 250,Zydus Cadila,ranitidine 5mg,10 capsules,472.81,ranitidine 5mg,19
Amoxcap 1000,Torrent Pharma,CIPROFLOXACIN-20mg,30 tablets,291.17,ciprofloxacin 20mg,17
Cettab 20,Sanofi India,atorvastatin 500 mg,15 tablets,75.06,atorvastatin 500mg,15
Augsr 40,Sun Pharma,Omeprazole 250 mg,1 bottle,261.04,omeprazole 250mg,16
Amoxforte 500,Aurobindo Pharma,Azithromycin (5mg),5 ml,335.69,azithromycin 5mg,2
Metforte 500,Sun Pharma,pantoprazole 500 mg,5 ml,151.9,pantoprazole 500mg,16
Doloplus 40,Lupin,Ranitidine (1000mg),15 tablets,246.87,ranitidine 1000mg,11
Clavforte 20,Himalaya,atorvastatin(100mg),6 tablets,459.67,atorvastatin 100mg,9
Bruds 40,Sun Pharma,Ciprofloxacin 10 mg,30 tablets,437.53,ciprofloxacin 10mg,16
Amoxforte 10,Alkem Labs,amoxicillin 1000mg,30 tablets,484.33,amoxicillin 1000mg,1
Azeexr 500,Abbott India,sertraline(5 mg),1 bottle,256.26,sertraline 5mg,0
Panxr 500,Sanofi India,montelukast(100mg),10 tablets,452.94,montelukast 100mg,15
Panplus 500,Sun Pharma,DOMPERIDONE-200mg,1 bottle,521.59,domperidone 200mg,16
Cetplus 10,Dr Reddy,Zinc Sulphate (20mg),10 capsules,163.49,zinc sulphate 20mg,5
Augds 500,Dabur Pharma,Clopidogrel 500 mg,6 tablets,43.37,clopidogrel 500mg,4
Pansol 20,Lupin,Sertraline (20mg),15 tablets,97.41,sertraline 20mg,11
Dolood 1000,Hetero Drugs,Vitamin D3 (500mg),10 tablets,564.62,vitamin d3 500mg,8
Omesol 250,Sanofi India,Levothyroxine 200 mg,10 tablets,493.5,levothyroxine 200mg,15
Amoxsol 500,Hetero Drugs,Aspirin (10 mg),1 bottle,68.59,aspirin 10mg,8
Clavcap 20,Glenmark,rosuvastatin(200mg),10 capsules,56.55,rosuvastatin 200mg,7
Omesol 10,Cipla,cetirizine(1000 mg),10 capsules,181.33,cetirizine 1000mg,3
Amoxds 40,Hetero Drugs,Methylcobalamin (20mg),10 capsules,128.76,methylcobalamin 20mg,8
Ometab 1000,Sanofi India,Ibuprofen 1000 mg,10 tablets,537.16,ibuprofen 1000mg,15
Metod 1000,Aurobindo Pharma,levocetirizine(250mg),30 tablets,223.44,levocetirizine 250mg,2
Panod 10,Zydus Cadila,TELMISARTAN-40mg,10 tablets,27.76,telmisartan 40mg,19
Doloxr 40,Abbott India,domperidone 250mg,15 tablets,110.29,domperidone 250mg,0
Amoxod 10,Novartis India,pregabalin(400 mg),10 tablets,33.58,pregabalin 400mg,13
Brusr 10,Aurobindo Pharma,Alprazolam (200 mg),5 ml,414.84,alprazolam 200mg,2
Dolods 10,Sanofi India,Esomeprazole (20mg),5 ml,322.14,esomeprazole 20mg,15
Pands 40,Himalaya,DOMPERIDONE-200mg,10 tablets,398.91,domperidone 200mg,9
Metod 40,Sanofi India,Gabapentin 250  mg,5 ml,492.78,gabapentin 250mg,15
Omecap 250,GSK India,Ibuprofen 5 mg,15 tablets,225.99,ibuprofen 5mg,6
Pansr 1000,Hetero Drugs,methylcobalamin(100mg),15 tablets,316.14,methylcobalamin 100mg,8
Omeplus 250,Himalaya,Domperidone (200mg),30 tablets,197.1,domperidone 200mg,9
Pancin 1000,GSK India,Aspirin (1000 mg),10 tablets,312.71,aspirin 1000mg,6
Omecin 40,Torrent Pharma,CETIRIZINE-20mg,10 capsules,352.94,cetirizine 20mg,17
Doloforte 10,Aurobindo Pharma,levothyroxine(400mg),15 tablets,54.36,levothyroxine 400mg,2
Panod 500,Cipla,Methylcobalamin 400  mg,10 tablets,399.51,methylcobalamin 400mg,3
Ometab 1000,Wockhardt,Losartan 10 mg,10 tablets,312.94,losartan 10mg,18
Brutab 500,Zydus Cadila,amoxicillin 1000 mg,6 tablets,81.08,amoxicillin 1000mg,19
Pancin 250,Dr Reddy,methylcobalamin(100mg),6 tablets,46.05,methylcobalamin 100mg,5
Bruforte 1000,Pfizer India,Ibuprofen 10 mg,10 capsules,378.38,ibuprofen 10mg,14
Metxr 20,Novartis India,ASPIRIN-40mg,6 tablets,190.0,aspirin 40mg,13
Clavforte 250,Sun Pharma,domperidone(5 mg),30 tablets,371.94,domperidone 5mg,16
Azeesol 10,Dr Reddy,telmisartan(40mg),1 bottle,98.22,telmisartan 40mg,5
Augplus 250,GSK India,omeprazole(250mg),15 tablets,572.43,omeprazole 250mg,6
Omeforte 1000,Himalaya,Omeprazole 500  mg,10 capsules,207.0,omeprazole 500mg,9
Metforte 500,Wockhardt,esomeprazole(40mg),30 tablets,89.53,esomeprazole 40mg,18
Cetod 20,Sanofi India,montelukast 20mg,1 bottle,43.35,montelukast 20mg,15
Dolotab 40,Mankind Pharma,Zinc sulphate 1000 mg,1 bottle,391.53,zinc sulphate 1000mg,12
Omesol 250,Sanofi India,Montelukast 250  mg,5 ml,180.28,montelukast 250mg,15
Amoxplus 500,Intas Pharma,Azithromycin (5mg),1 bottle,57.52,azithromycin 5mg,10
Clavcap 40,Glenmark,alprazolam 250mg,6 tablets,86.82,alprazolam 250mg,7
Augxr 20,Intas Pharma,Amlodipine (10 mg),10 capsules,561.54,amlodipine 10mg,10
Clavxr 40,Hetero Drugs,CLONAZEPAM-20mg,1 bottle,469.63,clonazepam 20mg,8
Clavxr 10,Intas Pharma,Paracetamol 20  mg,10 capsules,107.39,paracetamol 20mg,10
Pansr 250,Sanofi India,Doxycycline 200  mg,10 tablets,547.16,doxycycline 200mg,15
Pantab 250,Mankind Pharma,levothyroxine 500mg,15 tablets,93.27,levothyroxine 500mg,12
Dolood 40,Zydus Cadila,PARACETAMOL-100mg,6 tablets,140.25,paracetamol 100mg,19
Mettab 10,Intas Pharma,Doxycycline (400 mg),15 tablets,537.83,doxycycline 400mg,10
Clavsr 250,Intas Pharma,ondansetron 40 mg,1 bottle,296.74,ondansetron 40mg,10
Dolosr 20,Lupin,Vitamin D3 (250 mg),10 tablets,542.35,vitamin d3 250mg,11
Dolods 10,Glenmark,Domperidone (40 mg),6 tablets,14.19,domperidone 40mg,7
Azeeds 40,Glenmark,ondansetron 40mg,5 ml,588.25,ondansetron 40mg,7
Amoxplus 1000,GSK India,Tramadol (1000mg),10 capsules,37.06,tramadol 1000mg,6
Amoxplus 500,Torrent Pharma,losartan(5 mg),15 tablets,269.4,losartan 5mg,17
Brusr 250,Intas Pharma,fexofenadine 500mg,10 capsules,78.76,fexofenadine 500mg,10
Metplus 10,Pfizer India,Clonazepam 40 mg,6 tablets,282.48,clonazepam 40mg,14
Metsol 40,Zydus Cadila,clonazepam 100mg,1 bottle,383.33,clonazepam 100mg,19
Doloplus 250,Wockhardt,clonazepam 10mg,1 bottle,493.13,clonazepam 10mg,18
Pansr 20,Dabur Pharma,Rosuvastatin 250  mg,1 bottle,471.94,rosuvastatin 250mg,4
Pancin 250,Glenmark,metformin 100mg,15 tablets,295.08,metformin 100mg,7
Clavcap 250,Mankind Pharma,Cetirizine 20 mg,30 tablets,385.88,cetirizine 20mg,12
Doloforte 1000,Torrent Pharma,RABEPRAZOLE-20mg,10 tablets,474.57,rabeprazole 20mg,17
Azeeforte 10,Intas Pharma,Cetirizine 40  mg,6 tablets,197.86,cetirizine 40mg,10
Cetds 40,Pfizer India,METOPROLOL-200mg,30 tablets,88.07,metoprolol 200mg,14
Amoxod 10,Sun Pharma,Metformin (200mg),1 bottle,32.84,metformin 200mg,16
Brucin 20,Sanofi India,metformin 10mg,1 bottle,251.43,metformin 10mg,15
Cettab 40,Himalaya,Esomeprazole (500mg),15 tablets,347.19,esomeprazole 500mg,9
Panxr 40,Cipla,ZINC SULPHATE-5mg,30 tablets,213.65,zinc sulphate 5mg,3
Amoxforte 500,Sanofi India,azithromycin(250 mg),30 tablets,136.71,azithromycin 250mg,15
Cetcin 20,Cipla,Atorvastatin (10mg),5 ml,345.28,atorvastatin 10mg,3
Cettab 1000,Zydus Cadila,Montelukast 500 mg,15 tablets,78.93,montelukast 500mg,19
Cetod 10,Himalaya,Azithromycin 1000  mg,5 ml,24.26,azithromycin 1000mg,9
Cetcin 10,Torrent Pharma,OMEPRAZOLE-200mg,15 tablets,497.47,omeprazole 200mg,17
Cetds 10,Mankind Pharma,Amoxicillin 20  mg,15 tablets,158.25,amoxicillin 20mg,12
Metds 20,Sanofi India,Fluoxetine 1000  mg,1 bottle,41.95,fluoxetine 1000mg,15
Metds 500,Himalaya,AMOXICILLIN-500mg,15 tablets,223.55,amoxicillin 500mg,9
Amoxds 250,Cipla,tramadol 40 mg,30 tablets,243.34,tramadol 40mg,3
Amoxxr 250,Aurobindo Pharma,telmisartan(400 mg),10 capsules,173.01,telmisartan 400mg,2
Doloforte 40,Aurobindo Pharma,Pantoprazole (10 mg),6 tablets,192.11,pantoprazole 10mg,2
Omeplus 40,Cipla,Vitamin d3 200  mg,15 tablets,233.48,vitamin d3 200mg,3
Pancap 20,Aurobindo Pharma,Amoxicillin 100 mg,10 tablets,515.52,amoxicillin 100mg,2
Panplus 500,Dr Reddy,esomeprazole 200mg,10 capsules,297.65,esomeprazole 200mg,5
Metforte 10,Glenmark,Levocetirizine (20 mg),10 tablets,468.88,levocetirizine 20mg,7
Amoxforte 10,Aurobindo Pharma,diclofenac 40mg,6 tablets,13.69,diclofenac 40mg,2
Panxr 1000,Himalaya,Rosuvastatin (1000mg),10 capsules,453.62,rosuvastatin 1000mg,9
Ometab 10,Dabur Pharma,Ranitidine 1000  mg,10 tablets,309.14,ranitidine 1000mg,4
Bruod 1000,Himalaya,PANTOPRAZOLE-20mg,10 tablets,566.93,pantoprazole 20mg,9
Amoxtab 20,Abbott India,calcium carbonate 20mg,10 capsules,270.3,calcium carbonate 20mg,0
Augcap 500,Aurobindo Pharma,Rabeprazole 1000 mg,30 tablets,404.57,rabeprazole 1000mg,2
Pansr 20,Wockhardt,CLONAZEPAM-5mg,1 bottle,339.3,clonazepam 5mg,18
Azeesol 10,Alkem Labs,METFORMIN-5mg,1 bottle,511.37,metformin 5mg,1
Pancin 250,Glenmark,Vitamin d3 500  mg,15 tablets,118.36,vitamin d3 500mg,7
Omesol 10,Torrent Pharma,Ciprofloxacin (20 mg),15 tablets,178.9,ciprofloxacin 20mg,17
Cetxr 40,Mankind Pharma,methylcobalamin(400mg),6 tablets,424.4,methylcobalamin 400mg,12
Brucap 20,GSK India,LEVOTHYROXINE-200mg,5 ml,153.86,levothyroxine 200mg,6
Amoxcin 40,Alkem Labs,ondansetron(200 mg),15 tablets,287.03,ondansetron 200mg,1
Brutab 40,Sanofi India,zinc sulphate(500 mg),10 tablets,304.7,zinc sulphate 500mg,15
Panod 500,Cipla,ibuprofen(400 mg),30 tablets,144.83,ibuprofen 400mg,3
Augforte 20,Zydus Cadila,telmisartan 100mg,15 tablets,161.32,telmisartan 100mg,19
Omeforte 1000,Mankind Pharma,AMLODIPINE-40mg,15 tablets,148.96,amlodipine 40mg,12
Augplus 1000,Mankind Pharma,ONDANSETRON-200mg,10 capsules,65.19,ondansetron 200mg,12
Cetplus 20,Novartis India,Atorvastatin (10 mg),1 bottle,471.69,atorvastatin 10mg,13
Dolosr 1000,Sun Pharma,Vitamin d3 10  mg,6 tablets,507.55,vitamin d3 10mg,16
Omesol 500,Dr Reddy,Montelukast (40 mg),10 capsules,397.75,montelukast 40mg,5
Amoxxr 1000,Dr Reddy,methylcobalamin(10mg),10 capsules,556.44,methylcobalamin 10mg,5
Omexr 10,Sanofi India,doxycycline(10 mg),30 tablets,530.29,doxycycline 10mg,15
Clavtab 20,Dabur Pharma,esomeprazole(500 mg),5 ml,232.42,esomeprazole 500mg,4
Bruplus 1000,Zydus Cadila,ONDANSETRON-500mg,15 tablets,346.68,ondansetron 500mg,19
Panplus 500,Pfizer India,CETIRIZINE-100mg,6 tablets,533.32,cetirizine 100mg,14
Mettab 10,Zydus Cadila,Calcium carbonate 10 mg,1 bottle,285.01,calcium carbonate 10mg,19
Cetplus 500,Zydus Cadila,TELMISARTAN-20mg,10 tablets,580.5,telmisartan 20mg,19
Clavcin 500,Sanofi India,VITAMIN D3-40mg,10 tablets,160.37,vitamin d3 40mg,15
Panplus 1000,GSK India,DOXYCYCLINE-400mg,10 tablets,130.7,doxycycline 400mg,6
Amoxsol 250,Alkem Labs,Doxycycline 250  mg,6 tablets,420.49,doxycycline 250mg,1
Doloplus 10,Alkem Labs,ATORVASTATIN-1000mg,5 ml,379.91,atorvastatin 1000mg,1
Amoxtab 10,Mankind Pharma,doxycycline(400mg),30 tablets,482.08,doxycycline 400mg,12
Clavod 40,Novartis India,Metoprolol 500 mg,15 tablets,158.79,metoprolol 500mg,13
Omeds 10,Hetero Drugs,ranitidine 5 mg,1 bottle,347.16,ranitidine 5mg,8
Cetforte 1000,Wockhardt,Methylcobalamin (5 mg),6 tablets,361.38,methylcobalamin 5mg,18
Metsol 20,Glenmark,Levothyroxine 400 mg,10 tablets,580.08,levothyroxine 400mg,7
Omexr 250,Dr Reddy,Tramadol 100 mg,1 bottle,196.68,tramadol 100mg,5
Omecap 10,Aurobindo Pharma,IBUPROFEN-40mg,1 bottle,422.87,ibuprofen 40mg,2
Augcap 250,Dabur Pharma,RABEPRAZOLE-20mg,1 bottle,169.53,rabeprazole 20mg,4
Brusr 20,Lupin,domperidone(1000mg),6 tablets,555.96,domperidone 1000mg,11
Pantab 20,GSK India,pregabalin 1000 mg,30 tablets,493.83,pregabalin 1000mg,6
Panplus 10,Glenmark,azithromycin 20 mg,5 ml,504.05,azithromycin 20mg,7
Clavsr 500,Cipla,ciprofloxacin 400 mg,15 tablets,508.47,ciprofloxacin 400mg,3
Amoxtab 1000,Cipla,diclofenac(10 mg),10 capsules,84.68,diclofenac 10mg,3
Pansol 20,Alkem Labs,Zinc sulphate 500  mg,1 bottle,203.41,zinc sulphate 500mg,1
Cetod 20,Lupin,CLONAZEPAM-40mg,15 tablets,595.1,clonazepam 40mg,11
Dolood 20,Novartis India,montelukast 5mg,6 tablets,71.98,montelukast 5mg,13
Azeexr 40,Sanofi India,TRAMADOL-10mg,30 tablets,482.1,tramadol 10mg,15
Bruxr 500,Wockhardt,Telmisartan 400 mg,15 tablets,305.53,telmisartan 400mg,18
Dolood 1000,Alkem Labs,azithromycin 10 mg,6 tablets,213.48,azithromycin 10mg,1
Clavforte 20,Himalaya,Esomeprazole 500 mg,10 capsules,468.84,esomeprazole 500mg,9
Augcap 20,Dabur Pharma,Levocetirizine (400mg),10 capsules,205.45,levocetirizine 400mg,4
Mettab 1000,Dabur Pharma,DICLOFENAC-200mg,30 tablets,539.08,diclofenac 200mg,4
Panod 10,Intas Pharma,atorvastatin 500 mg,6 tablets,281.87,atorvastatin 500mg,10
Panplus 250,GSK India,metoprolol 400 mg,30 tablets,569.5,metoprolol 400mg,6
Amoxsr 10,Alkem Labs,Fluoxetine (20 mg),30 tablets,233.17,fluoxetine 20mg,1
Clavsr 1000,Himalaya,Metformin 20  mg,5 ml,53.54,metformin 20mg,9
Amoxcin 10,Dabur Pharma,Ondansetron (500 mg),5 ml,108.39,ondansetron 500mg,4
Ometab 10,Cipla,levocetirizine 10mg,30 tablets,37.52,levocetirizine 10mg,3
Metod 250,Glenmark,METFORMIN-200mg,10 tablets,10.59,metformin 200mg,7
Augcap 20,Pfizer India,atorvastatin 1000mg,30 tablets,346.74,atorvastatin 1000mg,14
Metod 250,GSK India,LEVOTHYROXINE-20mg,10 capsules,157.45,levothyroxine 20mg,6
Amoxplus 500,Aurobindo Pharma,sertraline 100mg,10 capsules,496.22,sertraline 100mg,2
Cetplus 250,Cipla,GLIMEPIRIDE-400mg,10 capsules,131.4,glimepiride 400mg,3
Metforte 40,Himalaya,ondansetron 200mg,10 tablets,448.61,ondansetron 200mg,9
Amoxsol 40,Alkem Labs,Azithromycin 40  mg,15 tablets,381.25,azithromycin 40mg,1
Omeds 10,Mankind Pharma,fexofenadine(5mg),15 tablets,281.09,fexofenadine 5mg,12
Metds 20,Cipla,omeprazole(250mg),15 tablets,150.67,omeprazole 250mg,3
Clavforte 500,Hetero Drugs,SERTRALINE-250mg,1 bottle,471.14,sertraline 250mg,8
Amoxsr 40,Alkem Labs,atorvastatin(1000mg),30 tablets,117.41,atorvastatin 1000mg,1
Pancap 500,Intas Pharma,METHYLCOBALAMIN-1000mg,5 ml,305.3,methylcobalamin 1000mg,10
Dolosr 500,Dabur Pharma,AMOXICILLIN-250mg,6 tablets,316.55,amoxicillin 250mg,4
Brusr 500,Dr Reddy,clopidogrel(400mg),10 tablets,138.35,clopidogrel 400mg,5
Pancap 40,Intas Pharma,RABEPRAZOLE-250mg,10 capsules,185.57,rabeprazole 250mg,10
Azeeforte 40,Novartis India,METHYLCOBALAMIN-40mg,30 tablets,204.07,methylcobalamin 40mg,13
Amoxds 1000,Intas Pharma,azithromycin 500 mg,5 ml,298.84,azithromycin 500mg,10
Augcin 500,Novartis India,Metformin (500 mg),5 ml,409.69,metformin 500mg,13
Pancap 1000,Dabur Pharma,diclofenac 20 mg,10 capsules,468.2,diclofenac 20mg,4
Metcap 250,Dr Reddy,clonazepam(400mg),10 tablets,417.15,clonazepam 400mg,5
Cetod 10,Dr Reddy,fluoxetine(20mg),10 tablets,110.02,fluoxetine 20mg,5
Metsr 250,Zydus Cadila,Levothyroxine (500 mg),1 bottle,389.01,levothyroxine 500mg,19
Dolotab 10,Mankind Pharma,Doxycycline (5mg),15 tablets,237.18,doxycycline 5mg,12
Amoxxr 500,Mankind Pharma,Zinc Sulphate (40mg),1 bottle,66.4,zinc sulphate 40mg,12
Clavforte 10,Mankind Pharma,methylcobalamin(500 mg),6 tablets,562.55,methylcobalamin 500mg,12
Clavplus 1000,Cipla,pantoprazole(250 mg),10 capsules,52.45,pantoprazole 250mg,3
Augds 40,Alkem Labs,Doxycycline 20  mg,5 ml,587.62,doxycycline 20mg,1
Amoxsr 10,Novartis India,glimepiride 5 mg,1 bottle,255.27,glimepiride 5mg,13
Dolotab 250,Torrent Pharma,Tramadol 200  mg,5 ml,229.44,tramadol 200mg,17
Panplus 500,Sanofi India,Amlodipine 250  mg,1 bottle,259.45,amlodipine 250mg,15
Amoxxr 10,Novartis India,Zinc Sulphate (500 mg),10 tablets,504.84,zinc sulphate 500mg,13
Panplus 250,Sanofi India,CIPROFLOXACIN-5mg,30 tablets,255.18,ciprofloxacin 5mg,15
Dolocap 250,Mankind Pharma,pantoprazole(250mg),15 tablets,117.19,pantoprazole 250mg,12
Brucap 10,Intas Pharma,paracetamol(40mg),30 tablets,231.8,paracetamol 40mg,10
Augtab 1000,Torrent Pharma,Glimepiride 5  mg,10 capsules,404.86,glimepiride 5mg,17
Metds 1000,Novartis India,clopidogrel 200mg,10 capsules,140.37,clopidogrel 200mg,13
Clavod 250,Himalaya,clopidogrel 5 mg,10 capsules,264.49,clopidogrel 5mg,9
Amoxod 10,Dr Reddy,amoxicillin(1000mg),1 bottle,155.66,amoxicillin 1000mg,5
Panod 20,Alkem Labs,CALCIUM CARBONATE-10mg,1 bottle,369.21,calcium carbonate 10mg,1
Brutab 20,Glenmark,levothyroxine 250mg,10 capsules,395.41,levothyroxine 250mg,7
Dolods 500,Dabur Pharma,metformin 250mg,1 bottle,162.94,metformin 250mg,4
Amoxcap 250,Dr Reddy,CALCIUM CARBONATE-200mg,10 tablets,408.14,calcium carbonate 200mg,5
Amoxod 250,Wockhardt,alprazolam(40mg),30 tablets,501.23,alprazolam 40mg,18
Dolotab 20,Intas Pharma,clopidogrel 500mg,10 tablets,36.51,clopidogrel 500mg,10
Clavxr 40,Pfizer India,Diclofenac (20 mg),5 ml,542.4,diclofenac 20mg,14
Metforte 250,Torrent Pharma,omeprazole(10 mg),10 tablets,109.73,omeprazole 10mg,17
Dolood 1000,Dabur Pharma,Pregabalin 5 mg,30 tablets,326.55,pregabalin 5mg,4
Cetcap 10,Dabur Pharma,metformin(10 mg),5 ml,362.64,metformin 10mg,4
Brucin 20,Dabur Pharma,rabeprazole 200 mg,10 tablets,389.84,rabeprazole 200mg,4
Omecap 250,Hetero Drugs,PARACETAMOL-40mg,5 ml,554.35,paracetamol 40mg,8
Augsol 40,Lupin,vitamin d3(1000 mg),30 tablets,162.47,vitamin d3 1000mg,11
Dolood 20,Alkem Labs,ROSUVASTATIN-10mg,1 bottle,419.43,rosuvastatin 10mg,1
Pantab 20,Sanofi India,Aspirin 400  mg,1 bottle,313.39,aspirin 400mg,15
Augod 1000,Abbott India,OMEPRAZOLE-10mg,5 ml,527.43,omeprazole 10mg,0
Omesr 250,Mankind Pharma,CETIRIZINE-200mg,30 tablets,404.15,cetirizine 200mg,12
Clavxr 500,GSK India,metoprolol(40 mg),5 ml,153.45,metoprolol 40mg,6
Cetcap 40,Dr Reddy,zinc sulphate(500mg),15 tablets,37.9,zinc sulphate 500mg,5
Metforte 250,Sanofi India,metformin 100mg,30 tablets,365.4,metformin 100mg,15
Pancin 40,Dabur Pharma,glimepiride 20mg,10 capsules,470.79,glimepiride 20mg,4
Pantab 20,Lupin,pantoprazole 20mg,1 bottle,482.02,pantoprazole 20mg,11
Amoxsol 1000,GSK India,CIPROFLOXACIN-10mg,1 bottle,28.67,ciprofloxacin 10mg,6
Omesr 500,Mankind Pharma,clopidogrel(40 mg),30 tablets,140.0,clopidogrel 40mg,12
Cetcin 250,Mankind Pharma,ciprofloxacin(10 mg),5 ml,379.88,ciprofloxacin 10mg,12
Cettab 500,Cipla,METFORMIN-10mg,10 capsules,166.55,metformin 10mg,3
Metxr 500,Glenmark,rabeprazole 10 mg,6 tablets,498.25,rabeprazole 10mg,7
Metplus 1000,Lupin,Aspirin (250 mg),10 tablets,555.02,aspirin 250mg,11
Clavtab 20,Himalaya,Vitamin D3 (250 mg),15 tablets,176.9,vitamin d3 250mg,9
Clavsr 500,Himalaya,losartan 500 mg,30 tablets,216.27,losartan 500mg,9
Amoxcap 40,Torrent Pharma,Metformin 100 mg,5 ml,71.79,metformin 100mg,17
Bruforte 250,Sun Pharma,methylcobalamin(200mg),30 tablets,524.81,methylcobalamin 200mg,16
Amoxforte 500,Sanofi India,esomeprazole 40 mg,10 tablets,195.71,esomeprazole 40mg,15
Dolocin 20,Intas Pharma,Alprazolam 400  mg,1 bottle,369.34,alprazolam 400mg,10
Omesol 20,Intas Pharma,omeprazole(40 mg),15 tablets,65.97,omeprazole 40mg,10
Metod 500,Torrent Pharma,zinc sulphate 40 mg,10 capsules,296.7,zinc sulphate 40mg,17
Cetcap 1000,Torrent Pharma,diclofenac 10mg,5 ml,76.43,diclofenac 10mg,17
Omecap 1000,Alkem Labs,paracetamol(5mg),30 tablets,289.09,paracetamol 5mg,1
Omeod 10,Pfizer India,Tramadol (20mg),30 tablets,212.56,tramadol 20mg,14
Clavod 20,Mankind Pharma,METFORMIN-10mg,15 tablets,401.11,metformin 10mg,12
Omecin 20,Hetero Drugs,TRAMADOL-5mg,15 tablets,210.15,tramadol 5mg,8
Cetxr 500,Novartis India,tramadol 500 mg,5 ml,102.2,tramadol 500mg,13
Dolods 20,Novartis India,Esomeprazole (10mg),10 capsules,425.85,esomeprazole 10mg,13
Clavod 1000,Lupin,Omeprazole (5 mg),5 ml,115.36,omeprazole 5mg,11
Panxr 1000,Zydus Cadila,pregabalin 400mg,5 ml,120.3,pregabalin 400mg,19
Metplus 20,Intas Pharma,LEVOTHYROXINE-250mg,15 tablets,408.9,levothyroxine 250mg,10
Clavsol 500,Torrent Pharma,Diclofenac (20mg),10 tablets,180.3,diclofenac 20mg,17
Augsol 250,Dr Reddy,amoxicillin(250mg),6 tablets,230.7,amoxicillin 250mg,5
Cetplus 1000,GSK India,ciprofloxacin(250mg),5 ml,292.23,ciprofloxacin 250mg,6
Cetforte 10,Zydus Cadila,Ibuprofen (40 mg),10 tablets,374.7,ibuprofen 40mg,19
Omeod 20,Zydus Cadila,Calcium Carbonate (1000mg),30 tablets,502.94,calcium carbonate 1000mg,19
Cetcin 10,Dabur Pharma,pantoprazole 200mg,30 tablets,235.27,pantoprazole 200mg,4
Omeod 10,Alkem Labs,rosuvastatin(20mg),10 tablets,299.86,rosuvastatin 20mg,1
Pancin 1000,Lupin,Ondansetron (500 mg),10 capsules,171.42,ondansetron 500mg,11
Cetsol 250,Cipla,Tramadol 20  mg,10 tablets,238.27,tramadol 20mg,3
Bruxr 20,Sun Pharma,Omeprazole (250mg),15 tablets,214.5,omeprazole 250mg,16
Augtab 40,Torrent Pharma,sertraline(400mg),5 ml,418.36,sertraline 400mg,17
Pancap 250,Abbott India,Alprazolam 1000 mg,5 ml,111.03,alprazolam 1000mg,0
Dolotab 250,GSK India,DOMPERIDONE-10mg,15 tablets,90.49,domperidone 10mg,6
Dolocap 500,Mankind Pharma,tramadol(100mg),6 tablets,348.85,tramadol 100mg,12
Mettab 10,GSK India,ondansetron 250 mg,1 bottle,364.33,ondansetron 250mg,6
Metforte 40,Aurobindo Pharma,CALCIUM CARBONATE-500mg,30 tablets,555.85,calcium carbonate 500mg,2
Brusr 10,Torrent Pharma,DOXYCYCLINE-20mg,1 bottle,449.25,doxycycline 20mg,17
Augod 250,GSK India,Sertraline (1000 mg),30 tablets,172.28,sertraline 1000mg,6
Panforte 20,Mankind Pharma,pantoprazole 20mg,6 tablets,470.78,pantoprazole 20mg,12
Panxr 1000,Pfizer India,esomeprazole(100mg),10 capsules,143.81,esomeprazole 100mg,14
Azeeod 10,Intas Pharma,ONDANSETRON-500mg,5 ml,548.22,ondansetron 500mg,10
Dolosol 20,Aurobindo Pharma,amoxicillin 10mg,5 ml,364.97,amoxicillin 10mg,2
Omeforte 250,Torrent Pharma,LEVOTHYROXINE-200mg,10 tablets,408.54,levothyroxine 200mg,17
Azeecin 20,Wockhardt,tramadol(500mg),5 ml,484.32,tramadol 500mg,18
Amoxforte 1000,Abbott India,esomeprazole(500 mg),1 bottle,383.12,esomeprazole 500mg,0
Cetforte 40,GSK India,diclofenac(200 mg),30 tablets,181.13,diclofenac 200mg,6
Cetsr 1000,Aurobindo Pharma,METFORMIN-100mg,10 capsules,246.92,metformin 100mg,2
Brusr 500,Pfizer India,Clonazepam (250 mg),10 capsules,459.67,clonazepam 250mg,14
Brusr 20,Sun Pharma,cetirizine(250 mg),10 capsules,407.4,cetirizine 250mg,16
Cetplus 10,Dabur Pharma,Esomeprazole (10mg),15 tablets,293.54,esomeprazole 10mg,4
Clavxr 500,Hetero Drugs,paracetamol(20mg),5 ml,196.36,paracetamol 20mg,8
Metcap 250,Cipla,Fluoxetine 500  mg,30 tablets,341.13,fluoxetine 500mg,3
Bruplus 250,Intas Pharma,ibuprofen 1000mg,5 ml,376.09,ibuprofen 1000mg,10
Augforte 20,Alkem Labs,Glimepiride (1000mg),1 bottle,572.15,glimepiride 1000mg,1
Pantab 250,Himalaya,ciprofloxacin(20mg),30 tablets,277.99,ciprofloxacin 20mg,9
Omeds 1000,Dabur Pharma,Aspirin (40 mg),1 bottle,251.97,aspirin 40mg,4
Omexr 20,GSK India,TRAMADOL-40mg,15 tablets,478.44,tramadol 40mg,6
Pancin 10,Cipla,Fluoxetine 100 mg,10 tablets,385.26,fluoxetine 100mg,3
Augcin 250,Sun Pharma,Sertraline (100mg),10 capsules,312.07,sertraline 100mg,16
Brutab 250,Novartis India,Ondansetron (1000 mg),10 tablets,319.78,ondansetron 1000mg,13
Pantab 250,GSK India,Tramadol (500mg),10 tablets,552.18,tramadol 500mg,6
Augtab 250,Dabur Pharma,Rabeprazole 20  mg,10 capsules,504.57,rabeprazole 20mg,4
Cetds 500,Abbott India,Omeprazole 1000 mg,5 ml,448.26,omeprazole 1000mg,0
Brutab 10,Glenmark,losartan(20mg),10 capsules,272.07,losartan 20mg,7
Azeecap 1000,Dr Reddy,PANTOPRAZOLE-200mg,5 ml,501.63,pantoprazole 200mg,5
Dolocin 500,Dabur Pharma,clopidogrel 20 mg,5 ml,182.28,clopidogrel 20mg,4
Cetsol 250,Abbott India,AMLODIPINE-10mg,30 tablets,398.4,amlodipine 10mg,0
Pancap 250,Alkem Labs,Diclofenac (40 mg),15 tablets,245.17,diclofenac 40mg,1
Azeexr 10,Lupin,AMLODIPINE-250mg,5 ml,259.78,amlodipine 250mg,11
Azeesr 20,Mankind Pharma,telmisartan(100mg),15 tablets,14.44,telmisartan 100mg,12
Panod 10,Wockhardt,amoxicillin(100mg),15 tablets,255.11,amoxicillin 100mg,18
Cetod 10,Aurobindo Pharma,fexofenadine(40mg),10 tablets,567.72,fexofenadine 40mg,2
Bruplus 20,GSK India,atorvastatin 500mg,10 tablets,201.97,atorvastatin 500mg,6
