medicine_name,manufacturer,composition,packaging,price(Rs.)
Cettab 40,Abbott India,azithromycin 250mg,15 tablets,446.48
Azeeod 250,Alkem Labs,Amoxicillin (250mg),15 tablets,340.26
Pancap 40,Himalaya,Levocetirizine 400 mg,30 tablets,258.19
Doloforte 20,Aurobindo Pharma,Clopidogrel (10mg),10 tablets,0.0
Azeeplus 40,Aurobindo Pharma,Tramadol (400 mg),10 tablets,374.16
Mettab 10,Intas Pharma,ATORVASTATIN-500mg,10 tablets,172.56
Omeod 40,Torrent Pharma,ESOMEPRAZOLE-500mg,6 tablets,109.31
Dolocin 500,Abbott India,rabeprazole(200mg),6 tablets,494.51
Augxr 40,Glenmark,atorvastatin(5mg),15 tablets,279.64
Clavxr 1000,Himalaya,pregabalin 400 mg,1 bottle,137.84
Cetxr 20,Zydus Cadila,Omeprazole (500mg),6 tablets,45.61
Omeds 1000,Sun Pharma,clonazepam(200mg),6 tablets,463.01
Cetds 250,Torrent Pharma,Pantoprazole (20 mg),10 capsules,523.35
Cetds 20,Hetero Drugs,CALCIUM CARBONATE-5mg,5 ml,551.75
Metod 250,Abbott India,azithromycin 500 mg,10 tablets,58.71
Cetplus 20,GSK India,GABAPENTIN-20mg,10 capsules,524.48
Dolosr 20,Aurobindo Pharma,gabapentin 5mg,6 tablets,275.28
Metcin 250,Abbott India,ibuprofen(200 mg),10 capsules,0.0
Metplus 40,Dr Reddy,atorvastatin 500mg,10 capsules,295.37
Augxr 500,Abbott India,Methylcobalamin 200  mg,5 ml,63.84
Bruforte 250,Lupin,Levocetirizine (20 mg),10 tablets,155.2
Omesr 20,Pfizer India,fexofenadine 40mg,15 tablets,65.96
Augsr 500,Mankind Pharma,PARACETAMOL-1000mg,1 bottle,519.87
Bruds 40,Pfizer India,paracetamol 1000 mg,30 tablets,433.3
Dolocin 250,Cipla,metformin(200 mg),6 tablets,353.83
Cettab 20,Dr Reddy,pantoprazole(500mg),5 ml,48.23
Clavtab 10,Dabur Pharma,methylcobalamin(400mg),10 tablets,397.16
Brucap 40,Abbott India,losartan 5mg,30 tablets,390.14
Ometab 20,Dabur Pharma,Atorvastatin 250 mg,10 capsules,134.19
Augds 40,Intas Pharma,atorvastatin 400mg,15 tablets,187.09
Omecap 1000,Intas Pharma,clonazepam(250mg),6 tablets,76.33
Dolosol 40,Alkem Labs,telmisartan(100mg),6 tablets,383.47
Panforte 500,Torrent Pharma,Metformin 1000 mg,10 tablets,385.17
Omecap 20,Sun Pharma,pregabalin(10 mg),10 tablets,29.33
Panforte 500,Intas Pharma,Fexofenadine (20mg),30 tablets,411.78
Cetcap 10,Zydus Cadila,pregabalin(10 mg),15 tablets,22.67
Omexr 250,Mankind Pharma,levocetirizine 400mg,5 ml,516.29
Pansol 10,Abbott India,tramadol 500 mg,15 tablets,202.33
Azeeforte 250,Aurobindo Pharma,telmisartan(500 mg),6 tablets,76.28
Doloforte 10,Dabur Pharma,Losartan (500mg),1 bottle,366.88
Brucin 20,Cipla,methylcobalamin 5mg,6 tablets,555.94
Dolood 1000,Dr Reddy,Domperidone 500  mg,6 tablets,400.73
Amoxds 500,Glenmark,Alprazolam 100 mg,1 bottle,121.57
Panplus 1000,Aurobindo Pharma,ranitidine 200 mg,10 capsules,132.43
Metds 10,Pfizer India,Levothyroxine 20  mg,6 tablets,477.89
Omesol 40,Dabur Pharma,omeprazole(100mg),30 tablets,191.77
Omesr 10,Dabur Pharma,Amoxicillin 400 mg,5 ml,532.59
Pantab 10,Abbott India,Rabeprazole 40  mg,15 tablets,137.55
Omesr 500,Abbott India,tramadol(500mg),5 ml,482.44
Azeexr 20,Dabur Pharma,Calcium carbonate 250  mg,5 ml,271.98
Azeesr 40,Torrent Pharma,DICLOFENAC-200mg,5 ml,149.63
Omecap 500,Glenmark,aspirin 200mg,10 capsules,144.91
Augxr 250,Glenmark,Atorvastatin 10  mg,10 capsules,130.45
Panforte 1000,Aurobindo Pharma,vitamin d3(250mg),1 bottle,454.06
Augsol 1000,Dabur Pharma,levocetirizine(400 mg),15 tablets,0.0
Clavds 250,Pfizer India,CLOPIDOGREL-1000mg,15 tablets,544.9
Panplus 10,Pfizer India,OMEPRAZOLE-10mg,15 tablets,201.79
Omesr 250,Torrent Pharma,Rabeprazole 200 mg,5 ml,0.0
Pansol 500,Cipla,Rosuvastatin (400mg),5 ml,504.82
Amoxforte 500,Alkem Labs,sertraline(10mg),1 bottle,366.69
Amoxod 40,Himalaya,Pantoprazole (100mg),10 tablets,545.55
Amoxod 250,Abbott India,domperidone(1000mg),10 tablets,479.37
Dolocin 10,Dr Reddy,gabapentin 10 mg,10 capsules,494.82
Azeeplus 20,Mankind Pharma,Tramadol 20 mg,6 tablets,486.45
Mettab 1000,Glenmark,fexofenadine 200 mg,5 ml,529.93
Dolocap 10,Sun Pharma,zinc sulphate 1000 mg,1 bottle,133.57
Mettab 500,Sun Pharma,calcium carbonate(200mg),10 capsules,434.28
Amoxsol 10,Sun Pharma,Sertraline 40  mg,10 tablets,417.54
Azeeforte 1000,Hetero Drugs,sertraline(400 mg),1 bottle,424.09
Azeecap 500,Lupin,azithromycin 5mg,6 tablets,136.1
Metforte 500,Alkem Labs,Clonazepam (100mg),30 tablets,186.94
Cetsr 250,Intas Pharma,amoxicillin(500mg),6 tablets,524.65
Augtab 250,Cipla,DICLOFENAC-250mg,30 tablets,245.22
Omesol 250,Himalaya,METFORMIN-20mg,30 tablets,338.38
Augplus 20,Aurobindo Pharma,zinc sulphate(400mg),1 bottle,594.1
Omecap 500,Alkem Labs,ZINC SULPHATE-10mg,30 tablets,
Amoxplus 40,Cipla,diclofenac 40 mg,15 tablets,516.89
Azeesol 40,Wockhardt,LOSARTAN-200mg,10 tablets,96.2
Clavplus 10,Dabur Pharma,metformin 40mg,6 tablets,81.62
Omeod 250,GSK India,telmisartan(5 mg),1 bottle,534.54
Panplus 20,Himalaya,IBUPROFEN-1000mg,10 capsules,31.82
Augtab 10,Himalaya,DICLOFENAC-200mg,1 bottle,213.99
Bruds 250,GSK India,Pantoprazole 250  mg,30 tablets,277.26
Brucin 500,Novartis India,Ondansetron (5 mg),1 bottle,314.92
Cetplus 10,Torrent Pharma,DICLOFENAC-500mg,10 capsules,
Pands 10,Intas Pharma,CALCIUM CARBONATE-400mg,10 capsules,63.18
Amoxds 40,GSK India,TRAMADOL-10mg,6 tablets,169.87
Metod 20,Zydus Cadila,aspirin(20 mg),1 bottle,449.81
Panplus 40,Torrent Pharma,levocetirizine(250 mg),5 ml,184.75
Doloforte 20,Novartis India,Fluoxetine 20 mg,1 bottle,459.62
Brucin 1000,Aurobindo Pharma,domperidone(400mg),15 tablets,448.87
Azeeod 1000,Cipla,Rabeprazole 20 mg,15 tablets,522.86
Cettab 10,Zydus Cadila,Clonazepam (20 mg),1 bottle,470.66
Dolosr 20,Novartis India,ondansetron 1000mg,1 bottle,29.25
Omesr 500,Wockhardt,Glimepiride (400mg),10 tablets,418.85
Cetsol 20,Hetero Drugs,metformin 100mg,1 bottle,251.93
Metsr 20,Aurobindo Pharma,ranitidine(1000mg),10 capsules,92.73
Azeecap 250,Intas Pharma,Losartan 250 mg,6 tablets,269.5
Brusr 250,Intas Pharma,Fexofenadine 200 mg,15 tablets,148.43
Clavcin 20,Torrent Pharma,Glimepiride 250 mg,10 tablets,449.14
Amoxcap 40,Alkem Labs,CIPROFLOXACIN-500mg,10 capsules,
Cettab 1000,Hetero Drugs,diclofenac(500mg),6 tablets,201.42
Cetplus 10,Sanofi India,gabapentin(500 mg),30 tablets,580.69
Metxr 20,Zydus Cadila,Azithromycin (20 mg),5 ml,
Amoxod 10,Hetero Drugs,Gabapentin 10 mg,6 tablets,494.87
Dolood 500,Dabur Pharma,Ciprofloxacin (40 mg),10 capsules,391.41
Panplus 10,Zydus Cadila,Montelukast (10 mg),10 tablets,76.74
Clavcap 10,Novartis India,rabeprazole 20 mg,1 bottle,395.71
Augsol 1000,Alkem Labs,telmisartan 500mg,1 bottle,66.82
Omesr 250,Torrent Pharma,Rosuvastatin 500 mg,15 tablets,400.36
Clavsol 250,Abbott India,ibuprofen 500mg,15 tablets,499.25
Amoxcap 500,Dabur Pharma,CIPROFLOXACIN-250mg,10 tablets,327.81
Metod 1000,Hetero Drugs,Ibuprofen (20mg),5 ml,17.34
Augforte 20,Dr Reddy,Levocetirizine (5 mg),1 bottle,359.45
Pancin 10,Intas Pharma,zinc sulphate(500mg),1 bottle,509.6
Cettab 500,Glenmark,Diclofenac (1000mg),10 capsules,170.81
Augds 20,Sanofi India,levothyroxine(1000 mg),30 tablets,262.68
Bruforte 10,Pfizer India,Pregabalin 5 mg,15 tablets,244.05
Augtab 250,Zydus Cadila,levothyroxine 200mg,6 tablets,500.41
Azeeds 1000,Cipla,esomeprazole(20mg),10 capsules,404.65
Dolotab 20,Dabur Pharma,fexofenadine 500mg,30 tablets,308.39
Amoxod 500,Hetero Drugs,cetirizine(500 mg),10 tablets,485.88
Amoxcin 500,Dabur Pharma,Zinc Sulphate (400 mg),6 tablets,169.78
Brutab 500,Zydus Cadila,ROSUVASTATIN-250mg,10 capsules,446.65
Dolocap 1000,Wockhardt,Clonazepam 5 mg,1 bottle,192.49
Clavcin 40,Zydus Cadila,Calcium Carbonate (1000mg),15 tablets,56.3
Azeetab 1000,Torrent Pharma,Calcium carbonate 20  mg,15 tablets,262.51
Bruod 250,Cipla,fluoxetine 5 mg,15 tablets,12.55
Pansr 40,Glenmark,amlodipine 200mg,10 tablets,262.95
Brucin 10,Hetero Drugs,ciprofloxacin(5 mg),10 tablets,19.09
Bruplus 250,Aurobindo Pharma,methylcobalamin(10 mg),6 tablets,247.78
Omesol 10,Dr Reddy,zinc sulphate 20 mg,1 bottle,356.61
Cettab 20,Glenmark,MONTELUKAST-250mg,5 ml,382.87
Cetplus 500,Abbott India,ROSUVASTATIN-500mg,10 tablets,110.71
Clavod 10,Pfizer India,Atorvastatin 40 mg,5 ml,411.23
Omesr 10,Zydus Cadila,zinc sulphate 250 mg,1 bottle,381.78
Augcin 250,Intas Pharma,Rosuvastatin (5 mg),1 bottle,226.29
Azeecin 10,Pfizer India,Omeprazole 5  mg,10 capsules,546.16
Augtab 1000,Zydus Cadila,calcium carbonate(40 mg),10 tablets,589.57
Azeeod 500,Pfizer India,Amoxicillin 400 mg,10 capsules,223.43
Omeds 40,Dr Reddy,clopidogrel 500mg,30 tablets,236.85
Cetforte 1000,Dr Reddy,calcium carbonate 20mg,10 capsules,580.88
Dolocap 40,Novartis India,calcium carbonate 1000mg,1 bottle,424.08
Panforte 1000,Sanofi India,Clonazepam 1000 mg,30 tablets,114.72
Omeplus 250,Zydus Cadila,FLUOXETINE-5mg,15 tablets,308.55
Clavxr 500,Dabur Pharma,clonazepam 500mg,15 tablets,104.05
Metsr 20,Wockhardt,Pantoprazole (20 mg),30 tablets,176.68
Metforte 40,GSK India,gabapentin 400mg,5 ml,568.7
Cetsol 20,Sanofi India,glimepiride(1000 mg),1 bottle,89.93
Omeplus 250,Sanofi India,Esomeprazole (400 mg),5 ml,459.77
Augforte 250,Abbott India,Metoprolol (10 mg),5 ml,253.62
Dolotab 40,Abbott India,rabeprazole 1000mg,10 tablets,392.78
Clavcin 250,GSK India,GLIMEPIRIDE-40mg,1 bottle,19.25
Amoxsol 1000,Lupin,Calcium carbonate 5  mg,5 ml,80.13
Augod 20,Lupin,Zinc Sulphate (20 mg),5 ml,17.73
Dolosol 20,Sun Pharma,Metoprolol 100 mg,10 capsules,254.61
Azeeds 250,Novartis India,esomeprazole(1000mg),10 capsules,239.15
Omeforte 500,Hetero Drugs,Esomeprazole (200mg),5 ml,441.9
Dolocap 40,Hetero Drugs,Clopidogrel (20mg),10 capsules,283.06
Metcin 500,Cipla,Amlodipine 1000 mg,30 tablets,532.39
Metplus 1000,Torrent Pharma,Ondansetron 400  mg,10 tablets,0.0
Brusr 10,Hetero Drugs,Clopidogrel (200mg),1 bottle,208.71
Brutab 10,Dr Reddy,esomeprazole 5 mg,6 tablets,364.65
Amoxplus 10,Glenmark,Levothyroxine (10mg),6 tablets,364.75
Bruplus 40,Hetero Drugs,Rosuvastatin (20 mg),10 capsules,588.18
Cetod 40,Mankind Pharma,ondansetron(500 mg),10 tablets,0.0
Clavcin 20,Hetero Drugs,atorvastatin 400mg,1 bottle,98.84
Doloxr 1000,Zydus Cadila,diclofenac(1000mg),10 capsules,392.54
Omeplus 1000,Aurobindo Pharma,ranitidine(40 mg),10 capsules,424.79
Omesr 500,Zydus Cadila,Fluoxetine (5mg),5 ml,540.02
Amoxplus 500,Novartis India,Levothyroxine (500 mg),10 capsules,429.39
Cetsol 10,Lupin,ESOMEPRAZOLE-5mg,15 tablets,23.56
Amoxxr 40,Dr Reddy,pregabalin(20mg),10 tablets,433.57
Omesr 10,Glenmark,METHYLCOBALAMIN-1000mg,6 tablets,410.62
Azeecin 250,Zydus Cadila,PREGABALIN-200mg,1 bottle,314.72
Omeplus 500,Intas Pharma,ciprofloxacin(500 mg),5 ml,383.95
Cetod 20,Sanofi India,Montelukast (400 mg),6 tablets,99.28
Pantab 250,Cipla,calcium carbonate(250 mg),5 ml,569.54
Pansr 40,Dabur Pharma,Doxycycline 200  mg,6 tablets,330.98
Pancap 10,Pfizer India,aspirin 1000 mg,10 tablets,254.05
Cetforte 20,Hetero Drugs,metoprolol 250 mg,1 bottle,340.5
Panplus 10,Zydus Cadila,TELMISARTAN-20mg,10 tablets,519.58
Cetsr 20,Glenmark,pantoprazole(250 mg),15 tablets,284.35
Metod 1000,Pfizer India,omeprazole(1000 mg),15 tablets,36.81
Omexr 500,Sun Pharma,sertraline(100mg),5 ml,530.41
Azeesol 1000,Cipla,Esomeprazole 500 mg,10 capsules,335.51
Cettab 10,Dabur Pharma,pregabalin(200mg),10 tablets,228.93
Bruds 250,Dabur Pharma,ESOMEPRAZOLE-20mg,10 capsules,34.82
Azeecap 1000,Zydus Cadila,Sertraline 5  mg,10 capsules,559.37
Azeeds 10,Glenmark,zinc sulphate(100mg),10 capsules,427.57
Amoxcin 20,Wockhardt,Esomeprazole (250 mg),10 capsules,288.96
Augcap 20,Cipla,VITAMIN D3-200mg,10 capsules,380.38
Omesol 250,Himalaya,Metoprolol (400mg),6 tablets,269.09
Pancap 20,Dabur Pharma,doxycycline(10 mg),1 bottle,130.75
Azeeforte 20,Mankind Pharma,clonazepam 1000 mg,1 bottle,217.74
Azeeplus 500,Abbott India,LOSARTAN-40mg,30 tablets,565.36
Azeeplus 1000,GSK India,doxycycline 40 mg,30 tablets,80.15
Amoxtab 1000,Intas Pharma,ONDANSETRON-500mg,10 tablets,555.01
Amoxcap 250,Torrent Pharma,doxycycline(5mg),10 capsules,372.48
Bruforte 40,Cipla,CLONAZEPAM-400mg,10 tablets,287.66
Metplus 1000,GSK India,Pregabalin 40 mg,1 bottle,0.0
Pancap 10,Novartis India,OMEPRAZOLE-200mg,6 tablets,530.29
Panplus 20,Intas Pharma,ONDANSETRON-40mg,10 tablets,364.85
Azeesr 1000,GSK India,tramadol(400 mg),15 tablets,122.14
Doloplus 20,Sun Pharma,TRAMADOL-200mg,6 tablets,407.25
Brutab 500,Glenmark,ondansetron(10 mg),10 tablets,589.16
Amoxforte 1000,Abbott India,Paracetamol 200 mg,1 bottle,352.82
Amoxcap 10,Lupin,Esomeprazole (400mg),1 bottle,414.16
Metsol 500,Hetero Drugs,montelukast 10mg,10 capsules,291.08
Azeesol 500,GSK India,esomeprazole(10 mg),5 ml,410.76
Clavtab 250,Hetero Drugs,clonazepam(20 mg),10 tablets,498.63
Azeesr 250,Glenmark,GABAPENTIN-20mg,5 ml,410.73
Azeexr 10,Pfizer India,Alprazolam (20 mg),15 tablets,341.84
Pansol 20,Torrent Pharma,Montelukast 250 mg,5 ml,51.23
Amoxxr 500,GSK India,Gabapentin (500mg),10 tablets,463.23
Bruxr 250,Pfizer India,Levocetirizine 500  mg,5 ml,412.18
Azeecap 40,Novartis India,ROSUVASTATIN-10mg,1 bottle,587.4
Brusol 500,Wockhardt,montelukast(20 mg),10 capsules,280.69
Pansol 500,Dabur Pharma,Azithromycin 500 mg,5 ml,47.84
Metds 500,Aurobindo Pharma,Metformin (400mg),1 bottle,454.6
Clavforte 500,Glenmark,glimepiride(400mg),10 capsules,186.64
Azeeod 40,Torrent Pharma,ciprofloxacin 10 mg,10 tablets,547.65
Azeeforte 40,Aurobindo Pharma,fluoxetine 500mg,5 ml,254.46
Cetsr 250,Abbott India,GABAPENTIN-40mg,30 tablets,340.93
Dolotab 10,Torrent Pharma,AMLODIPINE-1000mg,15 tablets,509.5
Clavod 250,Aurobindo Pharma,domperidone 500mg,6 tablets,525.18
Doloplus 250,Alkem Labs,Pregabalin 5 mg,5 ml,133.39
Metds 1000,Alkem Labs,sertraline(400mg),1 bottle,467.1
Augsr 250,Hetero Drugs,rosuvastatin 100mg,10 capsules,483.27
Panod 500,Glenmark,levothyroxine 5mg,1 bottle,0.0
Cetsol 1000,Wockhardt,pregabalin(200 mg),30 tablets,144.17
Augsr 500,GSK India,pregabalin 250 mg,6 tablets,441.8
Pands 250,Novartis India,GABAPENTIN-40mg,6 tablets,504.73
Mettab 40,Zydus Cadila,Metformin 250 mg,5 ml,97.41
Azeeds 10,Sun Pharma,Metformin 40  mg,10 tablets,15.02
Cettab 250,Wockhardt,glimepiride(250mg),5 ml,318.44
Doloxr 10,Aurobindo Pharma,losartan 500 mg,10 tablets,342.48
Bruds 10,Aurobindo Pharma,Omeprazole (500mg),1 bottle,0.0
Dolood 250,Wockhardt,Pantoprazole 1000 mg,6 tablets,537.72
Amoxds 20,Cipla,methylcobalamin 40 mg,10 tablets,397.6
Brutab 1000,Zydus Cadila,ibuprofen(5mg),5 ml,104.17
Cettab 20,Aurobindo Pharma,rabeprazole 400 mg,5 ml,449.31
Clavod 10,Dabur Pharma,ciprofloxacin 1000mg,5 ml,581.6
Bruxr 500,Hetero Drugs,DICLOFENAC-40mg,10 capsules,410.38
Amoxcap 10,Dr Reddy,ZINC SULPHATE-100mg,10 tablets,429.31
Amoxsr 1000,Dr Reddy,Levothyroxine (500 mg),10 tablets,458.72
Brutab 250,Novartis India,fexofenadine(20 mg),10 capsules,61.05
Brutab 40,Intas Pharma,Levothyroxine (1000 mg),1 bottle,541.47
Cetplus 1000,Aurobindo Pharma,METHYLCOBALAMIN-5mg,15 tablets,166.9
Omeforte 1000,GSK India,telmisartan 10 mg,5 ml,566.98
Amoxcin 10,Lupin,Zinc sulphate 5 mg,15 tablets,204.67
Clavcap 1000,Wockhardt,clopidogrel 20 mg,5 ml,197.83
Augod 500,Glenmark,Levothyroxine 40 mg,30 tablets,200.92
Azeecap 40,Alkem Labs,esomeprazole(10mg),10 capsules,0.0
Omexr 40,Intas Pharma,Tramadol 5 mg,5 ml,303.59
Clavsr 20,Dr Reddy,Metoprolol 10  mg,1 bottle,245.28
Azeeod 40,Hetero Drugs,Levocetirizine (400 mg),6 tablets,549.33
Bruforte 10,Cipla,rosuvastatin(40mg),10 capsules,70.72
Augforte 10,Himalaya,clonazepam(400 mg),15 tablets,282.13
Amoxxr 250,GSK India,Metoprolol (500 mg),10 tablets,76.71
Augforte 10,Alkem Labs,Montelukast 250  mg,10 capsules,65.79
Dolotab 40,Lupin,Atorvastatin (100mg),10 tablets,481.63
Azeexr 10,Mankind Pharma,clonazepam(40mg),30 tablets,145.26
Augod 10,Dabur Pharma,Fexofenadine (1000 mg),15 tablets,238.19
Doloforte 500,Novartis India,Atorvastatin (200 mg),15 tablets,278.87
Bruod 250,Aurobindo Pharma,clonazepam(250 mg),10 capsules,213.97
Omesol 1000,Zydus Cadila,Montelukast (200 mg),30 tablets,77.23
Bruxr 500,Zydus Cadila,rabeprazole(10 mg),10 capsules,296.11
Cetcap 1000,GSK India,RANITIDINE-400mg,30 tablets,506.46
Bruds 20,Alkem Labs,PARACETAMOL-40mg,5 ml,394.62
Pansol 1000,Dr Reddy,DICLOFENAC-40mg,10 capsules,27.36
Omeod 250,Novartis India,Tramadol 200  mg,10 capsules,166.59
Brutab 40,Novartis India,Gabapentin 500 mg,15 tablets,499.4
Omesr 250,Hetero Drugs,amoxicillin 20 mg,5 ml,467.17
Clavcap 500,Wockhardt,vitamin d3(500 mg),15 tablets,489.61
Doloplus 1000,Novartis India,gabapentin(200mg),15 tablets,347.06
Cetcap 500,Cipla,Cetirizine 20 mg,30 tablets,94.58
Amoxxr 10,Himalaya,ONDANSETRON-40mg,6 tablets,275.58
Dolosr 10,Torrent Pharma,omeprazole(1000 mg),6 tablets,0.0
Azeexr 500,Dr Reddy,omeprazole 20 mg,5 ml,581.13
Cetod 10,Novartis India,levothyroxine 100mg,10 capsules,474.68
Cetsr 10,Sun Pharma,Amoxicillin 10 mg,10 tablets,8.4
Doloplus 250,Torrent Pharma,AMLODIPINE-100mg,10 tablets,228.13
Ometab 250,Wockhardt,ONDANSETRON-100mg,6 tablets,134.35
Dolotab 10,Sun Pharma,Clonazepam (20 mg),6 tablets,418.87
Amoxcap 10,Glenmark,Omeprazole (10mg),30 tablets,465.89
Clavcap 10,Himalaya,metoprolol(1000mg),10 tablets,215.9
Cettab 20,Dr Reddy,LEVOCETIRIZINE-20mg,10 tablets,440.17
Azeeod 20,Dr Reddy,amlodipine 400mg,15 tablets,434.94
Azeesol 40,Sanofi India,IBUPROFEN-100mg,10 capsules,239.92
Augod 250,Lupin,Aspirin 40  mg,15 tablets,320.75
Dolods 40,Himalaya,Levothyroxine 20 mg,1 bottle,110.28
Amoxsol 250,Dr Reddy,atorvastatin(250mg),10 tablets,554.17
Brutab 40,Wockhardt,Glimepiride 5  mg,6 tablets,325.65
Cetds 1000,Alkem Labs,montelukast(1000mg),5 ml,239.31
Mettab 10,Abbott India,Atorvastatin 100 mg,10 tablets,76.66
Pancap 10,Zydus Cadila,Ranitidine (10mg),6 tablets,572.19
Amoxtab 250,Zydus Cadila,losartan 40mg,6 tablets,206.33
Azeeforte 250,GSK India,Losartan (200 mg),1 bottle,303.77
Azeecin 250,Lupin,losartan(10mg),15 tablets,0.0
Cetcin 20,Aurobindo Pharma,amoxicillin 40 mg,15 tablets,483.44
Doloplus 250,Wockhardt,CIPROFLOXACIN-250mg,6 tablets,346.35
Brutab 10,Sanofi India,METFORMIN-40mg,10 tablets,520.69
Metplus 20,Sun Pharma,Omeprazole 400  mg,30 tablets,472.43
Azeesol 500,Alkem Labs,Esomeprazole 200  mg,6 tablets,11.78
Bruplus 250,Sun Pharma,rosuvastatin 250mg,5 ml,129.48
Metds 10,Dr Reddy,metformin 20mg,10 tablets,422.9
Brutab 20,Sanofi India,Omeprazole (200 mg),15 tablets,344.15
Bruforte 1000,Glenmark,aspirin 100mg,5 ml,276.03
Cetsr 10,Zydus Cadila,Amlodipine (200 mg),10 tablets,193.91
Ometab 500,Pfizer India,doxycycline 20 mg,30 tablets,486.1
Omesol 1000,Glenmark,CALCIUM CARBONATE-500mg,15 tablets,0.0
Augds 40,Sun Pharma,MONTELUKAST-200mg,1 bottle,333.67
Metcap 500,Cipla,Amlodipine (10mg),5 ml,495.61
Omecin 250,Torrent Pharma,omeprazole(200 mg),5 ml,125.07
Pancap 20,Cipla,Omeprazole (250 mg),1 bottle,264.43
Cetplus 1000,Hetero Drugs,RABEPRAZOLE-10mg,15 tablets,272.04
Azeesr 250,GSK India,zinc sulphate 400mg,1 bottle,59.93
Dolosr 20,Sun Pharma,clonazepam(400mg),1 bottle,470.61
Dolood 500,Mankind Pharma,levothyroxine 1000 mg,10 tablets,25.35
Cettab 500,Himalaya,sertraline 5 mg,15 tablets,396.86
Cetcap 500,Aurobindo Pharma,metformin(400mg),30 tablets,358.77
Cetod 500,Himalaya,vitamin d3 250mg,10 capsules,503.32
Omecin 500,GSK India,GABAPENTIN-100mg,10 tablets,0.0
Cetforte 40,Dabur Pharma,sertraline 250mg,15 tablets,113.06
Cettab 20,Himalaya,METFORMIN-250mg,6 tablets,517.52
Dolocap 500,Glenmark,Ondansetron (200 mg),30 tablets,441.55
Clavforte 500,Novartis India,FLUOXETINE-250mg,6 tablets,401.99
Clavxr 20,Sun Pharma,GLIMEPIRIDE-20mg,6 tablets,27.17
Cetforte 40,Lupin,zinc sulphate(400mg),1 bottle,54.06
Metsol 40,Sun Pharma,Omeprazole 250  mg,30 tablets,48.13
Brucap 10,Pfizer India,Paracetamol 500 mg,6 tablets,299.9
Augtab 250,Abbott India,cetirizine(40 mg),15 tablets,182.59
Omeds 250,Aurobindo Pharma,ATORVASTATIN-250mg,15 tablets,208.07
Cetcin 250,Dabur Pharma,IBUPROFEN-10mg,1 bottle,204.01
Mettab 250,Intas Pharma,pregabalin 400 mg,30 tablets,240.6
Amoxod 10,Wockhardt,Metformin (500 mg),10 tablets,0.0
Omeplus 10,GSK India,Pantoprazole (100mg),5 ml,286.8
Dolocap 10,Hetero Drugs,GABAPENTIN-1000mg,1 bottle,34.41
Ometab 40,Zydus Cadila,Telmisartan (200 mg),5 ml,211.52
Bruds 10,Cipla,vitamin d3(400mg),5 ml,579.65
Brucin 20,Intas Pharma,Methylcobalamin 400 mg,10 tablets,346.16
Cetsol 500,Pfizer India,Zinc Sulphate (20mg),15 tablets,82.7
Dolotab 250,Dabur Pharma,FEXOFENADINE-5mg,30 tablets,237.75
Clavod 20,Sun Pharma,Telmisartan 5  mg,5 ml,470.76
Clavtab 1000,Lupin,methylcobalamin(200 mg),10 tablets,521.55
Augcin 500,Himalaya,Losartan 1000  mg,10 capsules,171.05
Metcin 40,Glenmark,Ondansetron 500 mg,6 tablets,289.33
Augtab 500,Torrent Pharma,clopidogrel 100mg,5 ml,87.56
Omesol 10,Dabur Pharma,Levothyroxine 200 mg,6 tablets,133.14
Cettab 1000,Sanofi India,Clonazepam (500 mg),5 ml,428.07
Metcin 500,Mankind Pharma,Clonazepam (200 mg),15 tablets,0.0
Augds 10,Hetero Drugs,esomeprazole 5mg,5 ml,
Augod 20,Pfizer India,esomeprazole(40 mg),15 tablets,215.06
Cetod 500,Aurobindo Pharma,Omeprazole (100mg),10 tablets,515.41
Pansr 500,Sun Pharma,telmisartan(10 mg),5 ml,
Dolosr 1000,Wockhardt,losartan 100mg,1 bottle,137.18
Azeeforte 20,Lupin,zinc sulphate(1000 mg),10 tablets,391.23
Doloplus 1000,Glenmark,Cetirizine (40 mg),30 tablets,396.42
Clavxr 40,Abbott India,domperidone(20mg),10 tablets,
Brucin 20,Wockhardt,fluoxetine 100mg,1 bottle,427.18
Amoxcap 40,Hetero Drugs,Ciprofloxacin 400  mg,10 capsules,526.88
Dolotab 500,Mankind Pharma,amlodipine(200mg),6 tablets,218.33
Augtab 10,Himalaya,clopidogrel 500 mg,30 tablets,39.78
Omexr 20,Alkem Labs,Zinc sulphate 1000 mg,10 capsules,0.0
Clavsr 500,Glenmark,METOPROLOL-20mg,1 bottle,195.3
Pancin 10,Glenmark,FLUOXETINE-250mg,6 tablets,169.93
Bruxr 10,Zydus Cadila,Pantoprazole (40 mg),10 capsules,
Azeesol 250,Sun Pharma,gabapentin 5mg,30 tablets,408.63
Azeeod 1000,Lupin,ROSUVASTATIN-100mg,1 bottle,106.88
Doloxr 40,Dabur Pharma,glimepiride(20 mg),10 capsules,597.32
Metsol 40,Aurobindo Pharma,ROSUVASTATIN-5mg,10 tablets,
Panxr 40,Hetero Drugs,Alprazolam (40mg),6 tablets,159.43
Omexr 10,Cipla,Metformin (10mg),6 tablets,233.11
Omeds 1000,Intas Pharma,Metoprolol (5mg),1 bottle,376.7
Ometab 10,Lupin,cetirizine(5 mg),30 tablets,125.6
Cetcin 20,Wockhardt,clonazepam 5mg,30 tablets,301.84
Ometab 20,Sun Pharma,Clopidogrel (400mg),6 tablets,404.06
Metsr 1000,Torrent Pharma,Alprazolam (1000mg),6 tablets,0.0
Doloxr 40,Hetero Drugs,ranitidine 500mg,5 ml,76.61
Augod 1000,Glenmark,PARACETAMOL-20mg,30 tablets,528.06
Amoxxr 40,Aurobindo Pharma,Ranitidine 10 mg,1 bottle,511.6
Cettab 10,Cipla,PANTOPRAZOLE-10mg,5 ml,547.45
Dolood 250,Aurobindo Pharma,diclofenac(40mg),5 ml,518.64
Augcin 250,Lupin,Amlodipine 40  mg,1 bottle,162.87
Dolods 20,Abbott India,clonazepam(200 mg),6 tablets,415.44
Azeeod 250,Aurobindo Pharma,aspirin 40 mg,15 tablets,14.89
Augforte 500,Dr Reddy,SERTRALINE-40mg,5 ml,203.89
Augsr 20,Abbott India,Pregabalin 1000  mg,10 tablets,273.27
Brucin 20,Lupin,Azithromycin (40 mg),1 bottle,333.07
Augforte 1000,Novartis India,zinc sulphate(100mg),15 tablets,496.58
Dolosr 250,Dabur Pharma,clopidogrel(400 mg),1 bottle,
Omecin 500,Sanofi India,rosuvastatin(100mg),30 tablets,299.51
Mettab 10,Dabur Pharma,levocetirizine 10mg,15 tablets,135.63
Clavtab 10,Cipla,Clopidogrel 10 mg,6 tablets,278.77
Bruod 10,Cipla,fluoxetine(250mg),10 capsules,555.23
Clavod 1000,Lupin,VITAMIN D3-40mg,1 bottle,306.43
Augcap 500,Glenmark,Aspirin 200 mg,30 tablets,252.35
Metsol 500,Novartis India,montelukast 400 mg,6 tablets,377.51
Dolotab 1000,Novartis India,amlodipine(40mg),6 tablets,340.87
Pands 250,Wockhardt,levocetirizine 400 mg,5 ml,22.96
Amoxcap 250,Intas Pharma,DOMPERIDONE-200mg,6 tablets,416.83
Azeesol 40,Lupin,Amoxicillin 500  mg,10 capsules,391.09
Dolods 250,Aurobindo Pharma,Glimepiride 500 mg,1 bottle,15.68
Clavsol 40,Himalaya,diclofenac 400mg,10 capsules,578.86
Brucin 10,Sanofi India,ATORVASTATIN-40mg,10 tablets,173.23
Cetcin 500,Pfizer India,losartan 250mg,6 tablets,557.75
Dolotab 40,Himalaya,Zinc sulphate 100 mg,10 capsules,196.17
Azeexr 250,Wockhardt,ATORVASTATIN-5mg,10 capsules,214.85
Clavds 10,Alkem Labs,clopidogrel 500 mg,5 ml,598.01
Clavod 500,Pfizer India,paracetamol 10mg,15 tablets,575.67
Amoxcin 20,Novartis India,azithromycin 1000 mg,6 tablets,494.69
Metforte 20,Intas Pharma,Diclofenac (40 mg),6 tablets,56.75
Metxr 250,Dr Reddy,Gabapentin (400 mg),15 tablets,129.7
Dolocin 250,Sun Pharma,FEXOFENADINE-1000mg,1 bottle,51.36
Brusr 40,Torrent Pharma,ATORVASTATIN-200mg,1 bottle,247.43
Clavcin 40,Dabur Pharma,Azithromycin (400 mg),10 tablets,510.16
Augxr 10,Dr Reddy,glimepiride(100mg),30 tablets,0.0
Bruds 1000,Zydus Cadila,PANTOPRAZOLE-400mg,6 tablets,576.4
Omecin 250,Novartis India,esomeprazole(250mg),15 tablets,347.05
Bruds 500,Hetero Drugs,OMEPRAZOLE-100mg,15 tablets,103.28
Pands 10,Himalaya,DOMPERIDONE-10mg,5 ml,389.65
Doloforte 500,Himalaya,LOSARTAN-10mg,1 bottle,405.41
Dolood 40,GSK India,atorvastatin 5mg,1 bottle,188.96
Dolosol 500,Mankind Pharma,Esomeprazole 250  mg,10 tablets,429.62
Augforte 1000,GSK India,esomeprazole 20mg,1 bottle,296.29
Amoxtab 40,Novartis India,OMEPRAZOLE-200mg,15 tablets,0.0
Clavsol 250,Himalaya,alprazolam(250mg),1 bottle,334.54
Clavplus 500,Aurobindo Pharma,sertraline 20mg,15 tablets,283.1
Cetds 500,Dabur Pharma,ALPRAZOLAM-250mg,6 tablets,272.16
Augsol 250,Cipla,metoprolol 40 mg,15 tablets,164.5
Pancin 40,GSK India,Clonazepam 500  mg,1 bottle,199.85
Cetxr 40,Novartis India,telmisartan(200mg),10 capsules,232.08
Azeexr 1000,Aurobindo Pharma,atorvastatin 5 mg,15 tablets,491.8
Cetsol 250,Zydus Cadila,calcium carbonate(250mg),1 bottle,312.61
Metxr 1000,Lupin,pantoprazole(500 mg),6 tablets,434.39
Metcin 500,Wockhardt,DOXYCYCLINE-200mg,10 tablets,347.5
Amoxcap 20,Cipla,AMOXICILLIN-200mg,15 tablets,575.28
Clavsr 10,Alkem Labs,Ibuprofen (100mg),1 bottle,108.98
Cetforte 10,Sanofi India,vitamin d3(40mg),30 tablets,361.15
Azeexr 500,Alkem Labs,Amlodipine (10mg),10 capsules,366.46
Ometab 10,Sanofi India,calcium carbonate(500mg),5 ml,398.36
Pands 10,Wockhardt,paracetamol(10 mg),30 tablets,143.86
Brucap 1000,Himalaya,rabeprazole(500 mg),10 tablets,290.47
Pancin 20,Torrent Pharma,Glimepiride 400  mg,15 tablets,317.34
Cetxr 40,Hetero Drugs,Doxycycline 250  mg,10 tablets,354.54
Brusol 10,Torrent Pharma,methylcobalamin(500 mg),6 tablets,334.85
Clavforte 40,Torrent Pharma,Pregabalin 400  mg,30 tablets,243.69
Metds 10,Mankind Pharma,Azithromycin 400 mg,10 tablets,473.36
Omecap 10,Sun Pharma,Metformin 40 mg,5 ml,556.11
Bruxr 20,Dabur Pharma,Ciprofloxacin (500 mg),10 tablets,396.46
Metds 1000,Pfizer India,Metformin 40 mg,10 tablets,123.29
Pancap 250,Hetero Drugs,Ciprofloxacin (40mg),15 tablets,598.12
Pantab 250,Alkem Labs,ondansetron(1000 mg),10 capsules,333.36
Clavsol 10,Torrent Pharma,vitamin d3 500 mg,15 tablets,558.39
Azeeplus 1000,Novartis India,Levocetirizine (5 mg),10 tablets,568.63
Clavsr 500,Pfizer India,gabapentin 200 mg,1 bottle,456.42
Amoxtab 10,GSK India,Tramadol (200 mg),10 tablets,383.13
Azeecin 40,Hetero Drugs,Ciprofloxacin 250  mg,10 capsules,500.65
Doloforte 500,Mankind Pharma,clopidogrel(1000mg),1 bottle,537.44
Metplus 500,Abbott India,DOMPERIDONE-40mg,6 tablets,143.69
Augod 250,Lupin,Rosuvastatin (20mg),10 tablets,460.43
Clavplus 10,Glenmark,sertraline(500 mg),1 bottle,116.26
Azeexr 10,Zydus Cadila,ondansetron(400mg),10 tablets,0.0
Azeesr 1000,Pfizer India,ROSUVASTATIN-1000mg,10 tablets,0.0
Dolood 1000,Lupin,doxycycline(1000 mg),30 tablets,118.79
Brusol 10,Mankind Pharma,zinc sulphate 250 mg,1 bottle,422.82
Clavsol 250,Himalaya,TELMISARTAN-20mg,15 tablets,434.72
Pancap 10,Zydus Cadila,RABEPRAZOLE-5mg,1 bottle,303.76
Amoxds 20,GSK India,clonazepam 400 mg,30 tablets,36.24
Doloplus 1000,Lupin,Doxycycline 200 mg,1 bottle,221.3
Clavsol 20,Lupin,Rosuvastatin 250 mg,30 tablets,348.93
Augtab 10,Sanofi India,glimepiride 500 mg,1 bottle,371.29
Brutab 250,Dabur Pharma,Pantoprazole 250  mg,10 capsules,103.9
Augforte 40,Aurobindo Pharma,glimepiride(200mg),30 tablets,355.46
Amoxtab 500,Abbott India,RANITIDINE-250mg,6 tablets,106.81
Bruds 250,Sun Pharma,Sertraline (400 mg),5 ml,69.53
Amoxsr 40,Abbott India,RABEPRAZOLE-100mg,6 tablets,82.84
Azeeplus 20,GSK India,amoxicillin 500 mg,1 bottle,271.35
Clavxr 20,Pfizer India,ranitidine(200 mg),6 tablets,386.75
Amoxforte 10,Dr Reddy,SERTRALINE-400mg,1 bottle,
Pansr 10,GSK India,amlodipine 500 mg,10 capsules,185.37
Metxr 20,Novartis India,Calcium Carbonate (400mg),30 tablets,266.77
Brusol 20,Torrent Pharma,RABEPRAZOLE-1000mg,10 tablets,460.61
Mettab 500,Torrent Pharma,telmisartan(100mg),1 bottle,88.88
Dolocin 500,GSK India,diclofenac(200mg),15 tablets,37.38
Augcin 500,Zydus Cadila,cetirizine 100mg,6 tablets,0.0
Augforte 10,Intas Pharma,Doxycycline 250  mg,5 ml,0.0
Brutab 20,Torrent Pharma,Omeprazole (20mg),5 ml,286.33
Augsol 40,Abbott India,Rabeprazole (250mg),1 bottle,596.76
Amoxforte 500,GSK India,CETIRIZINE-5mg,1 bottle,0.0
Amoxsol 1000,Torrent Pharma,Pregabalin (5 mg),1 bottle,533.41
Cetplus 20,Glenmark,Azithromycin 400 mg,10 tablets,
Dolotab 500,Dabur Pharma,Amoxicillin 200  mg,15 tablets,101.36
Azeetab 500,Zydus Cadila,metformin 500mg,6 tablets,296.8
Bruforte 40,Sun Pharma,ROSUVASTATIN-20mg,6 tablets,87.76
Augsol 20,Novartis India,diclofenac 400 mg,6 tablets,118.48
Cetsr 1000,Dr Reddy,TELMISARTAN-400mg,10 capsules,493.1
Dolood 500,Sun Pharma,ALPRAZOLAM-1000mg,10 capsules,197.85
Azeecap 20,GSK India,rabeprazole(5mg),5 ml,175.61
Cetcap 250,Cipla,Cetirizine (5 mg),5 ml,127.63
Clavplus 250,Sanofi India,Methylcobalamin 1000  mg,10 capsules,224.88
Panforte 20,Pfizer India,Doxycycline (40 mg),5 ml,448.14
Omeplus 250,Cipla,metformin(200mg),6 tablets,567.21
Azeesol 20,Alkem Labs,Ciprofloxacin 400  mg,15 tablets,378.19
Augxr 250,Hetero Drugs,levocetirizine(10mg),6 tablets,106.75
Doloforte 20,Dabur Pharma,clopidogrel(40mg),1 bottle,594.95
Azeesol 10,Abbott India,fexofenadine(250 mg),10 capsules,461.3
Panplus 20,Sun Pharma,Diclofenac 20  mg,6 tablets,17.65
Dolocin 40,Alkem Labs,PARACETAMOL-100mg,5 ml,494.82
Augforte 500,Lupin,METHYLCOBALAMIN-200mg,10 tablets,89.94
Bruod 500,Dr Reddy,ciprofloxacin 200mg,10 capsules,442.69
Amoxcin 40,Lupin,ranitidine(40 mg),10 capsules,486.54
Omesol 40,Wockhardt,Clopidogrel 500  mg,5 ml,
Dolods 20,Sanofi India,rabeprazole 500mg,10 tablets,96.55
Azeetab 500,Dabur Pharma,Metformin 1000  mg,10 capsules,263.71
Pands 10,Himalaya,Clopidogrel 1000 mg,6 tablets,163.43
Augxr 40,Novartis India,Amlodipine 20 mg,15 tablets,346.23
Bruforte 40,Dr Reddy,CLONAZEPAM-400mg,30 tablets,555.09
Dolood 40,Alkem Labs,fexofenadine 500 mg,30 tablets,22.33
Pansol 500,Zydus Cadila,zinc sulphate(20 mg),1 bottle,413.73
Cetplus 250,Abbott India,Omeprazole (10mg),10 capsules,211.22
Azeesol 500,Alkem Labs,sertraline 250mg,6 tablets,331.48
Azeecin 1000,Aurobindo Pharma,Zinc Sulphate (20mg),10 capsules,108.83
Pantab 10,Pfizer India,Zinc Sulphate (200mg),6 tablets,398.94
Brusol 10,Intas Pharma,Esomeprazole (10mg),5 ml,309.06
Azeesr 20,Mankind Pharma,Fluoxetine (400 mg),15 tablets,0.0
Brucap 250,Glenmark,aspirin 5 mg,1 bottle,213.29
Amoxxr 250,Cipla,aspirin 5 mg,6 tablets,566.93
Bruds 40,Dr Reddy,CLOPIDOGREL-1000mg,6 tablets,370.57
Clavforte 10,Wockhardt,ASPIRIN-200mg,30 tablets,329.0
Azeecap 10,Intas Pharma,GABAPENTIN-5mg,6 tablets,597.45
Azeetab 500,Dr Reddy,methylcobalamin 40mg,10 capsules,196.02
Amoxcap 500,Intas Pharma,Levothyroxine 10  mg,1 bottle,71.21
Metod 500,Himalaya,zinc sulphate(200mg),10 capsules,0.0
Clavsr 40,Sanofi India,OMEPRAZOLE-40mg,5 ml,392.54
Panxr 250,Alkem Labs,SERTRALINE-20mg,15 tablets,555.86
Clavsr 40,Mankind Pharma,Domperidone (5mg),1 bottle,200.34
Doloxr 20,Aurobindo Pharma,ondansetron(500mg),6 tablets,563.97
Pansol 20,Pfizer India,Amoxicillin (5 mg),1 bottle,
Augxr 1000,Alkem Labs,Rabeprazole (5 mg),30 tablets,466.02
Augtab 40,Zydus Cadila,glimepiride(500mg),1 bottle,304.39
Augcin 500,Wockhardt,Gabapentin 20 mg,30 tablets,276.58
Cettab 250,Glenmark,tramadol 1000mg,6 tablets,75.59
Bruds 10,Dabur Pharma,clonazepam(1000 mg),15 tablets,33.99
Panxr 1000,Mankind Pharma,METOPROLOL-40mg,5 ml,191.23
Clavplus 250,Alkem Labs,RANITIDINE-10mg,10 tablets,279.52
Augsr 10,Alkem Labs,PARACETAMOL-40mg,10 capsules,
Metcin 500,Novartis India,pregabalin(200mg),5 ml,
Omecin 250,Intas Pharma,amoxicillin(200 mg),30 tablets,254.84
Clavforte 250,Mankind Pharma,zinc sulphate(200 mg),1 bottle,63.13
Amoxsr 500,Novartis India,Rabeprazole 1000 mg,10 tablets,80.24
Pantab 20,Alkem Labs,LEVOCETIRIZINE-5mg,10 capsules,440.0
Doloplus 20,Dabur Pharma,Sertraline 100 mg,5 ml,348.48
Augsr 500,Sanofi India,Zinc sulphate 200  mg,6 tablets,531.13
Omesol 20,Sun Pharma,Domperidone (250mg),1 bottle,599.4
Amoxplus 250,Alkem Labs,Pregabalin (5mg),6 tablets,190.2
Clavod 250,Glenmark,paracetamol 10mg,1 bottle,500.57
Cetsr 20,Zydus Cadila,Sertraline (40 mg),1 bottle,538.39
Dolods 20,Himalaya,metformin 5 mg,6 tablets,19.08
Panforte 10,Torrent Pharma,ROSUVASTATIN-1000mg,5 ml,378.89
Amoxforte 40,Lupin,rabeprazole(40mg),5 ml,26.72
Azeeplus 500,Intas Pharma,Aspirin 500  mg,15 tablets,74.44
Augds 500,Sun Pharma,omeprazole(20 mg),5 ml,120.61
Omeds 40,Zydus Cadila,clonazepam 100mg,5 ml,
Panod 250,Sun Pharma,Rabeprazole (5 mg),30 tablets,205.31
Metforte 500,Intas Pharma,montelukast(250mg),6 tablets,121.99
Amoxtab 250,Zydus Cadila,diclofenac 10mg,15 tablets,575.31
Cetplus 20,Glenmark,gabapentin(500 mg),30 tablets,152.94
Pansr 40,Cipla,Clopidogrel 400  mg,15 tablets,37.87
Augod 1000,Himalaya,ondansetron(40mg),6 tablets,192.96
Omesr 250,Himalaya,Gabapentin 1000 mg,15 tablets,277.71
Clavplus 1000,Abbott India,TRAMADOL-40mg,15 tablets,240.11
Augtab 1000,Sun Pharma,Levothyroxine 20  mg,10 tablets,291.36
Brutab 1000,Sanofi India,ROSUVASTATIN-200mg,10 tablets,337.24
Clavsol 20,Wockhardt,tramadol(1000 mg),15 tablets,102.14
Dolods 40,Wockhardt,Doxycycline 200  mg,10 capsules,147.8
Augforte 20,Himalaya,Methylcobalamin (40 mg),10 capsules,65.81
Clavxr 1000,Lupin,ondansetron(1000mg),6 tablets,300.62
Cetsr 20,Zydus Cadila,Amlodipine (200 mg),6 tablets,180.57
Amoxxr 40,Himalaya,doxycycline 250 mg,5 ml,589.69
Amoxcin 1000,Zydus Cadila,Paracetamol 5  mg,5 ml,
Pansol 10,Intas Pharma,Pregabalin (500 mg),5 ml,423.72
Metcap 10,Wockhardt,Rabeprazole 1000  mg,10 capsules,90.33
Cetcap 250,Intas Pharma,ESOMEPRAZOLE-10mg,5 ml,0.0
Brusr 40,Dr Reddy,FLUOXETINE-10mg,15 tablets,365.82
Dolosol 500,Pfizer India,alprazolam(10 mg),1 bottle,0.0
Azeeod 1000,Torrent Pharma,fluoxetine(400mg),1 bottle,0.0
Omecap 40,Himalaya,Sertraline (500 mg),1 bottle,440.93
Clavtab 500,Dr Reddy,telmisartan(20 mg),10 capsules,287.69
Panforte 20,Intas Pharma,atorvastatin(400 mg),10 capsules,468.89
Amoxplus 500,Wockhardt,sertraline 200 mg,30 tablets,28.91
Cetod 250,GSK India,Methylcobalamin (200mg),10 capsules,396.54
Azeetab 1000,Dr Reddy,Ibuprofen 100 mg,15 tablets,157.21
Clavcap 40,Dabur Pharma,Losartan (250mg),15 tablets,272.42
Panforte 250,Sanofi India,ASPIRIN-40mg,5 ml,580.67
Augcap 500,Abbott India,Fluoxetine 10  mg,6 tablets,350.03
Brusr 1000,Mankind Pharma,Losartan (10mg),1 bottle,289.95
Cetds 10,GSK India,Ciprofloxacin 1000  mg,30 tablets,15.02
Doloxr 20,Lupin,Levothyroxine (5 mg),10 capsules,551.48
Augsol 40,Himalaya,telmisartan 10mg,1 bottle,405.76
Pantab 250,Sun Pharma,ranitidine(250 mg),6 tablets,251.46
Pancin 20,Torrent Pharma,rosuvastatin 400mg,15 tablets,62.43
Clavcap 10,Dr Reddy,Doxycycline (10mg),5 ml,396.59
Augtab 40,Torrent Pharma,RANITIDINE-10mg,30 tablets,276.44
Panxr 10,Dr Reddy,LEVOTHYROXINE-200mg,30 tablets,204.93
Metod 10,Dr Reddy,Losartan 40 mg,1 bottle,113.64
Amoxtab 250,Lupin,fexofenadine(5mg),1 bottle,51.17
Pancin 40,Zydus Cadila,Diclofenac 250 mg,6 tablets,239.17
Augsr 10,Sanofi India,Ondansetron (200 mg),6 tablets,247.12
Augtab 20,Sun Pharma,ATORVASTATIN-400mg,1 bottle,324.9
Azeeforte 250,Dr Reddy,Montelukast (1000 mg),30 tablets,505.98
Metplus 40,Cipla,domperidone(40mg),1 bottle,238.94
Pansol 250,Alkem Labs,Fluoxetine 1000 mg,15 tablets,434.09
Augcin 250,GSK India,atorvastatin 400 mg,10 capsules,208.86
Azeecap 40,Sanofi India,ONDANSETRON-10mg,1 bottle,
Pansol 40,GSK India,Metoprolol (40 mg),10 capsules,0.0
Cetod 250,Pfizer India,Metformin (100mg),10 capsules,492.14
Doloxr 1000,Alkem Labs,Zinc Sulphate (400mg),1 bottle,79.52
Dolotab 250,Himalaya,Levothyroxine (5mg),15 tablets,170.14
Clavcin 500,Pfizer India,ESOMEPRAZOLE-400mg,15 tablets,67.18
Pancap 250,Dr Reddy,Pantoprazole 250 mg,10 tablets,426.39
Amoxds 10,Zydus Cadila,SERTRALINE-20mg,6 tablets,251.92
Amoxforte 10,Dabur Pharma,Amoxicillin 40 mg,10 tablets,10.71
Azeeds 500,Hetero Drugs,clonazepam(10mg),5 ml,282.82
Augsr 500,Zydus Cadila,Metformin (5mg),6 tablets,102.58
Dolood 10,Wockhardt,ESOMEPRAZOLE-100mg,30 tablets,33.64
Ometab 500,GSK India,Ranitidine (40mg),10 capsules,435.07
Mettab 500,Lupin,DOMPERIDONE-250mg,30 tablets,444.75
Panxr 500,Himalaya,Ciprofloxacin 1000 mg,1 bottle,135.97
Doloplus 500,Alkem Labs,Esomeprazole 20 mg,6 tablets,0.0
Augsr 10,Zydus Cadila,methylcobalamin 500mg,10 tablets,109.35
Azeesol 250,Mankind Pharma,calcium carbonate(40mg),10 capsules,251.72
Panxr 40,Pfizer India,Doxycycline 200  mg,30 tablets,524.58
Brucin 250,Himalaya,CIPROFLOXACIN-200mg,10 tablets,594.83
Omesr 10,GSK India,Fexofenadine 5  mg,5 ml,
Mettab 250,Hetero Drugs,LEVOCETIRIZINE-5mg,30 tablets,292.03
Cetxr 500,Pfizer India,Methylcobalamin (200 mg),1 bottle,475.6
Panplus 10,Glenmark,Paracetamol 1000 mg,10 capsules,453.71
Pands 40,Dabur Pharma,Methylcobalamin (5mg),30 tablets,0.0
Doloforte 500,Dabur Pharma,Rabeprazole 500  mg,10 tablets,391.72
Omesr 40,Abbott India,doxycycline 20mg,10 capsules,563.98
Azeexr 1000,Hetero Drugs,doxycycline 400mg,30 tablets,40.24
Azeeds 1000,GSK India,Alprazolam (5 mg),6 tablets,275.57
Brucap 1000,Dr Reddy,Atorvastatin 5 mg,10 tablets,575.29
Metds 40,Zydus Cadila,Azithromycin 20 mg,5 ml,21.43
Panplus 500,Wockhardt,amlodipine 40 mg,1 bottle,45.27
Dolosr 20,Himalaya,Clonazepam 250  mg,30 tablets,402.19
Amoxcap 1000,Zydus Cadila,tramadol(100mg),5 ml,142.25
Cetod 500,Intas Pharma,metformin 20mg,1 bottle,429.39
Dolood 500,Lupin,METOPROLOL-40mg,10 tablets,269.01
Augds 500,Zydus Cadila,amoxicillin 250 mg,30 tablets,
Pands 20,Glenmark,Fluoxetine 20 mg,15 tablets,204.12
Augforte 40,Himalaya,GLIMEPIRIDE-200mg,6 tablets,74.49
Clavsol 10,Sun Pharma,pregabalin 10mg,1 bottle,219.58
Amoxsol 250,Abbott India,domperidone(200 mg),5 ml,57.49
Dolood 20,Alkem Labs,Omeprazole 5  mg,1 bottle,0.0
Bruforte 250,Wockhardt,ESOMEPRAZOLE-1000mg,30 tablets,176.51
Brusr 1000,Pfizer India,PREGABALIN-1000mg,6 tablets,104.96
Cetsol 1000,Dabur Pharma,levocetirizine(20mg),10 tablets,288.97
Bruplus 10,Dr Reddy,Atorvastatin 200  mg,10 tablets,111.54
Azeesr 250,Aurobindo Pharma,AMLODIPINE-5mg,30 tablets,495.1
Pancap 1000,Abbott India,Fluoxetine 400  mg,10 tablets,185.7
Metcin 250,Mankind Pharma,Azithromycin 100 mg,1 bottle,460.71
Bruplus 40,GSK India,calcium carbonate(500 mg),10 capsules,414.06
Amoxcap 20,Sun Pharma,esomeprazole(5 mg),5 ml,42.64
Doloxr 40,Cipla,AMLODIPINE-500mg,30 tablets,547.97
Cettab 20,Alkem Labs,clonazepam(1000mg),5 ml,453.56
Clavforte 500,Lupin,montelukast 200mg,10 capsules,15.64
Metcap 20,Mankind Pharma,fluoxetine 10 mg,10 tablets,138.9
Omexr 10,Novartis India,zinc sulphate(5 mg),6 tablets,550.29
Dolocap 10,Intas Pharma,ibuprofen 40 mg,6 tablets,534.72
Omesol 500,Sun Pharma,clopidogrel 40mg,6 tablets,515.23
Ometab 250,Dr Reddy,AMLODIPINE-5mg,1 bottle,466.62
Augtab 1000,Himalaya,cetirizine(500mg),10 tablets,
Metcap 40,Alkem Labs,cetirizine(10mg),10 capsules,216.11
Azeeod 500,Hetero Drugs,telmisartan 200 mg,15 tablets,306.91
Cetds 250,Alkem Labs,PARACETAMOL-5mg,30 tablets,584.36
Augtab 500,Himalaya,alprazolam 40 mg,15 tablets,502.17
Dolotab 10,Lupin,Alprazolam 400 mg,5 ml,73.31
Augtab 10,Dr Reddy,Glimepiride (400 mg),30 tablets,175.9
Brusol 250,Wockhardt,diclofenac(400mg),30 tablets,537.69
Omexr 10,GSK India,Esomeprazole (40mg),6 tablets,317.42
Cettab 1000,Lupin,ondansetron(1000 mg),6 tablets,585.32
Augplus 40,Wockhardt,ONDANSETRON-10mg,6 tablets,461.46
Augds 1000,Dabur Pharma,Ondansetron 500  mg,1 bottle,95.25
Omecin 250,Zydus Cadila,FLUOXETINE-40mg,10 tablets,0.0
Amoxod 20,Glenmark,ranitidine(1000 mg),15 tablets,65.03
Augsr 20,Intas Pharma,FLUOXETINE-20mg,6 tablets,162.91
Brusr 1000,Wockhardt,Gabapentin (250mg),10 tablets,
Brucap 1000,Mankind Pharma,ranitidine 400 mg,1 bottle,431.71
Augds 500,Himalaya,fluoxetine(400 mg),1 bottle,307.96
Panod 250,Glenmark,rabeprazole 500 mg,10 tablets,83.89
Bruforte 1000,Aurobindo Pharma,vitamin d3 250mg,10 tablets,0.0
Ometab 1000,Intas Pharma,ASPIRIN-400mg,10 capsules,75.77
Bruplus 250,Himalaya,Amoxicillin 20  mg,10 capsules,420.01
Omesr 250,Glenmark,Rabeprazole 200  mg,10 capsules,416.99
Brusol 10,Intas Pharma,clopidogrel(40mg),30 tablets,384.18
Amoxod 10,Torrent Pharma,gabapentin 5mg,10 tablets,484.32
Omeod 20,Glenmark,vitamin d3(10mg),30 tablets,289.36
Azeeforte 500,Wockhardt,montelukast 5 mg,6 tablets,253.27
Cetod 10,Sanofi India,Pregabalin (40mg),5 ml,134.07
Bruod 40,Dabur Pharma,tramadol(200mg),5 ml,379.04
Bruxr 1000,Intas Pharma,METOPROLOL-400mg,5 ml,517.23
Clavsol 10,Mankind Pharma,levocetirizine 200mg,30 tablets,
Brucin 500,Novartis India,Montelukast 20  mg,1 bottle,102.34
Augcin 250,Cipla,TELMISARTAN-400mg,6 tablets,516.87
Cetsol 250,Dr Reddy,atorvastatin 10 mg,1 bottle,346.02
Metod 250,GSK India,vitamin d3 5 mg,10 tablets,465.73
Omecap 500,Alkem Labs,Rabeprazole 400 mg,15 tablets,582.19
Omeforte 20,Novartis India,Vitamin d3 500 mg,30 tablets,258.88
Amoxcin 40,Hetero Drugs,Metoprolol 500  mg,5 ml,580.35
Amoxforte 40,Novartis India,metformin 400mg,1 bottle,80.26
Omesol 1000,Torrent Pharma,Rabeprazole 250 mg,30 tablets,132.55
Omesr 10,Torrent Pharma,Levothyroxine (10 mg),5 ml,444.27
Omeforte 10,Torrent Pharma,FEXOFENADINE-10mg,10 capsules,364.45
Augcap 250,Mankind Pharma,Tramadol (250mg),6 tablets,245.19
Cetod 40,Abbott India,OMEPRAZOLE-10mg,10 capsules,250.91
Doloplus 500,Himalaya,AMLODIPINE-200mg,5 ml,57.96
Azeeod 40,Sun Pharma,RABEPRAZOLE-200mg,10 tablets,143.39
Bruod 1000,Aurobindo Pharma,Losartan (40mg),10 capsules,96.36
Augsr 250,Sanofi India,Methylcobalamin (10mg),1 bottle,140.89
Brusol 20,Aurobindo Pharma,Telmisartan 100 mg,15 tablets,135.62
Cetcin 1000,Wockhardt,DOMPERIDONE-10mg,5 ml,585.87
Pansr 500,Pfizer India,aspirin(500 mg),10 tablets,523.89
Ometab 20,Dabur Pharma,Doxycycline 1000  mg,30 tablets,42.78
Clavxr 1000,Torrent Pharma,Rosuvastatin (500mg),10 capsules,586.69
Cetds 10,Mankind Pharma,pregabalin(500mg),30 tablets,558.75
Omeforte 250,Zydus Cadila,Levothyroxine 5  mg,30 tablets,587.28
Clavplus 20,Intas Pharma,Telmisartan 500  mg,30 tablets,193.3
Metcap 250,Pfizer India,fluoxetine(20mg),10 tablets,0.0
Augcin 10,Wockhardt,Losartan 40 mg,10 tablets,219.06
Omesol 1000,Lupin,FLUOXETINE-10mg,30 tablets,114.95
Pands 20,Alkem Labs,telmisartan(200 mg),10 capsules,114.9
Omexr 1000,Sun Pharma,fluoxetine 10mg,30 tablets,357.48
Augsr 40,Pfizer India,Metoprolol (250mg),5 ml,
Metcin 40,Himalaya,amoxicillin 20 mg,15 tablets,175.51
Cetsol 10,Aurobindo Pharma,Pregabalin (1000 mg),30 tablets,60.8
Augxr 40,Lupin,ONDANSETRON-100mg,30 tablets,485.36
Metsr 10,Hetero Drugs,Amlodipine (500 mg),10 capsules,532.16
Cetxr 40,Hetero Drugs,Fexofenadine 1000 mg,10 capsules,0.0
Azeeds 250,Zydus Cadila,CLOPIDOGREL-20mg,1 bottle,180.1
Amoxsol 20,Zydus Cadila,SERTRALINE-100mg,6 tablets,261.22
Brutab 10,Sanofi India,Amoxicillin (5 mg),1 bottle,399.23
Omesr 500,Sanofi India,Losartan (200 mg),10 tablets,473.42
Augsr 20,Himalaya,levocetirizine 100mg,6 tablets,486.24
Clavplus 40,Dr Reddy,RANITIDINE-5mg,6 tablets,
Bruod 40,GSK India,AZITHROMYCIN-250mg,1 bottle,296.14
Cetcin 500,Dr Reddy,esomeprazole 1000 mg,15 tablets,0.0
Cetsol 10,GSK India,DOMPERIDONE-250mg,6 tablets,506.52
Brucin 250,Zydus Cadila,Omeprazole 100 mg,1 bottle,106.33
Metsol 1000,Pfizer India,Fluoxetine (40 mg),10 capsules,345.1
Augod 20,Wockhardt,Paracetamol 10 mg,5 ml,
Clavsr 500,Himalaya,ondansetron(40 mg),6 tablets,430.86
Brusr 250,Torrent Pharma,Levothyroxine (400 mg),6 tablets,300.91
Metsr 1000,Intas Pharma,FEXOFENADINE-250mg,6 tablets,267.36
Bruxr 40,Intas Pharma,CLOPIDOGREL-20mg,6 tablets,394.28
Augcap 500,Dr Reddy,pantoprazole 5mg,6 tablets,126.09
Azeecin 250,Abbott India,levocetirizine 40 mg,15 tablets,220.4
Brutab 20,Dr Reddy,Ranitidine (5 mg),30 tablets,142.2
Cetds 20,Novartis India,Clopidogrel (500 mg),30 tablets,404.34
Clavod 250,Lupin,Diclofenac (20 mg),5 ml,0.0
Cetplus 40,Alkem Labs,Cetirizine (40mg),30 tablets,269.38
Cettab 500,Glenmark,cetirizine 20mg,5 ml,267.95
Cettab 1000,Intas Pharma,aspirin 40 mg,10 capsules,228.48
Metcap 10,Wockhardt,aspirin(20mg),5 ml,252.74
Pands 250,Pfizer India,Clonazepam (500 mg),15 tablets,58.19
Pancap 20,Aurobindo Pharma,Pantoprazole (10 mg),5 ml,42.22
Azeeplus 40,Aurobindo Pharma,Clonazepam 100 mg,6 tablets,
Brusr 40,Zydus Cadila,telmisartan(5 mg),6 tablets,129.44
Omecin 20,Alkem Labs,Diclofenac 500  mg,30 tablets,206.02
Omeds 20,Intas Pharma,amlodipine(5 mg),15 tablets,192.85
Metplus 40,Himalaya,ibuprofen(250mg),30 tablets,258.27
Pantab 10,Hetero Drugs,esomeprazole(200mg),10 tablets,184.39
Clavsol 1000,Novartis India,aspirin(200 mg),5 ml,185.13
Mettab 1000,Sanofi India,Methylcobalamin 20 mg,6 tablets,313.74
Brutab 250,Wockhardt,TRAMADOL-10mg,5 ml,44.82
Clavds 20,Sanofi India,diclofenac 1000mg,1 bottle,469.06
Cetcap 20,Wockhardt,Fexofenadine 20  mg,5 ml,83.26
Augcin 40,Alkem Labs,Alprazolam (5 mg),1 bottle,100.85
Clavplus 250,Lupin,Azithromycin (10 mg),30 tablets,317.48
Cetcap 20,GSK India,esomeprazole 100mg,10 tablets,257.68
Omeds 1000,GSK India,GLIMEPIRIDE-5mg,10 tablets,0.0
Doloxr 10,Himalaya,sertraline 200 mg,1 bottle,502.0
Augcap 40,Pfizer India,Amlodipine 5  mg,6 tablets,200.53
Azeecin 40,Aurobindo Pharma,LEVOCETIRIZINE-1000mg,30 tablets,534.91
Omeds 250,Intas Pharma,pantoprazole(250mg),10 capsules,121.92
Augds 250,Alkem Labs,metformin(200 mg),5 ml,79.21
Clavsr 250,Abbott India,IBUPROFEN-200mg,5 ml,485.7
Cetxr 250,Glenmark,Amoxicillin (40 mg),1 bottle,516.91
Cetcap 1000,Mankind Pharma,azithromycin(10mg),30 tablets,462.84
Pancin 1000,Glenmark,pantoprazole(500mg),15 tablets,238.84
Metsol 20,Lupin,Levothyroxine 200 mg,10 tablets,354.93
Augds 10,Cipla,rabeprazole 10mg,30 tablets,0.0
Omesol 20,Novartis India,ciprofloxacin 250mg,10 capsules,393.72
Cetforte 20,Alkem Labs,diclofenac(1000mg),5 ml,591.3
Augod 1000,Cipla,Fexofenadine 400  mg,10 tablets,394.61
Bruforte 40,Torrent Pharma,sertraline(200mg),5 ml,133.95
Omexr 40,Dr Reddy,pantoprazole(400 mg),30 tablets,80.8
Doloforte 40,Dabur Pharma,TELMISARTAN-10mg,10 capsules,162.73
Clavforte 250,Alkem Labs,aspirin 250 mg,1 bottle,549.1
Cetxr 20,Sun Pharma,Calcium Carbonate (40 mg),6 tablets,538.0
Augtab 1000,Novartis India,Gabapentin (1000mg),10 tablets,583.45
Dolosol 10,Lupin,Rabeprazole (40mg),1 bottle,13.54
Amoxsol 500,Dabur Pharma,Rosuvastatin (5mg),6 tablets,
Brutab 1000,Alkem Labs,Fluoxetine (5mg),5 ml,344.91
Cettab 500,Dr Reddy,METHYLCOBALAMIN-200mg,10 capsules,161.7
Azeeod 1000,Sun Pharma,CLONAZEPAM-200mg,6 tablets,
Bruplus 250,Wockhardt,fexofenadine 500mg,5 ml,410.66
Azeesr 1000,Torrent Pharma,Amoxicillin (400mg),1 bottle,11.05
Metsol 500,Wockhardt,METHYLCOBALAMIN-250mg,10 tablets,202.9
Doloplus 500,Sun Pharma,Ibuprofen 40  mg,10 capsules,71.84
Clavod 10,Abbott India,metformin(250 mg),10 tablets,460.35
Omecap 250,Aurobindo Pharma,Omeprazole (500mg),30 tablets,552.12
Panplus 10,Cipla,Fexofenadine (1000mg),10 capsules,245.8
Bruod 20,Aurobindo Pharma,Calcium carbonate 250 mg,1 bottle,67.96
Mettab 250,Glenmark,ibuprofen(20 mg),10 capsules,15.27
Doloxr 10,Sanofi India,DOMPERIDONE-200mg,30 tablets,436.98
Bruds 40,Intas Pharma,AMOXICILLIN-500mg,10 capsules,454.59
Doloplus 1000,Intas Pharma,Metoprolol 20 mg,10 capsules,582.4
Azeecin 10,Sanofi India,METOPROLOL-500mg,5 ml,211.54
Augsr 20,Alkem Labs,domperidone 1000mg,6 tablets,417.91
Omesr 250,Glenmark,Clopidogrel 100 mg,15 tablets,301.59
Augforte 40,Alkem Labs,ciprofloxacin(20 mg),15 tablets,230.54
Pands 250,Dr Reddy,Paracetamol (500 mg),30 tablets,92.3
Amoxcap 500,Alkem Labs,Esomeprazole (500mg),15 tablets,532.15
Cetplus 250,Alkem Labs,PREGABALIN-400mg,10 tablets,20.43
Metforte 1000,Intas Pharma,AZITHROMYCIN-250mg,1 bottle,399.26
Cetsol 500,Lupin,Zinc Sulphate (10 mg),15 tablets,323.27
Metds 1000,Dabur Pharma,Fexofenadine (400mg),10 capsules,475.44
Mettab 10,Himalaya,telmisartan(20mg),1 bottle,476.27
Augcap 1000,GSK India,rabeprazole 5 mg,10 capsules,429.79
Clavcin 500,Himalaya,fluoxetine 40 mg,1 bottle,137.96
Clavcap 1000,Wockhardt,ondansetron 5mg,1 bottle,158.68
Clavcin 10,Hetero Drugs,glimepiride(20 mg),15 tablets,311.26
Amoxxr 250,GSK India,fexofenadine 10 mg,30 tablets,114.3
Azeetab 1000,Sanofi India,rosuvastatin 1000mg,10 capsules,556.55
Doloplus 1000,Glenmark,AMOXICILLIN-400mg,15 tablets,449.17
Amoxplus 1000,Torrent Pharma,domperidone(20mg),10 tablets,471.61
Cetxr 500,Sanofi India,Vitamin d3 250 mg,5 ml,142.34
Augforte 250,Pfizer India,clonazepam(200 mg),6 tablets,193.34
Azeecin 1000,Pfizer India,Levocetirizine 5 mg,5 ml,90.26
Bruxr 40,Glenmark,paracetamol 40 mg,15 tablets,453.55
Pancap 500,Sun Pharma,montelukast(250 mg),10 capsules,586.53
Brutab 20,Aurobindo Pharma,Calcium carbonate 200  mg,15 tablets,236.77
Azeecap 250,Mankind Pharma,Diclofenac (100mg),10 tablets,
Metplus 40,Intas Pharma,Domperidone 1000 mg,15 tablets,318.44
Cettab 500,Wockhardt,paracetamol 40mg,1 bottle,325.58
Augcap 20,Intas Pharma,DOXYCYCLINE-20mg,1 bottle,348.45
Augtab 10,Sun Pharma,TRAMADOL-200mg,15 tablets,366.07
Pantab 1000,Pfizer India,Methylcobalamin 40  mg,10 capsules,390.61
Metcap 20,Mankind Pharma,montelukast(1000 mg),1 bottle,442.08
Pansol 500,Aurobindo Pharma,Ranitidine (200 mg),6 tablets,170.08
Azeetab 1000,Wockhardt,Atorvastatin 5 mg,5 ml,53.31
Metds 250,Mankind Pharma,Levothyroxine 10  mg,30 tablets,281.6
Metxr 250,Aurobindo Pharma,tramadol 1000 mg,5 ml,14.36
Omeds 40,Pfizer India,Levothyroxine 20  mg,10 tablets,151.44
Omecap 1000,Sun Pharma,TELMISARTAN-40mg,10 capsules,81.5
Cetsol 40,Pfizer India,PARACETAMOL-200mg,30 tablets,28.39
Amoxsr 250,Aurobindo Pharma,Metformin (5 mg),6 tablets,0.0
Mettab 250,Hetero Drugs,RABEPRAZOLE-5mg,15 tablets,257.64
Cetcap 250,Lupin,DOMPERIDONE-1000mg,5 ml,254.08
Bruxr 250,Alkem Labs,pregabalin(5mg),10 capsules,145.59
Metsr 500,Sun Pharma,paracetamol 1000 mg,1 bottle,47.08
Amoxod 10,Alkem Labs,Esomeprazole (500mg),1 bottle,590.0
Doloxr 40,Lupin,methylcobalamin 40mg,10 capsules,555.34
Panod 20,Dr Reddy,Ranitidine 250  mg,30 tablets,273.76
Clavtab 1000,Abbott India,Alprazolam (200 mg),10 tablets,147.95
Amoxsol 500,Hetero Drugs,OMEPRAZOLE-500mg,1 bottle,230.44
Dolocin 20,Zydus Cadila,calcium carbonate 20 mg,30 tablets,476.73
Metds 250,Glenmark,ibuprofen 400mg,15 tablets,544.73
Augcin 250,Glenmark,ciprofloxacin(1000 mg),15 tablets,522.96
Clavds 500,Dr Reddy,METOPROLOL-5mg,15 tablets,147.9
Cetod 500,Abbott India,MONTELUKAST-40mg,1 bottle,187.44
Bruxr 500,Dr Reddy,Domperidone 200 mg,30 tablets,286.66
Bruxr 250,Sun Pharma,Fexofenadine 20 mg,5 ml,457.24
Augplus 10,Torrent Pharma,METOPROLOL-400mg,1 bottle,175.67
Metcin 250,Alkem Labs,Clopidogrel 20 mg,15 tablets,518.1
Augplus 40,Hetero Drugs,Ondansetron 10  mg,1 bottle,592.61
Bruplus 40,Mankind Pharma,azithromycin(1000 mg),15 tablets,214.36
Metsol 10,Wockhardt,Esomeprazole 500 mg,6 tablets,28.43
Cetplus 500,Dabur Pharma,ibuprofen 20mg,1 bottle,364.47
Clavtab 20,Aurobindo Pharma,Paracetamol (10mg),1 bottle,546.69
Bruod 1000,Sanofi India,fexofenadine 200mg,10 capsules,442.49
Cetplus 40,Hetero Drugs,omeprazole(10mg),5 ml,132.04
Omexr 20,Sun Pharma,Paracetamol 40 mg,10 tablets,254.77
Augcap 20,Zydus Cadila,RANITIDINE-500mg,15 tablets,569.5
Metplus 10,Mankind Pharma,Ranitidine (5mg),5 ml,268.91
Omeplus 250,Dr Reddy,pantoprazole 1000mg,1 bottle,210.55
Panod 250,Torrent Pharma,Cetirizine (250mg),5 ml,
Dolood 10,GSK India,calcium carbonate 5 mg,1 bottle,207.24
Clavcin 1000,Aurobindo Pharma,levothyroxine 400mg,1 bottle,
Azeeplus 40,Dabur Pharma,Ondansetron (20mg),10 tablets,452.85
Dolocin 40,Alkem Labs,Sertraline 5  mg,10 tablets,0.0
Bruod 250,Dabur Pharma,LEVOTHYROXINE-20mg,1 bottle,214.21
Metcap 20,Intas Pharma,Sertraline 10 mg,10 capsules,526.73
Azeesr 500,Dr Reddy,Amoxicillin 20 mg,30 tablets,538.67
Ometab 10,Alkem Labs,GABAPENTIN-400mg,15 tablets,0.0
Amoxsr 40,Abbott India,levothyroxine 1000 mg,6 tablets,80.87
Clavtab 40,Abbott India,fluoxetine 1000mg,10 capsules,211.19
Amoxtab 1000,Abbott India,Rabeprazole 400  mg,15 tablets,59.91
Doloxr 20,Hetero Drugs,domperidone(10mg),15 tablets,444.26
Dolocap 20,Glenmark,Domperidone 1000  mg,5 ml,400.94
Amoxsol 10,Glenmark,Paracetamol 400  mg,15 tablets,410.55
Omeplus 40,Sanofi India,amoxicillin 250 mg,6 tablets,347.79
Metsol 40,Glenmark,Glimepiride (1000 mg),15 tablets,443.55
Azeexr 1000,Mankind Pharma,fluoxetine 1000 mg,10 tablets,258.08
Amoxplus 40,Sanofi India,Ondansetron (1000 mg),6 tablets,554.45
Panplus 10,Himalaya,cetirizine 20mg,5 ml,395.54
Metcin 1000,Alkem Labs,SERTRALINE-100mg,15 tablets,437.77
Omeforte 10,Mankind Pharma,Metoprolol 1000  mg,10 tablets,0.0
Brusol 250,Wockhardt,alprazolam(250 mg),15 tablets,78.33
Augxr 1000,Dr Reddy,Calcium carbonate 40 mg,5 ml,
Azeesol 250,GSK India,Azithromycin (1000mg),6 tablets,355.42
Bruplus 20,Aurobindo Pharma,CETIRIZINE-200mg,1 bottle,82.14
Azeeds 20,Sun Pharma,Gabapentin 40 mg,1 bottle,297.23
Clavcap 250,Mankind Pharma,Azithromycin (5mg),5 ml,336.4
Azeeplus 250,Mankind Pharma,AMLODIPINE-200mg,10 tablets,58.09
Amoxcin 20,Sun Pharma,Gabapentin 40 mg,15 tablets,543.53
Dolood 20,Glenmark,Amlodipine 200  mg,10 capsules,310.27
Amoxsol 500,Alkem Labs,Amoxicillin (400mg),15 tablets,364.47
Amoxxr 40,Novartis India,Amlodipine (10 mg),30 tablets,542.97
Omeplus 40,Novartis India,LOSARTAN-10mg,15 tablets,420.51
Bruxr 250,Zydus Cadila,Alprazolam 40 mg,30 tablets,578.7
Dolotab 1000,Wockhardt,gabapentin(10mg),10 tablets,546.27
Metxr 250,Lupin,Ciprofloxacin (200mg),1 bottle,471.38
Dolood 1000,Lupin,Montelukast 200  mg,10 capsules,334.51
Azeeds 20,Mankind Pharma,Pantoprazole 250  mg,30 tablets,530.16
Cetcap 10,Zydus Cadila,losartan(250mg),6 tablets,344.0
Augcap 10,Wockhardt,esomeprazole(400mg),6 tablets,591.86
Omeplus 10,Abbott India,telmisartan(10 mg),30 tablets,464.18
Pantab 40,Mankind Pharma,Atorvastatin (400mg),10 capsules,177.22
Augds 40,Zydus Cadila,paracetamol(10 mg),1 bottle,598.79
Panxr 40,Alkem Labs,ondansetron(250mg),5 ml,324.32
Azeesol 500,Pfizer India,clonazepam(500mg),15 tablets,52.47
Dolotab 1000,Aurobindo Pharma,Metformin 10  mg,15 tablets,549.11
Amoxsol 250,GSK India,azithromycin 100mg,30 tablets,444.91
Augcin 1000,Pfizer India,Montelukast (5 mg),10 capsules,11.49
Dolocin 250,Mankind Pharma,cetirizine 250mg,1 bottle,263.04
Cetplus 500,GSK India,Metoprolol (10 mg),10 tablets,286.65
Augcap 500,Lupin,ranitidine 400 mg,1 bottle,217.41
Cetxr 10,Intas Pharma,DOMPERIDONE-10mg,10 tablets,448.4
Augds 10,Lupin,domperidone 40 mg,1 bottle,481.49
Omecin 500,Zydus Cadila,Ondansetron 5  mg,10 tablets,100.08
Panxr 10,Wockhardt,aspirin 500mg,10 capsules,179.36
Amoxtab 1000,Mankind Pharma,aspirin(20mg),15 tablets,596.6
Cetsol 20,Sanofi India,Domperidone (40 mg),10 capsules,380.31
Brucin 20,Alkem Labs,ondansetron 500mg,15 tablets,126.19
Brusr 250,Abbott India,CLONAZEPAM-100mg,30 tablets,309.84
Brusol 1000,Hetero Drugs,telmisartan 500 mg,6 tablets,
Clavtab 10,GSK India,levothyroxine 5mg,30 tablets,117.43
Azeecap 1000,Sun Pharma,Montelukast (10mg),6 tablets,221.46
Amoxsol 20,Hetero Drugs,vitamin d3(5 mg),15 tablets,235.36
Metsol 40,Himalaya,Calcium Carbonate (10mg),6 tablets,271.9
Metds 40,GSK India,zinc sulphate 250 mg,5 ml,98.97
Omexr 250,Hetero Drugs,losartan 400 mg,1 bottle,293.83
Cetplus 250,Torrent Pharma,ibuprofen(40mg),6 tablets,573.84
Azeetab 500,Novartis India,Domperidone 1000  mg,5 ml,267.15
Cetcin 500,Torrent Pharma,rabeprazole(1000 mg),15 tablets,
Amoxsol 1000,Sanofi India,alprazolam(20 mg),30 tablets,427.29
Cetplus 500,Intas Pharma,AMOXICILLIN-400mg,10 tablets,168.1
Dolood 1000,Lupin,aspirin(5mg),10 tablets,200.14
Dolocin 40,Dabur Pharma,Losartan 20 mg,30 tablets,491.03
Clavtab 40,Sun Pharma,telmisartan 40mg,10 capsules,449.5
Doloplus 500,Pfizer India,CALCIUM CARBONATE-400mg,15 tablets,352.34
Cetsr 250,Wockhardt,METOPROLOL-20mg,30 tablets,301.61
Cetplus 250,GSK India,ranitidine(5mg),6 tablets,191.61
Brusol 10,Zydus Cadila,Calcium Carbonate (5mg),10 tablets,546.21
Bruxr 250,Dabur Pharma,Clonazepam (20mg),10 tablets,0.0
Cetod 250,Dr Reddy,AMOXICILLIN-20mg,30 tablets,0.0
Cetsr 20,Dr Reddy,cetirizine 400 mg,15 tablets,536.3
Amoxds 250,Cipla,SERTRALINE-20mg,10 capsules,0.0
Brucap 250,Sanofi India,Gabapentin (100mg),5 ml,0.0
Amoxsol 40,Hetero Drugs,FEXOFENADINE-1000mg,6 tablets,235.77
Omeplus 1000,Lupin,AZITHROMYCIN-40mg,15 tablets,53.16
Bruds 1000,Zydus Cadila,omeprazole(500mg),15 tablets,362.97
Augforte 1000,Lupin,montelukast 100mg,30 tablets,487.95
Brusr 40,Glenmark,PARACETAMOL-20mg,15 tablets,479.74
Omeforte 500,Torrent Pharma,Azithromycin 200  mg,15 tablets,115.67
Dolocap 40,Dabur Pharma,Fexofenadine 40  mg,5 ml,553.59
Metxr 250,Novartis India,Gabapentin 400  mg,10 capsules,351.93
Metcin 1000,Hetero Drugs,CIPROFLOXACIN-1000mg,10 tablets,338.56
Augcap 20,Zydus Cadila,metformin 500 mg,30 tablets,583.32
Cetxr 40,Lupin,CIPROFLOXACIN-500mg,6 tablets,23.6
Clavcap 250,GSK India,Cetirizine (200 mg),5 ml,94.96
Cetsr 40,Zydus Cadila,Paracetamol 200  mg,5 ml,90.95
Panplus 250,Pfizer India,sertraline 10 mg,5 ml,
Brusr 20,Sun Pharma,RANITIDINE-5mg,1 bottle,429.15
Omeds 10,Mankind Pharma,Montelukast 400 mg,30 tablets,586.93
Azeeod 250,Aurobindo Pharma,ZINC SULPHATE-500mg,15 tablets,491.4
Doloxr 500,Cipla,ONDANSETRON-1000mg,5 ml,167.79
Azeetab 250,Intas Pharma,CLOPIDOGREL-250mg,15 tablets,0.0
Pansol 1000,Alkem Labs,montelukast(5mg),6 tablets,58.34
Amoxcin 1000,Glenmark,Sertraline (500mg),10 tablets,452.99
Omeforte 10,Zydus Cadila,levothyroxine 1000 mg,6 tablets,538.73
Clavcin 1000,Aurobindo Pharma,metoprolol(250mg),1 bottle,103.44
Cetds 20,Zydus Cadila,OMEPRAZOLE-400mg,5 ml,595.43
Dolood 10,Glenmark,CLOPIDOGREL-20mg,30 tablets,31.69
Cetod 40,Dabur Pharma,aspirin(5mg),10 tablets,
Augforte 500,GSK India,Montelukast (400 mg),10 tablets,560.96
Augplus 10,Dr Reddy,Esomeprazole (500 mg),15 tablets,587.26
Doloplus 10,GSK India,amlodipine(10mg),10 tablets,250.15
Dolotab 40,Dabur Pharma,diclofenac(500 mg),30 tablets,252.61
Cettab 1000,Novartis India,AMOXICILLIN-500mg,10 tablets,230.49
Augsr 40,Dr Reddy,Ciprofloxacin 1000  mg,30 tablets,324.79
Bruforte 250,Wockhardt,Ranitidine 10 mg,15 tablets,195.83
Azeecap 10,Pfizer India,sertraline 10mg,10 tablets,94.14
Brusr 500,Hetero Drugs,Calcium Carbonate (1000 mg),5 ml,40.01
Cettab 1000,Mankind Pharma,fexofenadine 200mg,10 tablets,247.8
Pantab 10,Torrent Pharma,LEVOCETIRIZINE-5mg,15 tablets,210.48
Cetxr 1000,GSK India,Rosuvastatin 10  mg,10 capsules,548.26
Cetforte 40,Himalaya,Pregabalin (5mg),10 capsules,591.93
Augforte 250,Pfizer India,LEVOTHYROXINE-250mg,15 tablets,476.87
Clavtab 250,Pfizer India,PARACETAMOL-20mg,6 tablets,137.42
Dolosol 500,Aurobindo Pharma,gabapentin(40mg),15 tablets,
Omesr 40,Intas Pharma,esomeprazole 250mg,10 capsules,599.44
Cetsr 10,Glenmark,gabapentin(10 mg),10 tablets,228.89
Amoxod 250,Wockhardt,fexofenadine 1000 mg,6 tablets,597.26
Clavds 250,GSK India,Ibuprofen (10 mg),6 tablets,383.05
Augds 10,Abbott India,GLIMEPIRIDE-10mg,5 ml,75.78
Dolosol 20,Aurobindo Pharma,Rosuvastatin 20  mg,10 tablets,175.89
Pancin 500,Wockhardt,Levocetirizine (400mg),10 tablets,475.98
Brusol 20,Mankind Pharma,calcium carbonate 250 mg,10 capsules,584.31
Brucap 10,Zydus Cadila,Metformin 200  mg,6 tablets,543.27
Clavxr 40,Lupin,cetirizine(20mg),6 tablets,550.67
Brucin 40,Dr Reddy,Levothyroxine (5mg),10 tablets,463.86
Cetsr 40,Aurobindo Pharma,gabapentin(1000mg),10 tablets,381.85
Metxr 1000,Novartis India,CIPROFLOXACIN-100mg,5 ml,398.28
Clavtab 250,Lupin,Ibuprofen (200 mg),1 bottle,91.97
Omesr 250,Alkem Labs,atorvastatin 40 mg,1 bottle,252.94
Augcap 500,Glenmark,Doxycycline 10  mg,6 tablets,184.86
Augod 20,Glenmark,Calcium Carbonate (500mg),30 tablets,331.52
Pands 20,Sun Pharma,azithromycin(5mg),10 capsules,458.49
Omecap 1000,Zydus Cadila,doxycycline 250mg,15 tablets,170.01
Azeexr 500,GSK India,Pregabalin 100 mg,1 bottle,156.06
Clavplus 500,Himalaya,Telmisartan (1000 mg),5 ml,478.11
Dolood 250,Torrent Pharma,diclofenac(10 mg),5 ml,367.52
Azeeplus 20,Mankind Pharma,Esomeprazole 1000 mg,10 tablets,250.61
Cetforte 10,Sun Pharma,Clonazepam 500  mg,10 tablets,476.21
Panforte 40,Glenmark,ESOMEPRAZOLE-500mg,10 tablets,14.45
Amoxod 500,Dr Reddy,levothyroxine(400mg),1 bottle,320.14
Bruforte 1000,Wockhardt,calcium carbonate(1000mg),6 tablets,0.0
Ometab 10,Torrent Pharma,Fluoxetine (40 mg),1 bottle,109.31
Clavcin 10,Sun Pharma,methylcobalamin 250mg,6 tablets,176.34
Pantab 10,Glenmark,Gabapentin (5 mg),6 tablets,64.31
Azeeforte 10,Aurobindo Pharma,telmisartan 250 mg,10 tablets,370.49
Omecin 500,Hetero Drugs,Tramadol (40 mg),10 capsules,0.0
Omesol 40,Abbott India,Cetirizine 250  mg,15 tablets,542.15
Panplus 250,Cipla,paracetamol 500mg,10 tablets,164.13
Augtab 500,Zydus Cadila,RABEPRAZOLE-200mg,10 capsules,197.04
Metod 10,Sanofi India,Levocetirizine (20 mg),10 capsules,399.47
Amoxtab 1000,Torrent Pharma,Sertraline (400mg),5 ml,338.64
Metcin 40,GSK India,Doxycycline (1000mg),10 tablets,135.95
Azeeds 1000,Himalaya,CETIRIZINE-250mg,5 ml,458.21
Doloxr 10,Zydus Cadila,Metoprolol (5 mg),15 tablets,521.77
Amoxod 40,Wockhardt,domperidone 1000mg,15 tablets,68.42
Amoxcin 10,Pfizer India,Azithromycin (400mg),15 tablets,399.84
Cetxr 20,Wockhardt,pregabalin 1000mg,15 tablets,263.06
Brusol 1000,Aurobindo Pharma,Esomeprazole (10mg),6 tablets,120.15
Pansol 250,Wockhardt,calcium carbonate(40 mg),10 tablets,0.0
Azeetab 1000,Abbott India,amoxicillin 200 mg,10 tablets,142.07
Amoxsr 500,Abbott India,Ondansetron (1000 mg),6 tablets,109.25
Azeeod 10,Lupin,Calcium Carbonate (100mg),15 tablets,445.54
Dolosr 500,Mankind Pharma,Pantoprazole (250 mg),15 tablets,577.65
Panod 1000,Dr Reddy,ibuprofen 40mg,15 tablets,581.97
Panod 40,Cipla,Aspirin (40 mg),5 ml,594.32
Dolosr 10,Lupin,Pantoprazole (20mg),30 tablets,443.01
Doloplus 40,Pfizer India,fluoxetine 200mg,10 tablets,205.57
Azeecin 500,Torrent Pharma,Calcium Carbonate (40 mg),6 tablets,587.35
Clavxr 1000,Sun Pharma,Metoprolol 500  mg,15 tablets,130.13
Azeecap 1000,Novartis India,rabeprazole 10mg,1 bottle,546.91
Panod 20,Intas Pharma,vitamin d3 10 mg,15 tablets,423.49
Pansr 40,Intas Pharma,tramadol 200 mg,10 tablets,95.1
Amoxtab 1000,Intas Pharma,GLIMEPIRIDE-400mg,1 bottle,0.0
Amoxcin 10,Cipla,Glimepiride (200 mg),1 bottle,216.54
Azeecap 250,Sanofi India,amlodipine 500 mg,6 tablets,430.21
Pansr 1000,Intas Pharma,Fexofenadine (200 mg),15 tablets,155.25
Amoxcap 20,Intas Pharma,ondansetron 10mg,10 capsules,266.0
Azeesol 1000,Zydus Cadila,amlodipine 5mg,1 bottle,188.56
Brutab 500,Aurobindo Pharma,TRAMADOL-400mg,5 ml,319.73
Bruxr 10,Wockhardt,rosuvastatin 20 mg,1 bottle,24.38
Metod 20,Dabur Pharma,LEVOCETIRIZINE-1000mg,30 tablets,228.88
Pansr 20,Zydus Cadila,Glimepiride 500 mg,1 bottle,0.0
Omeplus 20,Glenmark,Metformin (200mg),10 capsules,293.03
Cetds 40,Alkem Labs,Vitamin D3 (5 mg),10 capsules,580.63
Augod 40,Sun Pharma,metoprolol 100mg,5 ml,126.81
Omesr 250,Abbott India,Azithromycin (5 mg),15 tablets,500.97
Metds 1000,GSK India,Azithromycin 100 mg,15 tablets,494.44
Pancap 500,Zydus Cadila,Zinc sulphate 10 mg,6 tablets,492.58
Amoxtab 20,GSK India,Gabapentin 5 mg,30 tablets,299.83
Panplus 10,Wockhardt,Cetirizine 20  mg,15 tablets,79.11
Augsr 1000,Hetero Drugs,Amoxicillin (20 mg),15 tablets,13.4
Azeetab 500,Sanofi India,alprazolam 5mg,1 bottle,396.3
Amoxxr 250,Torrent Pharma,CLOPIDOGREL-20mg,5 ml,550.37
Azeeplus 500,Sanofi India,sertraline(40mg),5 ml,421.08
Cetsol 250,Cipla,Vitamin D3 (1000 mg),10 tablets,401.83
Bruxr 250,Lupin,LEVOTHYROXINE-400mg,15 tablets,
Pancap 1000,Dabur Pharma,atorvastatin 20 mg,6 tablets,71.74
Augsr 40,Alkem Labs,METHYLCOBALAMIN-400mg,30 tablets,177.36
Omesol 250,Himalaya,Clonazepam (5mg),10 tablets,487.53
Cetds 10,Dr Reddy,levocetirizine(200 mg),30 tablets,120.56
Cettab 10,Dabur Pharma,alprazolam 500 mg,10 capsules,261.09
Omesr 500,Intas Pharma,omeprazole(20mg),10 tablets,
Cetplus 250,Hetero Drugs,Glimepiride 200 mg,10 tablets,324.38
Pands 40,Aurobindo Pharma,zinc sulphate 5 mg,10 capsules,535.95
Amoxsol 1000,Glenmark,Losartan (250mg),1 bottle,0.0
Augtab 20,Cipla,doxycycline 400 mg,15 tablets,543.36
Clavtab 20,Wockhardt,Amoxicillin (500 mg),10 capsules,291.43
Doloxr 10,Sanofi India,Cetirizine 500 mg,15 tablets,187.62
Clavxr 40,Alkem Labs,Ibuprofen (500mg),10 capsules,0.0
Cetxr 40,Aurobindo Pharma,Sertraline 500 mg,6 tablets,260.69
Brucin 500,Alkem Labs,zinc sulphate 500 mg,30 tablets,145.36
Metcin 250,Sun Pharma,Gabapentin (200 mg),5 ml,41.54
Cetod 10,Abbott India,levothyroxine(500 mg),30 tablets,291.39
Dolosol 10,GSK India,LOSARTAN-400mg,6 tablets,430.18
Azeeds 250,Torrent Pharma,glimepiride(400mg),30 tablets,39.97
Cetds 500,Dr Reddy,zinc sulphate 40 mg,15 tablets,188.52
Augtab 250,Pfizer India,METOPROLOL-500mg,6 tablets,0.0
Omecin 1000,Intas Pharma,Telmisartan 200  mg,5 ml,
Metxr 500,Cipla,Rabeprazole 1000  mg,15 tablets,398.68
Doloplus 20,Sun Pharma,amoxicillin 400 mg,10 capsules,0.0
Omeds 10,Cipla,Zinc sulphate 10  mg,5 ml,571.86
Clavds 1000,Himalaya,Gabapentin 20  mg,6 tablets,104.23
Amoxtab 500,Torrent Pharma,Aspirin (20mg),5 ml,464.63
Amoxod 250,Torrent Pharma,amoxicillin 200mg,6 tablets,81.59
Augcin 10,Pfizer India,Losartan 40 mg,10 tablets,29.91
Omeplus 20,Cipla,Pregabalin 5 mg,10 capsules,334.46
Metcap 500,GSK India,losartan 200mg,15 tablets,523.77
Dolocin 20,Pfizer India,amoxicillin(40mg),10 capsules,432.68
Panod 500,Hetero Drugs,Losartan (200mg),10 capsules,215.04
Clavforte 40,Alkem Labs,ALPRAZOLAM-1000mg,30 tablets,254.25
Doloforte 10,Dabur Pharma,metoprolol 250mg,5 ml,539.26
Amoxcap 20,Hetero Drugs,GLIMEPIRIDE-250mg,10 tablets,23.12
Bruod 250,Hetero Drugs,alprazolam(5 mg),15 tablets,396.98
Clavds 40,Himalaya,OMEPRAZOLE-1000mg,10 capsules,255.5
Azeeds 10,GSK India,clonazepam(500mg),6 tablets,195.63
Augforte 40,Hetero Drugs,ASPIRIN-250mg,15 tablets,583.66
Azeetab 1000,Hetero Drugs,Levocetirizine (500 mg),10 capsules,394.77
Metxr 40,Zydus Cadila,levocetirizine(400mg),10 capsules,354.18
Bruxr 20,Lupin,glimepiride 250 mg,10 tablets,590.08
Omexr 1000,Sun Pharma,Domperidone 40 mg,15 tablets,461.18
Cettab 500,Wockhardt,Cetirizine (20mg),10 tablets,312.82
Azeesol 40,Aurobindo Pharma,FEXOFENADINE-500mg,6 tablets,181.69
Pantab 40,Dabur Pharma,clopidogrel(200 mg),10 tablets,553.07
Cetcap 40,GSK India,diclofenac 10 mg,6 tablets,461.45
Dolosr 10,Himalaya,Omeprazole (20mg),10 capsules,197.7
Dolocin 20,Intas Pharma,TELMISARTAN-10mg,1 bottle,314.47
Cetcap 250,Aurobindo Pharma,fexofenadine 100mg,30 tablets,489.88
Clavforte 250,Torrent Pharma,doxycycline(10 mg),10 capsules,213.63
Amoxod 250,Mankind Pharma,FLUOXETINE-20mg,30 tablets,555.31
Clavcin 20,Mankind Pharma,doxycycline(400 mg),10 tablets,326.45
Brusr 20,Intas Pharma,IBUPROFEN-500mg,10 capsules,82.7
Omecap 1000,GSK India,Azithromycin 20  mg,30 tablets,441.13
Azeeforte 1000,Glenmark,Omeprazole (400mg),15 tablets,276.45
Azeeforte 500,Wockhardt,Atorvastatin (250 mg),10 tablets,506.13
Brusol 40,Zydus Cadila,AMOXICILLIN-250mg,10 capsules,123.84
Omeds 40,Zydus Cadila,ranitidine 40 mg,15 tablets,0.0
Cetcin 10,Dabur Pharma,atorvastatin(40 mg),15 tablets,415.29
Cetplus 500,Sanofi India,Aspirin 500  mg,6 tablets,526.02
Omesol 250,GSK India,ondansetron(500 mg),30 tablets,578.05
Brutab 500,Abbott India,levocetirizine 20 mg,6 tablets,283.12
Brusol 250,GSK India,Ondansetron 20 mg,10 capsules,180.23
Doloxr 10,Glenmark,levocetirizine(500mg),30 tablets,486.95
Panplus 10,Abbott India,Metformin 200 mg,30 tablets,250.61
Cetod 20,Dabur Pharma,doxycycline(10mg),30 tablets,19.79
Pands 500,Novartis India,omeprazole 250 mg,10 tablets,222.36
Cetforte 1000,Intas Pharma,GABAPENTIN-1000mg,5 ml,252.73
Azeexr 10,Sanofi India,Paracetamol (500mg),10 tablets,
Bruxr 500,Lupin,aspirin 500mg,5 ml,492.43
Pands 20,Wockhardt,atorvastatin(1000mg),10 tablets,552.03
Doloxr 20,Intas Pharma,ondansetron(5mg),5 ml,448.14
Amoxxr 250,GSK India,cetirizine(200mg),1 bottle,139.57
Pansr 40,Abbott India,glimepiride(400 mg),1 bottle,241.04
Brusol 10,Himalaya,CETIRIZINE-20mg,10 tablets,226.93
Cetsol 10,Lupin,Clopidogrel (20mg),10 capsules,359.3
Augplus 10,Abbott India,sertraline(5 mg),10 tablets,192.38
Panplus 40,Wockhardt,levothyroxine(200 mg),5 ml,131.86
Augds 20,Glenmark,FLUOXETINE-250mg,1 bottle,516.32
Pancap 20,Aurobindo Pharma,Cetirizine (10 mg),15 tablets,450.9
Azeesr 500,GSK India,Azithromycin 500 mg,15 tablets,451.4
Amoxds 1000,Intas Pharma,Glimepiride 10 mg,6 tablets,372.14
Clavforte 20,Alkem Labs,metoprolol(100mg),5 ml,365.87
Augcin 1000,Sanofi India,CLOPIDOGREL-20mg,6 tablets,254.45
Omeds 10,Alkem Labs,PARACETAMOL-100mg,6 tablets,203.97
Dolocin 500,Novartis India,pantoprazole 1000mg,15 tablets,170.55
Bruplus 20,Dabur Pharma,vitamin d3 100mg,5 ml,328.28
Amoxod 250,Torrent Pharma,METOPROLOL-10mg,15 tablets,83.01
Amoxod 40,Himalaya,rabeprazole(250 mg),10 capsules,
Cetcap 10,Dabur Pharma,Ciprofloxacin (5mg),15 tablets,525.77
Augforte 1000,Pfizer India,metformin(20mg),1 bottle,304.22
Azeeforte 20,Hetero Drugs,Rabeprazole 1000  mg,30 tablets,54.29
Augsr 40,Wockhardt,PANTOPRAZOLE-200mg,10 capsules,475.07
Dolosr 40,Sun Pharma,FEXOFENADINE-500mg,5 ml,212.83
Pansol 10,Mankind Pharma,domperidone 1000 mg,6 tablets,221.71
Panod 1000,Torrent Pharma,clopidogrel 10mg,10 capsules,27.85
Pansr 20,Cipla,amoxicillin 200mg,10 capsules,382.29
Clavcap 40,Hetero Drugs,Gabapentin (10mg),10 tablets,443.83
Panforte 250,Pfizer India,Levocetirizine (10mg),6 tablets,515.87
Cetod 40,Glenmark,zinc sulphate 250mg,6 tablets,567.03
Azeecap 40,Dr Reddy,Ondansetron (10 mg),15 tablets,165.85
Panplus 1000,Wockhardt,calcium carbonate(5mg),15 tablets,339.85
Omecap 40,Dr Reddy,Omeprazole 200  mg,10 tablets,59.16
Dolosr 250,Alkem Labs,Ibuprofen (40mg),6 tablets,527.3
Amoxcap 1000,Cipla,domperidone 20mg,1 bottle,91.13
Amoxsr 1000,Mankind Pharma,DOMPERIDONE-200mg,30 tablets,62.71
Clavxr 500,Cipla,CLONAZEPAM-20mg,5 ml,326.47
Azeeds 40,Glenmark,ROSUVASTATIN-100mg,6 tablets,478.22
Omeds 40,Torrent Pharma,Losartan 5 mg,10 tablets,381.62
Clavcin 1000,Aurobindo Pharma,levothyroxine(500 mg),6 tablets,423.16
Dolotab 500,GSK India,Paracetamol 40 mg,30 tablets,548.58
Clavod 40,Dabur Pharma,Ranitidine 250 mg,1 bottle,265.5
Bruplus 250,Glenmark,losartan(500 mg),1 bottle,582.69
Amoxod 10,Wockhardt,Alprazolam 10 mg,5 ml,359.1
Cetcap 40,Himalaya,MONTELUKAST-5mg,5 ml,205.22
Cetsr 250,Pfizer India,montelukast 20mg,1 bottle,397.9
Metxr 250,Abbott India,MONTELUKAST-1000mg,5 ml,436.69
Omesr 20,Mankind Pharma,Esomeprazole 250 mg,30 tablets,414.58
Cetforte 500,Lupin,RABEPRAZOLE-20mg,1 bottle,244.73
Augod 250,Dr Reddy,fexofenadine(1000 mg),30 tablets,139.24
Panod 20,Sanofi India,esomeprazole 500 mg,5 ml,453.0
Amoxxr 250,Cipla,AMLODIPINE-40mg,15 tablets,209.04
Amoxxr 500,GSK India,Glimepiride 100 mg,10 tablets,104.82
Brucin 500,Lupin,tramadol 1000mg,6 tablets,196.86
Panplus 10,Aurobindo Pharma,Tramadol 250 mg,1 bottle,161.12
Dolods 1000,GSK India,diclofenac 5 mg,6 tablets,74.11
Clavplus 500,Sun Pharma,RABEPRAZOLE-1000mg,30 tablets,312.82
Omesr 10,Intas Pharma,Fexofenadine 500 mg,10 tablets,225.33
Pands 1000,Intas Pharma,losartan 10 mg,5 ml,
Dolocin 20,Dabur Pharma,Levothyroxine (100mg),10 tablets,445.3
Amoxforte 10,GSK India,CETIRIZINE-20mg,1 bottle,415.88
Doloforte 250,Cipla,Clonazepam 200  mg,10 tablets,94.88
Amoxxr 10,Dr Reddy,cetirizine(1000 mg),30 tablets,21.25
Amoxplus 20,Alkem Labs,Omeprazole (10 mg),10 capsules,312.31
Bruplus 40,GSK India,metformin(500 mg),15 tablets,415.81
Panxr 500,Intas Pharma,AMOXICILLIN-1000mg,30 tablets,19.08
Metsol 250,Glenmark,telmisartan(20 mg),10 tablets,427.73
Clavforte 20,Wockhardt,calcium carbonate(20 mg),6 tablets,
Augsr 500,Pfizer India,clopidogrel 250 mg,15 tablets,323.09
Augds 1000,Dr Reddy,ondansetron(500mg),6 tablets,57.19
Augcin 500,Pfizer India,montelukast 100mg,6 tablets,377.92
Augsol 10,Intas Pharma,Fexofenadine (10 mg),10 capsules,553.34
Omeod 1000,Alkem Labs,Azithromycin 10 mg,15 tablets,113.74
Metxr 20,Hetero Drugs,Ondansetron 400  mg,5 ml,173.1
Metxr 10,Novartis India,levothyroxine(5 mg),1 bottle,456.04
Azeeforte 10,Intas Pharma,Pantoprazole 40 mg,10 tablets,396.46
Panod 500,Wockhardt,Vitamin d3 10  mg,15 tablets,90.03
Clavsol 500,Sun Pharma,Calcium carbonate 200  mg,30 tablets,345.03
Azeesol 500,Aurobindo Pharma,esomeprazole(250mg),10 capsules,279.0
Omecin 500,Zydus Cadila,sertraline 5mg,30 tablets,349.94
Omeod 1000,Pfizer India,DICLOFENAC-400mg,10 capsules,524.27
Azeesr 10,Wockhardt,Atorvastatin (250mg),5 ml,49.66
Pansr 10,Novartis India,gabapentin(10mg),6 tablets,0.0
Azeesr 10,Aurobindo Pharma,ondansetron 500mg,6 tablets,474.15
Dolocap 500,Hetero Drugs,VITAMIN D3-10mg,1 bottle,478.97
Amoxforte 1000,Abbott India,Atorvastatin 20  mg,5 ml,416.0
Cetcap 20,Dabur Pharma,losartan 200 mg,10 tablets,178.75
Amoxsr 40,Mankind Pharma,esomeprazole 100mg,10 capsules,268.4
Bruplus 40,Intas Pharma,amlodipine(20mg),5 ml,142.93
Azeeds 10,Torrent Pharma,Metoprolol (200 mg),30 tablets,290.37
Doloxr 10,Glenmark,metoprolol(200 mg),10 capsules,391.84
Metplus 500,Dr Reddy,Sertraline (1000 mg),30 tablets,140.79
Clavcin 40,GSK India,azithromycin 5mg,1 bottle,508.68
Omeforte 20,Cipla,ciprofloxacin 5mg,1 bottle,47.78
Azeesol 500,Pfizer India,Gabapentin (1000mg),10 capsules,159.59
Clavplus 20,Mankind Pharma,Aspirin 400 mg,10 tablets,172.27
Metsol 500,Intas Pharma,atorvastatin(20mg),10 tablets,354.72
Augtab 10,Dr Reddy,gabapentin 500mg,15 tablets,57.36
Clavxr 250,Himalaya,doxycycline 40 mg,10 tablets,434.23
Bruod 1000,Torrent Pharma,Vitamin D3 (20 mg),5 ml,299.62
Azeesol 1000,Torrent Pharma,alprazolam 100mg,5 ml,170.97
Dolods 10,GSK India,DICLOFENAC-10mg,10 tablets,301.51
Azeecap 500,Glenmark,Montelukast 10 mg,6 tablets,469.04
Omeplus 20,Sanofi India,alprazolam 100mg,1 bottle,132.49
Cetforte 20,Mankind Pharma,DOMPERIDONE-1000mg,10 capsules,588.84
Amoxforte 500,GSK India,telmisartan 400mg,5 ml,189.29
Bruxr 250,Wockhardt,levothyroxine 20 mg,10 capsules,459.24
Metsol 40,Torrent Pharma,Rosuvastatin 20 mg,10 tablets,432.27
Azeesol 500,Glenmark,Levothyroxine 10  mg,10 capsules,373.59
Augod 10,Glenmark,ATORVASTATIN-400mg,6 tablets,571.61
Clavxr 250,Torrent Pharma,RABEPRAZOLE-40mg,10 capsules,68.05
Cettab 1000,Lupin,esomeprazole 20 mg,1 bottle,586.49
Azeetab 10,Himalaya,metoprolol 200 mg,15 tablets,153.17
Pancap 250,Intas Pharma,losartan(400 mg),6 tablets,523.47
Augsol 10,Mankind Pharma,ESOMEPRAZOLE-20mg,30 tablets,222.42
Omexr 10,Sun Pharma,losartan(200mg),15 tablets,242.61
Clavxr 250,Hetero Drugs,clonazepam(500mg),10 tablets,576.19
Ometab 20,Himalaya,gabapentin 40 mg,30 tablets,62.55
Clavsol 250,Himalaya,Pantoprazole (5 mg),1 bottle,462.13
Clavforte 10,Dr Reddy,diclofenac 20mg,15 tablets,320.41
Panod 10,Himalaya,Fexofenadine 250 mg,30 tablets,19.17
Augsol 20,Glenmark,losartan(400mg),10 capsules,555.81
Amoxcap 250,Zydus Cadila,METHYLCOBALAMIN-20mg,15 tablets,23.52
Dolosol 40,Dr Reddy,amlodipine 400 mg,30 tablets,131.61
Cetsr 250,Hetero Drugs,TELMISARTAN-400mg,10 tablets,501.82
Brusol 500,Pfizer India,Doxycycline (1000 mg),1 bottle,464.42
Cetsol 250,Sanofi India,ranitidine(5 mg),10 tablets,564.89
Azeeforte 10,Alkem Labs,LEVOTHYROXINE-10mg,10 tablets,159.13
Omeforte 1000,Aurobindo Pharma,Paracetamol 1000  mg,5 ml,567.87
Panplus 40,Aurobindo Pharma,Montelukast (400mg),1 bottle,391.24
Azeecap 500,Sun Pharma,aspirin(40mg),15 tablets,419.48
Cetxr 500,Dabur Pharma,doxycycline 100mg,1 bottle,111.39
Augsol 1000,Mankind Pharma,Ranitidine (500 mg),10 tablets,246.96
Pansr 250,Sun Pharma,Zinc Sulphate (250 mg),30 tablets,443.09
Cettab 250,Sanofi India,gabapentin(1000 mg),15 tablets,214.41
Azeesr 500,Pfizer India,Atorvastatin 10 mg,1 bottle,
Azeeforte 20,Zydus Cadila,sertraline 40 mg,30 tablets,403.71
Cetcap 500,Abbott India,METHYLCOBALAMIN-5mg,10 capsules,398.25
Cetplus 1000,Abbott India,GLIMEPIRIDE-10mg,30 tablets,428.59
Bruforte 40,Zydus Cadila,clonazepam 200 mg,30 tablets,93.97
Cetcin 500,Mankind Pharma,RABEPRAZOLE-500mg,10 tablets,103.84
Augsol 10,Himalaya,SERTRALINE-500mg,1 bottle,375.82
Amoxforte 10,Glenmark,telmisartan 5 mg,15 tablets,465.03
Doloxr 40,Dr Reddy,clopidogrel 5 mg,5 ml,23.05
Amoxcap 1000,Novartis India,Tramadol (10mg),6 tablets,189.76
Azeesol 500,Aurobindo Pharma,OMEPRAZOLE-5mg,5 ml,
Azeeds 250,Zydus Cadila,rosuvastatin(5 mg),10 capsules,481.75
Cetod 500,Mankind Pharma,clonazepam 40mg,10 tablets,507.2
Bruplus 10,Torrent Pharma,ZINC SULPHATE-10mg,10 tablets,541.37
Omeplus 40,Intas Pharma,TRAMADOL-250mg,10 tablets,337.01
Cetsr 500,Wockhardt,Zinc Sulphate (1000mg),15 tablets,460.64
Clavsol 500,Wockhardt,ASPIRIN-1000mg,1 bottle,501.92
Clavcap 500,Lupin,Telmisartan 20 mg,6 tablets,270.48
Omeod 10,Intas Pharma,paracetamol(10mg),10 capsules,145.45
Doloplus 250,Dr Reddy,GABAPENTIN-20mg,5 ml,233.85
Augplus 500,Mankind Pharma,tramadol(10 mg),6 tablets,317.52
Bruxr 250,GSK India,CALCIUM CARBONATE-500mg,5 ml,385.73
Amoxforte 250,Glenmark,telmisartan(200mg),1 bottle,15.65
Amoxtab 40,Himalaya,VITAMIN D3-40mg,1 bottle,296.81
Omeod 40,Cipla,Calcium carbonate 5  mg,10 capsules,572.81
Brucin 1000,Dabur Pharma,aspirin(500 mg),1 bottle,391.08
Pansol 20,Wockhardt,Clonazepam 500 mg,6 tablets,115.0
Amoxforte 40,Pfizer India,Glimepiride (10 mg),5 ml,211.68
Amoxcap 500,Pfizer India,diclofenac 500mg,6 tablets,338.62
Omeforte 1000,GSK India,ONDANSETRON-500mg,5 ml,372.91
Omexr 1000,Lupin,ciprofloxacin 250 mg,6 tablets,376.11
Augforte 500,Hetero Drugs,Domperidone 200 mg,30 tablets,575.91
Azeeds 500,Novartis India,vitamin d3(100mg),30 tablets,243.6
Dolods 1000,Zydus Cadila,omeprazole 1000 mg,6 tablets,242.88
Augcin 500,Glenmark,Glimepiride (200 mg),15 tablets,332.41
Augsol 500,Abbott India,FLUOXETINE-400mg,15 tablets,
Azeeod 500,Wockhardt,Zinc sulphate 40  mg,10 capsules,252.1
Amoxxr 1000,Hetero Drugs,methylcobalamin 1000 mg,5 ml,223.79
Metds 20,Zydus Cadila,Gabapentin (500 mg),30 tablets,84.23
Clavsol 40,Glenmark,alprazolam(40 mg),10 tablets,214.22
Pansr 20,Himalaya,ciprofloxacin 20 mg,5 ml,267.22
Panforte 10,Pfizer India,pantoprazole(250mg),10 capsules,521.61
Panod 10,Torrent Pharma,atorvastatin(200mg),6 tablets,263.05
Amoxforte 500,Intas Pharma,Ondansetron 5 mg,10 capsules,345.36
Panod 250,Glenmark,metoprolol(400 mg),5 ml,429.57
Cetsol 500,Wockhardt,atorvastatin(1000mg),6 tablets,588.03
Ometab 10,Lupin,Ranitidine 250 mg,30 tablets,347.81
Dolocap 250,Zydus Cadila,Levocetirizine 1000  mg,5 ml,192.23
Brusol 500,Mankind Pharma,Losartan (40 mg),30 tablets,215.91
Clavcin 20,Torrent Pharma,diclofenac(10mg),10 tablets,43.01
Amoxcin 20,Glenmark,Clonazepam (250mg),1 bottle,341.51
Dolotab 40,Novartis India,DOMPERIDONE-40mg,15 tablets,548.27
Augcin 20,Zydus Cadila,diclofenac(40mg),5 ml,30.95
Cetod 20,Lupin,azithromycin 100mg,30 tablets,107.09
Brusr 250,Novartis India,Metoprolol 250  mg,5 ml,403.87
Brucin 1000,Alkem Labs,Metoprolol 400 mg,5 ml,42.71
Dolods 20,Dr Reddy,vitamin d3(10mg),6 tablets,348.45
Augsol 1000,Glenmark,gabapentin 5mg,15 tablets,566.99
Dolods 10,GSK India,Omeprazole (40 mg),10 tablets,368.92
Omeplus 20,Cipla,glimepiride(500mg),15 tablets,450.73
Amoxxr 500,Sun Pharma,levothyroxine(500mg),10 tablets,216.25
Dolocin 500,Mankind Pharma,fexofenadine(5 mg),10 capsules,66.4
Clavod 250,GSK India,LEVOTHYROXINE-1000mg,15 tablets,34.78
Dolocap 10,Abbott India,Azithromycin (100mg),6 tablets,497.33
Clavplus 10,Dabur Pharma,AMOXICILLIN-20mg,15 tablets,410.79
Panxr 10,Wockhardt,montelukast 5mg,6 tablets,231.26
Brucin 40,Sun Pharma,fluoxetine(200mg),6 tablets,462.14
Augtab 500,Mankind Pharma,Atorvastatin (10mg),5 ml,325.87
Clavplus 250,Intas Pharma,ondansetron(100mg),30 tablets,458.51
Cetds 250,GSK India,domperidone(1000mg),15 tablets,285.62
Bruod 1000,Dr Reddy,Rabeprazole (40mg),15 tablets,267.36
Dolocin 20,Alkem Labs,AMOXICILLIN-5mg,6 tablets,16.41
Panxr 10,Pfizer India,losartan 40mg,15 tablets,98.63
Augtab 500,Pfizer India,ranitidine 5mg,10 tablets,364.18
Omexr 20,Lupin,Pregabalin (250 mg),6 tablets,324.29
Metcin 10,Zydus Cadila,Levothyroxine (500 mg),10 tablets,0.0
Panod 20,Abbott India,Rabeprazole (200 mg),5 ml,51.76
Augsol 40,Dabur Pharma,methylcobalamin 1000 mg,1 bottle,298.41
Dolosol 500,Pfizer India,TRAMADOL-40mg,10 capsules,177.82
Panxr 1000,Hetero Drugs,RABEPRAZOLE-200mg,6 tablets,93.24
Dolosol 10,Zydus Cadila,Gabapentin 400 mg,5 ml,257.32
Doloxr 500,Hetero Drugs,Diclofenac 1000  mg,30 tablets,436.2
Augds 10,Dabur Pharma,DOMPERIDONE-200mg,30 tablets,229.89
Clavxr 250,Pfizer India,sertraline(10mg),30 tablets,126.05
Pansol 10,Mankind Pharma,Rabeprazole 5  mg,1 bottle,343.9
Metcap 10,Himalaya,Methylcobalamin 20 mg,5 ml,195.36
Pantab 250,Dabur Pharma,fluoxetine(250 mg),10 capsules,0.0
Metcap 500,Glenmark,Metformin (250 mg),30 tablets,190.08
Cetplus 1000,GSK India,Levothyroxine 200  mg,30 tablets,68.09
Clavxr 500,Lupin,Metoprolol 40 mg,10 capsules,340.51
Omecin 500,Zydus Cadila,Telmisartan (400mg),1 bottle,529.1
Clavcap 10,Pfizer India,ibuprofen 200 mg,10 capsules,537.24
Omecap 500,Dr Reddy,methylcobalamin 500 mg,30 tablets,377.43
Omeforte 20,Intas Pharma,azithromycin 5mg,6 tablets,590.27
Amoxsol 20,Hetero Drugs,VITAMIN D3-10mg,5 ml,173.91
Metplus 1000,Cipla,FLUOXETINE-250mg,6 tablets,273.77
Cetod 250,Novartis India,tramadol 1000mg,10 tablets,0.0
Panplus 40,Aurobindo Pharma,Rabeprazole 5 mg,1 bottle,230.08
Amoxds 500,Zydus Cadila,fexofenadine 10 mg,30 tablets,297.39
Cettab 500,Lupin,omeprazole(250 mg),10 tablets,52.05
Panforte 20,Sun Pharma,Aspirin (1000mg),6 tablets,49.67
Pancap 500,Dabur Pharma,Tramadol (250 mg),10 tablets,551.46
Pantab 10,Abbott India,Omeprazole 250 mg,15 tablets,197.68
Amoxod 250,Mankind Pharma,domperidone(40 mg),1 bottle,269.97
Mettab 40,Novartis India,DOMPERIDONE-200mg,10 capsules,458.91
Clavxr 20,Himalaya,Ciprofloxacin 40 mg,30 tablets,387.23
Amoxplus 500,Sun Pharma,rosuvastatin(400mg),6 tablets,46.27
Omeforte 20,Pfizer India,Metformin (10 mg),10 tablets,464.66
Dolosr 1000,Torrent Pharma,calcium carbonate(1000mg),6 tablets,447.38
Clavcap 250,Alkem Labs,fluoxetine(250 mg),15 tablets,416.99
Cetcap 40,Pfizer India,Levothyroxine 1000  mg,1 bottle,
Dolocin 10,Zydus Cadila,Amlodipine 250  mg,1 bottle,476.49
Brusr 500,Lupin,VITAMIN D3-40mg,10 tablets,168.37
Metsr 20,Torrent Pharma,pantoprazole(100mg),15 tablets,436.45
Omeforte 40,Hetero Drugs,Pantoprazole (40 mg),10 tablets,290.21
Amoxcap 1000,GSK India,Fluoxetine 5 mg,10 tablets,381.23
Dolocap 1000,Intas Pharma,azithromycin(20mg),30 tablets,
Metforte 40,Alkem Labs,ESOMEPRAZOLE-10mg,30 tablets,550.12
Metcap 1000,Glenmark,pregabalin(250 mg),6 tablets,470.7
Augcin 1000,GSK India,VITAMIN D3-400mg,10 capsules,310.49
Augod 40,Sanofi India,Zinc Sulphate (250 mg),1 bottle,165.48
Metsol 40,Cipla,telmisartan 20mg,1 bottle,9.81
Dolood 20,Glenmark,pregabalin 20mg,1 bottle,126.43
Metds 20,Cipla,calcium carbonate 10mg,6 tablets,175.21
Amoxcin 250,Alkem Labs,paracetamol 100mg,15 tablets,393.77
Cetod 10,Aurobindo Pharma,Tramadol 20 mg,10 capsules,457.01
Cetod 500,Pfizer India,telmisartan(5mg),30 tablets,0.0
Cetforte 40,GSK India,metformin(250 mg),30 tablets,0.0
Clavcin 40,Mankind Pharma,Fexofenadine 250  mg,30 tablets,175.48
Omecap 500,GSK India,ALPRAZOLAM-500mg,10 tablets,68.53
Bruforte 250,Glenmark,omeprazole 500 mg,10 tablets,299.53
Metsr 500,Dr Reddy,ondansetron(20mg),5 ml,76.23
Metsr 250,Sun Pharma,aspirin(500mg),10 tablets,32.97
Brucin 20,Glenmark,amlodipine 5 mg,1 bottle,461.2
Clavcin 500,Cipla,Levocetirizine (400 mg),15 tablets,143.87
Cetxr 500,Sanofi India,omeprazole 200 mg,5 ml,0.0
Azeexr 500,Novartis India,zinc sulphate 100mg,30 tablets,502.21
Amoxsr 250,Aurobindo Pharma,domperidone 250 mg,10 tablets,271.76
Brutab 40,Lupin,ONDANSETRON-5mg,10 tablets,560.39
Augcin 40,Intas Pharma,montelukast(5mg),30 tablets,378.66
Pansol 500,Sun Pharma,losartan(5mg),30 tablets,517.33
Cetsr 10,Aurobindo Pharma,Rabeprazole 250  mg,10 capsules,340.01
Panod 250,Lupin,aspirin(1000mg),10 tablets,515.44
Omecin 1000,Himalaya,Montelukast 20  mg,15 tablets,135.46
Panplus 250,Wockhardt,esomeprazole 1000mg,6 tablets,539.92
Pantab 250,GSK India,Doxycycline (10mg),15 tablets,437.09
Clavsr 250,Sun Pharma,pregabalin 200mg,6 tablets,441.01
Augxr 500,GSK India,Rabeprazole (250mg),1 bottle,583.96
Amoxcin 40,GSK India,atorvastatin 200mg,15 tablets,169.0
Bruds 40,Himalaya,Diclofenac (250mg),5 ml,297.21
Dolosr 10,Dr Reddy,metformin 100mg,10 capsules,330.4
Doloxr 500,Glenmark,PREGABALIN-400mg,6 tablets,351.49
Doloxr 250,Novartis India,Glimepiride 20 mg,1 bottle,364.47
Cetcin 1000,Novartis India,Rosuvastatin 20  mg,5 ml,307.76
Clavcap 500,Mankind Pharma,calcium carbonate(250 mg),5 ml,496.21
Omeod 250,Cipla,azithromycin(5 mg),10 capsules,158.79
Dolods 10,Lupin,Ciprofloxacin 250  mg,30 tablets,317.69
Augcap 40,Abbott India,Rosuvastatin (10 mg),6 tablets,
Amoxsol 10,Zydus Cadila,Alprazolam 10 mg,10 tablets,187.29
Omesol 500,Sun Pharma,Domperidone (250mg),30 tablets,497.97
Brucin 40,Hetero Drugs,Diclofenac 10 mg,6 tablets,361.76
Clavod 250,Himalaya,montelukast(10 mg),1 bottle,410.04
Bruds 250,GSK India,rosuvastatin 250mg,5 ml,258.24
Omesr 1000,Cipla,Fluoxetine 250 mg,1 bottle,329.89
Clavsr 250,Glenmark,Cetirizine 20  mg,15 tablets,199.14
Pancap 20,Wockhardt,diclofenac(5mg),10 tablets,518.73
Amoxod 10,Mankind Pharma,diclofenac(1000mg),1 bottle,482.37
Cetsr 1000,Sanofi India,Losartan (200 mg),1 bottle,0.0
Cettab 500,Lupin,Calcium carbonate 250  mg,6 tablets,293.43
Metforte 40,Intas Pharma,Ranitidine (1000 mg),15 tablets,353.47
Clavod 250,Zydus Cadila,AZITHROMYCIN-10mg,15 tablets,267.35
Brusr 250,Novartis India,ibuprofen 5 mg,10 tablets,173.11
Bruds 500,Hetero Drugs,atorvastatin 1000mg,1 bottle,544.72
Metsr 40,Mankind Pharma,pantoprazole(1000mg),6 tablets,597.94
Azeecin 500,Wockhardt,atorvastatin(40mg),10 tablets,127.85
Pantab 20,Cipla,ondansetron 250mg,10 capsules,
Metsol 40,GSK India,AMLODIPINE-250mg,5 ml,289.06
Cetds 500,Dr Reddy,rabeprazole(400 mg),15 tablets,517.82
Bruforte 500,Abbott India,ATORVASTATIN-200mg,6 tablets,498.16
Doloxr 10,Sun Pharma,Amoxicillin 250  mg,15 tablets,367.01
Cetsol 20,Sanofi India,amlodipine(40 mg),1 bottle,316.59
Omecap 40,Dr Reddy,Calcium carbonate 250 mg,10 capsules,31.65
Amoxsr 20,Dabur Pharma,clopidogrel(100mg),30 tablets,296.77
Clavcap 10,Dabur Pharma,vitamin d3(400 mg),6 tablets,207.55
Amoxplus 1000,Dr Reddy,gabapentin(5 mg),30 tablets,359.9
Amoxsol 1000,Alkem Labs,levothyroxine(400mg),30 tablets,314.46
Amoxsol 40,Zydus Cadila,fexofenadine(5mg),5 ml,414.1
Omeplus 40,Sanofi India,doxycycline(20 mg),15 tablets,154.24
Brusr 40,Hetero Drugs,Clopidogrel 40 mg,15 tablets,168.28
Omexr 20,Dr Reddy,metoprolol(200mg),30 tablets,0.0
Clavplus 20,Pfizer India,Domperidone 200 mg,10 capsules,343.93
Bruxr 1000,Lupin,fexofenadine(40 mg),1 bottle,78.71
Azeeds 1000,Torrent Pharma,Metformin (500mg),10 tablets,83.43
Pantab 1000,Himalaya,Fexofenadine (5mg),10 tablets,586.29
Clavplus 20,Dabur Pharma,ASPIRIN-400mg,10 capsules,
Brusol 20,Mankind Pharma,VITAMIN D3-250mg,5 ml,372.85
Metxr 500,Lupin,Zinc sulphate 200 mg,10 tablets,151.28
Amoxxr 20,Sun Pharma,Ciprofloxacin (200mg),15 tablets,517.65
Augsr 500,Wockhardt,Ciprofloxacin (10mg),6 tablets,445.59
Augxr 20,Torrent Pharma,rabeprazole(250mg),15 tablets,0.0
Dolocap 40,Dabur Pharma,Alprazolam 1000  mg,15 tablets,53.8
Doloxr 1000,Alkem Labs,PANTOPRAZOLE-1000mg,30 tablets,155.27
Omesr 40,Himalaya,Calcium Carbonate (40 mg),15 tablets,481.66
Augxr 250,Wockhardt,Rabeprazole 250 mg,6 tablets,266.92
Clavds 20,Mankind Pharma,LOSARTAN-40mg,15 tablets,
Cettab 20,Abbott India,Rabeprazole (500 mg),10 tablets,0.0
Amoxcap 10,Pfizer India,omeprazole 5 mg,15 tablets,172.88
Omeod 250,Dr Reddy,montelukast(40mg),15 tablets,346.98
Cetsol 250,GSK India,ranitidine(100mg),1 bottle,486.18
Omesr 20,Mankind Pharma,atorvastatin 10mg,10 capsules,458.43
Cetplus 20,Glenmark,Ranitidine (400mg),5 ml,489.48
Cetcap 500,Cipla,ONDANSETRON-20mg,1 bottle,518.12
Omesol 500,Pfizer India,TELMISARTAN-20mg,15 tablets,386.96
Azeesr 40,Intas Pharma,Rabeprazole (20mg),1 bottle,454.52
Clavod 40,Hetero Drugs,clonazepam(20 mg),5 ml,503.88
Pansol 250,GSK India,levocetirizine(40mg),15 tablets,363.08
Dolocin 1000,Aurobindo Pharma,Calcium carbonate 10  mg,30 tablets,296.44
Amoxxr 500,Zydus Cadila,metoprolol(20 mg),6 tablets,92.25
Augforte 500,Pfizer India,Losartan 40  mg,6 tablets,282.27
Dolosr 10,Hetero Drugs,metoprolol 10mg,10 tablets,533.13
Pansr 250,Novartis India,glimepiride(500 mg),1 bottle,216.67
Azeeplus 250,Zydus Cadila,Pantoprazole (250mg),6 tablets,22.61
Clavsr 1000,Glenmark,Ibuprofen 20  mg,5 ml,376.09
Augxr 20,Pfizer India,Clonazepam (200 mg),5 ml,29.4
Bruforte 40,Zydus Cadila,Methylcobalamin (5 mg),5 ml,430.85
Bruplus 10,Dr Reddy,METOPROLOL-20mg,10 capsules,0.0
Metxr 500,Wockhardt,PARACETAMOL-20mg,10 capsules,260.73
Panplus 40,Mankind Pharma,Doxycycline (250mg),5 ml,293.74
Augforte 20,Dr Reddy,Pantoprazole (40 mg),6 tablets,438.93
Doloforte 20,Novartis India,losartan(200 mg),5 ml,100.11
Panxr 10,Abbott India,clonazepam(200mg),15 tablets,169.14
Amoxtab 500,Intas Pharma,ondansetron(500mg),5 ml,336.57
Azeeds 1000,Lupin,ASPIRIN-20mg,6 tablets,252.29
Augtab 1000,Mankind Pharma,MONTELUKAST-1000mg,10 capsules,0.0
Panforte 1000,Wockhardt,ONDANSETRON-10mg,1 bottle,77.99
Brusol 1000,Alkem Labs,fluoxetine(1000 mg),1 bottle,152.0
Ometab 250,Aurobindo Pharma,calcium carbonate(250 mg),5 ml,56.73
Pansr 500,Zydus Cadila,Fexofenadine (40 mg),10 tablets,27.35
Amoxforte 250,Cipla,Rosuvastatin (200 mg),15 tablets,31.05
Augtab 1000,Mankind Pharma,ZINC SULPHATE-250mg,1 bottle,359.28
Clavplus 500,Dr Reddy,ZINC SULPHATE-100mg,1 bottle,388.93
Dolocap 40,Cipla,calcium carbonate 400mg,1 bottle,287.81
Metplus 40,Wockhardt,Montelukast 100 mg,5 ml,201.35
Omecap 250,Cipla,Metoprolol (500mg),10 capsules,598.95
Augxr 10,Himalaya,glimepiride 250 mg,15 tablets,80.59
Panforte 500,Alkem Labs,pregabalin 200 mg,1 bottle,239.35
Bruforte 10,GSK India,LOSARTAN-1000mg,1 bottle,86.68
Cetplus 10,Mankind Pharma,fexofenadine(250 mg),10 tablets,63.18
Augplus 500,Sanofi India,AMOXICILLIN-20mg,10 capsules,434.7
Pantab 10,Hetero Drugs,esomeprazole(250 mg),30 tablets,464.77
Bruds 20,Torrent Pharma,metoprolol(250 mg),10 capsules,370.58
Azeesr 250,Novartis India,amoxicillin(20 mg),30 tablets,0.0
Clavod 500,Wockhardt,Vitamin d3 1000 mg,1 bottle,554.47
Clavplus 10,Abbott India,Losartan (100mg),6 tablets,165.1
Pantab 1000,Sun Pharma,Diclofenac 400 mg,1 bottle,324.87
Pansr 20,Dabur Pharma,ibuprofen 5 mg,6 tablets,134.34
Dolocap 20,Novartis India,Azithromycin 400 mg,6 tablets,0.0
Pantab 500,Abbott India,fexofenadine 1000mg,1 bottle,559.2
Metcap 1000,Mankind Pharma,Glimepiride 200 mg,1 bottle,65.78
Omecin 500,Dr Reddy,Gabapentin (400 mg),15 tablets,47.06
Omeds 20,Pfizer India,Telmisartan (40mg),30 tablets,283.46
Cetxr 500,Dr Reddy,telmisartan 1000mg,30 tablets,
Dolocap 20,Mankind Pharma,Zinc Sulphate (1000mg),15 tablets,490.61
Brutab 20,Aurobindo Pharma,rosuvastatin 250mg,5 ml,467.31
Metsr 20,Dr Reddy,zinc sulphate(40 mg),6 tablets,464.34
Panod 1000,Pfizer India,Domperidone (500mg),15 tablets,18.14
Augtab 500,Glenmark,Clopidogrel (10 mg),5 ml,507.07
Azeeds 40,GSK India,AZITHROMYCIN-200mg,1 bottle,458.86
Bruplus 250,Novartis India,levothyroxine 400mg,5 ml,0.0
Amoxforte 10,Aurobindo Pharma,montelukast 20mg,15 tablets,588.94
Panplus 1000,Wockhardt,fluoxetine 100mg,10 tablets,117.39
Amoxforte 1000,Lupin,clonazepam 10mg,10 tablets,533.94
Azeeds 250,Torrent Pharma,Omeprazole (400mg),30 tablets,488.45
Brucin 1000,Intas Pharma,gabapentin(100mg),10 tablets,551.95
Clavcin 250,Dr Reddy,TELMISARTAN-500mg,10 tablets,0.0
Cetod 20,Lupin,esomeprazole(1000 mg),30 tablets,537.85
Metcap 500,Sun Pharma,Ranitidine (200 mg),1 bottle,444.81
Clavsol 10,Sanofi India,Aspirin (10 mg),30 tablets,0.0
Dolocap 10,Sanofi India,DOXYCYCLINE-1000mg,30 tablets,584.44
Bruplus 40,Lupin,telmisartan(400mg),6 tablets,0.0
Amoxcap 20,Alkem Labs,azithromycin(1000 mg),6 tablets,117.14
Pantab 40,Abbott India,Aspirin (20mg),15 tablets,241.67
Omecin 10,Alkem Labs,Azithromycin (200 mg),6 tablets,71.32
Azeeplus 10,Wockhardt,azithromycin 500 mg,1 bottle,400.57
Augplus 10,Abbott India,RABEPRAZOLE-500mg,1 bottle,0.0
Augds 1000,Cipla,Tramadol (40mg),6 tablets,128.67
Pansr 20,Wockhardt,GLIMEPIRIDE-200mg,5 ml,46.65
Augxr 1000,Torrent Pharma,CIPROFLOXACIN-20mg,5 ml,102.99
Azeeds 40,Aurobindo Pharma,Ibuprofen 400 mg,15 tablets,560.91
Azeeplus 40,Torrent Pharma,Clonazepam (200mg),5 ml,247.0
Metds 20,Torrent Pharma,cetirizine 400mg,5 ml,348.05
Dolods 10,Zydus Cadila,Fluoxetine (5 mg),10 tablets,0.0
Bruplus 40,Intas Pharma,Domperidone (40mg),6 tablets,484.32
Brusr 20,Hetero Drugs,calcium carbonate(200 mg),10 tablets,124.19
Dolosr 500,Abbott India,Clopidogrel 500  mg,10 capsules,263.05
Pansol 10,Abbott India,CETIRIZINE-200mg,1 bottle,252.12
Metsol 1000,Abbott India,PREGABALIN-20mg,6 tablets,65.34
Mettab 1000,Himalaya,levocetirizine 10mg,1 bottle,554.75
Amoxds 500,Cipla,LOSARTAN-400mg,1 bottle,
Omeds 20,Glenmark,Fluoxetine 5 mg,10 tablets,
Cetcin 40,Novartis India,Rosuvastatin 500  mg,6 tablets,
Pancap 500,Mankind Pharma,TELMISARTAN-5mg,15 tablets,497.75
Pantab 40,Dabur Pharma,METFORMIN-20mg,15 tablets,548.05
Cetsr 10,Dr Reddy,MONTELUKAST-10mg,5 ml,12.51
Omecap 10,Mankind Pharma,Levocetirizine (10mg),15 tablets,72.2
Clavforte 10,Sanofi India,telmisartan(5 mg),10 capsules,101.18
Clavsr 1000,Wockhardt,Methylcobalamin 5 mg,15 tablets,194.91
Azeesr 250,Intas Pharma,Ibuprofen 5 mg,1 bottle,525.84
Augxr 40,Lupin,metformin(400mg),10 capsules,351.75
Cetsol 250,Abbott India,clonazepam(40mg),5 ml,308.98
Azeeds 250,Dr Reddy,aspirin(400 mg),30 tablets,161.72
Metcap 500,GSK India,Ranitidine 500 mg,5 ml,421.68
Dolosr 500,Novartis India,Diclofenac 1000 mg,10 tablets,411.35
Pantab 1000,Sun Pharma,Amoxicillin (250mg),5 ml,105.63
Omesr 20,GSK India,OMEPRAZOLE-1000mg,5 ml,0.0
Brutab 20,Hetero Drugs,CALCIUM CARBONATE-250mg,30 tablets,390.2
Clavds 10,Dabur Pharma,OMEPRAZOLE-400mg,6 tablets,178.01
Panforte 10,Sanofi India,metoprolol 40mg,10 capsules,285.57
Bruforte 40,Torrent Pharma,Amoxicillin (500mg),15 tablets,210.16
Omesol 10,Aurobindo Pharma,Clonazepam 20 mg,10 capsules,96.37
Cetod 10,Hetero Drugs,Levothyroxine (500 mg),30 tablets,
Bruod 20,Alkem Labs,Sertraline 500 mg,15 tablets,338.49
Panplus 250,Zydus Cadila,IBUPROFEN-5mg,10 tablets,557.46
Panplus 40,Sanofi India,clonazepam(10mg),6 tablets,442.1
Metxr 40,Abbott India,Pregabalin 40  mg,10 capsules,460.2
Bruod 40,Dr Reddy,TELMISARTAN-400mg,15 tablets,182.73
Metxr 40,Mankind Pharma,montelukast 10 mg,10 tablets,85.26
Amoxtab 10,Intas Pharma,Fexofenadine (5mg),5 ml,525.08
Amoxcin 500,Hetero Drugs,rabeprazole 40mg,5 ml,246.74
Pantab 10,Intas Pharma,CLOPIDOGREL-400mg,15 tablets,231.34
Pansol 40,Sanofi India,glimepiride(5 mg),10 capsules,72.51
Cetsr 20,Glenmark,clonazepam 40mg,6 tablets,500.4
Metsol 500,Intas Pharma,Amoxicillin (100mg),15 tablets,582.08
Omexr 40,Glenmark,clonazepam(200mg),6 tablets,139.35
Omeds 250,Pfizer India,cetirizine(20 mg),6 tablets,367.02
Dolosol 250,Zydus Cadila,DOMPERIDONE-40mg,1 bottle,530.37
Omesr 20,Glenmark,Omeprazole 5  mg,1 bottle,516.16
Pancin 20,Mankind Pharma,Clonazepam (250mg),15 tablets,71.19
Bruforte 10,Abbott India,Amlodipine (5 mg),6 tablets,385.01
Metxr 1000,Sun Pharma,Calcium carbonate 10 mg,10 capsules,368.97
Omeds 40,Dr Reddy,atorvastatin(100mg),5 ml,464.95
Dolocin 20,Sanofi India,Ciprofloxacin 400 mg,1 bottle,90.46
Cettab 500,Dabur Pharma,pantoprazole(5mg),10 capsules,275.16
Azeeds 10,Intas Pharma,Omeprazole (200mg),15 tablets,0.0
Bruxr 10,Abbott India,esomeprazole 250mg,1 bottle,580.04
Pancin 500,Wockhardt,CETIRIZINE-10mg,5 ml,0.0
Omecin 10,Aurobindo Pharma,Doxycycline 500  mg,10 capsules,99.16
Doloforte 250,Alkem Labs,DOXYCYCLINE-10mg,30 tablets,491.9
Azeecap 20,GSK India,Methylcobalamin 10 mg,1 bottle,132.83
Pands 10,Intas Pharma,AMOXICILLIN-10mg,10 capsules,469.9
Metsol 40,Wockhardt,PREGABALIN-5mg,10 tablets,229.59
Pands 1000,Dabur Pharma,Esomeprazole (20 mg),5 ml,595.97
Augplus 20,Mankind Pharma,glimepiride(100mg),10 tablets,485.94
Bruplus 20,Himalaya,methylcobalamin(10 mg),5 ml,387.92
Azeeforte 20,Intas Pharma,tramadol(1000mg),15 tablets,235.39
Azeeplus 20,Intas Pharma,Clopidogrel (200 mg),10 tablets,374.32
Metplus 500,Mankind Pharma,Ranitidine (5mg),5 ml,467.55
Augcap 10,Sun Pharma,metformin(10 mg),10 capsules,387.02
Azeesol 20,Alkem Labs,IBUPROFEN-20mg,30 tablets,367.18
Azeecin 1000,Zydus Cadila,esomeprazole(400mg),6 tablets,498.18
Dolocin 20,Dabur Pharma,azithromycin(20mg),1 bottle,484.31
Amoxtab 20,Wockhardt,ROSUVASTATIN-400mg,6 tablets,234.4
Brutab 40,Novartis India,Atorvastatin (5mg),1 bottle,499.72
Omeplus 500,Glenmark,clonazepam(250 mg),5 ml,468.11
Pancin 500,Torrent Pharma,vitamin d3(100mg),6 tablets,
Omecin 250,Aurobindo Pharma,alprazolam(10 mg),1 bottle,501.56
Pancin 250,Dabur Pharma,ATORVASTATIN-1000mg,30 tablets,0.0
Dolocin 10,Dabur Pharma,telmisartan 1000mg,10 tablets,249.41
Cetcin 40,Wockhardt,Domperidone 200  mg,6 tablets,226.07
Brucap 250,Dabur Pharma,Fluoxetine 20  mg,30 tablets,430.87
Dolocin 20,Dabur Pharma,ONDANSETRON-10mg,15 tablets,480.81
Clavtab 1000,Mankind Pharma,Sertraline (1000 mg),10 capsules,21.46
Augsol 250,Alkem Labs,LOSARTAN-1000mg,15 tablets,562.85
Augds 250,Aurobindo Pharma,pantoprazole 5mg,10 tablets,282.84
Panxr 250,Dabur Pharma,Pantoprazole (10mg),15 tablets,137.57
Clavforte 10,GSK India,Levothyroxine 20 mg,10 capsules,79.79
Pancap 20,Torrent Pharma,gabapentin 100mg,10 capsules,199.23
Amoxcin 500,Wockhardt,Alprazolam (500mg),30 tablets,275.43
Augsr 40,Lupin,ondansetron(40 mg),15 tablets,311.93
Cettab 40,Himalaya,Pantoprazole 1000 mg,10 capsules,122.48
Augod 10,Glenmark,pantoprazole(200 mg),6 tablets,146.45
Azeeforte 10,Sanofi India,Gabapentin (400mg),15 tablets,25.26
Bruxr 40,Novartis India,ibuprofen(40 mg),6 tablets,556.85
Azeecap 250,Abbott India,Metformin 1000  mg,1 bottle,0.0
Metforte 1000,Mankind Pharma,Gabapentin (20mg),15 tablets,406.94
Omeplus 10,Novartis India,esomeprazole 250mg,1 bottle,345.1
Clavxr 10,Zydus Cadila,ranitidine(1000mg),30 tablets,454.94
Clavds 1000,Wockhardt,GABAPENTIN-200mg,10 capsules,471.74
Metds 10,Cipla,amlodipine 500mg,10 capsules,585.21
Dolood 20,Intas Pharma,ALPRAZOLAM-100mg,10 capsules,335.7
Pansr 250,Sanofi India,rosuvastatin(20 mg),1 bottle,219.31
Azeecap 250,GSK India,Ondansetron 20  mg,15 tablets,560.87
Azeesr 10,GSK India,Atorvastatin 1000 mg,10 capsules,328.85
Cetforte 20,Zydus Cadila,Fexofenadine 5  mg,5 ml,349.47
Cetsol 1000,Sun Pharma,gabapentin(250 mg),1 bottle,
Augod 250,Dabur Pharma,Esomeprazole 1000  mg,30 tablets,26.14
Amoxcap 20,Hetero Drugs,gabapentin 40mg,30 tablets,240.76
Cetds 40,Abbott India,ROSUVASTATIN-100mg,6 tablets,349.02
Doloxr 500,Himalaya,ciprofloxacin(5mg),10 tablets,162.35
Doloxr 500,GSK India,ranitidine 400 mg,15 tablets,581.43
Dolotab 500,Sanofi India,ciprofloxacin 400mg,10 capsules,517.39
Augds 1000,Sun Pharma,ondansetron 500 mg,6 tablets,574.11
Amoxsol 250,Intas Pharma,Ibuprofen 250  mg,5 ml,122.94
Clavsr 500,Lupin,Alprazolam (200 mg),1 bottle,35.76
Dolosol 10,Cipla,vitamin d3 400mg,10 tablets,190.09
Cetforte 20,Lupin,LEVOTHYROXINE-250mg,15 tablets,532.57
Dolocin 250,Wockhardt,CLONAZEPAM-10mg,1 bottle,576.2
Dolocap 10,Cipla,Cetirizine (100mg),5 ml,234.7
Clavcap 10,Novartis India,Vitamin d3 5  mg,10 tablets,11.98
Cetcap 1000,Hetero Drugs,alprazolam(5 mg),1 bottle,337.98
Brusr 20,Himalaya,levocetirizine 500mg,10 capsules,269.78
Amoxds 40,Glenmark,fluoxetine(250 mg),6 tablets,209.01
Amoxod 250,Sanofi India,LEVOTHYROXINE-100mg,15 tablets,580.84
Pancap 1000,Sun Pharma,CLOPIDOGREL-250mg,10 tablets,228.52
Omeforte 1000,Zydus Cadila,CIPROFLOXACIN-1000mg,6 tablets,0.0
Bruds 40,Sanofi India,Clopidogrel (40 mg),15 tablets,115.83
Clavod 40,Aurobindo Pharma,clonazepam(5 mg),1 bottle,298.45
Amoxxr 500,Pfizer India,Ciprofloxacin 10  mg,6 tablets,450.16
Azeesol 500,Alkem Labs,pantoprazole 500 mg,10 tablets,426.88
Clavcap 40,Zydus Cadila,Amlodipine (5mg),15 tablets,12.19
Bruplus 10,Sanofi India,Rabeprazole (250mg),15 tablets,102.81
Azeetab 40,GSK India,IBUPROFEN-400mg,1 bottle,277.97
Dolods 40,Torrent Pharma,sertraline 20 mg,6 tablets,165.25
Omeds 40,Zydus Cadila,methylcobalamin 500mg,10 capsules,447.21
Cetsr 250,Cipla,Aspirin 10 mg,10 capsules,390.09
Clavcap 250,Alkem Labs,Doxycycline 5 mg,10 capsules,200.89
Bruforte 40,Mankind Pharma,Methylcobalamin 5 mg,10 tablets,513.49
Doloforte 40,Abbott India,PREGABALIN-400mg,15 tablets,578.78
Amoxxr 250,Novartis India,gabapentin 5mg,30 tablets,297.55
Metcin 20,Aurobindo Pharma,FLUOXETINE-400mg,30 tablets,204.91
Clavsr 250,Pfizer India,FLUOXETINE-10mg,10 capsules,118.58
Azeesr 40,Dabur Pharma,METFORMIN-250mg,1 bottle,74.61
Metcap 500,Novartis India,levothyroxine(20mg),10 capsules,24.62
Metcap 250,Cipla,Amlodipine 500  mg,10 capsules,530.96
Clavsr 1000,Sanofi India,calcium carbonate(20 mg),10 capsules,412.69
Azeexr 250,Mankind Pharma,esomeprazole 5 mg,15 tablets,480.83
Metxr 40,Torrent Pharma,Amoxicillin (5mg),30 tablets,56.55
Cetsol 40,Dr Reddy,Levothyroxine 10 mg,30 tablets,345.75
Dolocin 250,Himalaya,METOPROLOL-200mg,6 tablets,187.25
Metcin 20,Dabur Pharma,Alprazolam (5mg),5 ml,254.03
Cetxr 250,Dabur Pharma,Vitamin D3 (40 mg),10 tablets,382.91
Cetcin 250,Wockhardt,Pantoprazole 10 mg,1 bottle,366.66
Cetcin 250,Lupin,Azithromycin 1000  mg,15 tablets,0.0
Metod 40,Pfizer India,amlodipine(250 mg),15 tablets,0.0
Metds 250,Aurobindo Pharma,Methylcobalamin 5 mg,30 tablets,398.92
Amoxcap 250,Zydus Cadila,Montelukast (5 mg),5 ml,0.0
Panod 40,Zydus Cadila,pregabalin(1000 mg),30 tablets,201.37
Doloforte 40,Himalaya,Rabeprazole (20mg),15 tablets,233.25
Cetod 10,Dabur Pharma,paracetamol(5mg),30 tablets,495.51
Bruforte 20,Torrent Pharma,TRAMADOL-10mg,15 tablets,201.37
Cetcin 500,Torrent Pharma,Amlodipine (5mg),10 tablets,594.14
Augplus 250,Abbott India,Esomeprazole 40 mg,10 capsules,106.48
Brusol 500,Himalaya,Omeprazole 10  mg,10 tablets,82.88
Cetcin 500,Torrent Pharma,cetirizine 250 mg,5 ml,
Brusr 20,Dabur Pharma,Metformin (10mg),30 tablets,549.21
Doloforte 1000,Pfizer India,montelukast 1000mg,10 capsules,259.7
Brucin 250,Torrent Pharma,SERTRALINE-10mg,1 bottle,0.0
Panxr 20,Cipla,Azithromycin (5 mg),15 tablets,144.07
Pands 250,Wockhardt,OMEPRAZOLE-40mg,10 capsules,313.98
Omeforte 40,Himalaya,DICLOFENAC-10mg,10 tablets,44.0
Augsol 1000,Abbott India,Levocetirizine (20 mg),10 tablets,0.0
Amoxsol 10,Torrent Pharma,glimepiride(500 mg),1 bottle,
Azeeforte 10,Hetero Drugs,METHYLCOBALAMIN-10mg,10 capsules,260.14
Dolosol 40,Novartis India,Ibuprofen (5mg),10 tablets,483.76
Brucap 250,Wockhardt,pantoprazole 20 mg,1 bottle,217.11
Amoxxr 10,Cipla,Amlodipine (40 mg),10 tablets,259.93
Augod 10,Lupin,Vitamin D3 (250mg),10 tablets,402.59
Azeetab 40,Abbott India,ibuprofen(200mg),10 capsules,341.25
Omeforte 500,Glenmark,Telmisartan (200 mg),15 tablets,33.04
Clavds 10,GSK India,vitamin d3(100mg),1 bottle,386.22
Clavds 40,Wockhardt,Vitamin D3 (20 mg),1 bottle,181.23
Pansr 10,GSK India,CETIRIZINE-20mg,30 tablets,346.04
Azeeod 20,Alkem Labs,LEVOTHYROXINE-10mg,6 tablets,179.15
Amoxcap 10,Dr Reddy,Zinc Sulphate (20 mg),6 tablets,510.09
Azeecap 250,Sanofi India,Doxycycline (20 mg),1 bottle,0.0
Azeetab 500,Lupin,pantoprazole 250mg,5 ml,226.67
Ometab 10,Pfizer India,alprazolam(5 mg),15 tablets,577.81
Omeds 10,Sun Pharma,vitamin d3(100mg),5 ml,537.34
Metod 10,Sanofi India,azithromycin 20 mg,10 capsules,583.73
Azeecin 10,Sun Pharma,Gabapentin (40mg),30 tablets,288.79
Amoxod 10,Himalaya,Ranitidine 5 mg,10 tablets,62.17
Cetod 40,Himalaya,Pantoprazole 5  mg,30 tablets,258.7
Panod 1000,Cipla,Ondansetron 200  mg,30 tablets,143.77
Brucin 10,Lupin,Omeprazole 200  mg,30 tablets,540.56
Bruforte 250,Abbott India,glimepiride(400 mg),30 tablets,469.19
Bruplus 20,Cipla,ondansetron 40mg,10 capsules,230.78
Azeeplus 500,Torrent Pharma,Zinc Sulphate (10 mg),1 bottle,0.0
Cetforte 20,Aurobindo Pharma,Pregabalin (250 mg),15 tablets,457.95
Clavsol 1000,Sun Pharma,GABAPENTIN-400mg,10 capsules,324.5
Brusr 500,Zydus Cadila,Zinc sulphate 500 mg,30 tablets,594.43
Ometab 1000,Sun Pharma,Methylcobalamin 1000 mg,10 capsules,51.72
Metxr 250,Mankind Pharma,aspirin(500 mg),5 ml,145.73
Amoxforte 20,Abbott India,PARACETAMOL-250mg,10 tablets,310.54
Amoxsr 500,Torrent Pharma,ibuprofen 40mg,5 ml,163.21
Clavxr 10,Torrent Pharma,amoxicillin 5mg,10 tablets,508.32
Azeeod 20,Torrent Pharma,ATORVASTATIN-5mg,10 capsules,381.25
Omeplus 250,Novartis India,Paracetamol 1000  mg,15 tablets,270.17
Bruxr 1000,Dabur Pharma,cetirizine 400mg,15 tablets,331.18
Augplus 20,Dabur Pharma,Aspirin 200  mg,10 capsules,233.65
Dolocin 250,Himalaya,omeprazole 250 mg,30 tablets,81.48
Brucin 1000,Hetero Drugs,Ranitidine 500 mg,15 tablets,75.13
Azeexr 500,Novartis India,metformin(400mg),5 ml,257.38
Doloforte 20,Himalaya,amlodipine(10mg),30 tablets,41.04
Azeeod 1000,Zydus Cadila,calcium carbonate 200 mg,30 tablets,113.93
Brusr 10,Dabur Pharma,rabeprazole(200mg),1 bottle,37.6
Dolosr 10,Wockhardt,paracetamol 100mg,5 ml,209.23
Azeeod 250,Alkem Labs,MONTELUKAST-250mg,5 ml,259.69
Cetxr 1000,Zydus Cadila,Losartan 1000  mg,5 ml,0.0
Metcin 250,Dabur Pharma,ondansetron(250 mg),30 tablets,419.32
Cetsr 10,Zydus Cadila,RANITIDINE-10mg,30 tablets,578.89
Omexr 250,Glenmark,MONTELUKAST-1000mg,10 capsules,69.36
Amoxds 20,Sanofi India,cetirizine 1000mg,5 ml,
Azeexr 10,GSK India,Gabapentin (250mg),10 capsules,428.89
Augcin 1000,Dabur Pharma,omeprazole(40mg),30 tablets,272.1
Omecap 250,Dr Reddy,Losartan 40 mg,15 tablets,128.7
Clavxr 20,Wockhardt,SERTRALINE-250mg,30 tablets,36.47
Amoxcap 250,Sanofi India,pantoprazole 500 mg,15 tablets,405.68
Panxr 1000,Torrent Pharma,levothyroxine 200mg,10 tablets,188.86
Cetsol 500,Dr Reddy,CLOPIDOGREL-20mg,10 tablets,561.32
Augxr 500,Dr Reddy,gabapentin(40 mg),1 bottle,151.79
Azeeds 10,Sun Pharma,PANTOPRAZOLE-40mg,15 tablets,413.57
Omeod 10,Cipla,rosuvastatin(250mg),5 ml,577.69
Metforte 40,Dabur Pharma,Domperidone 500 mg,5 ml,330.83
Pantab 20,Intas Pharma,CIPROFLOXACIN-250mg,10 tablets,48.92
Bruforte 500,Dr Reddy,alprazolam(100mg),5 ml,173.08
Azeesol 20,Wockhardt,esomeprazole 200mg,10 tablets,528.37
Panforte 500,Novartis India,Zinc sulphate 5 mg,10 tablets,389.04
Bruod 20,Novartis India,alprazolam 5 mg,6 tablets,350.93
Clavcap 10,Glenmark,metoprolol 500mg,1 bottle,69.96
Omeod 20,Cipla,LOSARTAN-1000mg,5 ml,450.64
Metod 10,Novartis India,TELMISARTAN-20mg,6 tablets,104.34
Panxr 500,Novartis India,Cetirizine (20mg),1 bottle,566.67
Metcap 500,Himalaya,Clonazepam (5 mg),10 capsules,
Azeexr 10,Sun Pharma,Ciprofloxacin (40mg),10 tablets,264.91
Pands 250,Aurobindo Pharma,Alprazolam 400  mg,10 tablets,492.16
Amoxforte 40,Abbott India,Omeprazole (100mg),10 capsules,152.43
Azeecap 500,Wockhardt,metformin 40 mg,5 ml,194.4
Pansr 10,Sun Pharma,Levothyroxine (10mg),15 tablets,0.0
Omeforte 250,Aurobindo Pharma,telmisartan(250 mg),1 bottle,0.0
Omecin 40,Torrent Pharma,Fexofenadine 1000  mg,10 tablets,240.65
Augds 1000,Sun Pharma,omeprazole 400mg,5 ml,67.54
Azeeod 250,GSK India,vitamin d3(200mg),10 tablets,225.43
Cetxr 20,Intas Pharma,LEVOCETIRIZINE-400mg,10 capsules,437.56
Azeexr 20,Sanofi India,Rabeprazole (20 mg),15 tablets,336.81
Dolocin 1000,Dabur Pharma,Sertraline 5  mg,10 tablets,483.29
Clavsol 500,Aurobindo Pharma,Atorvastatin 200  mg,10 tablets,21.19
Cetxr 250,Himalaya,rosuvastatin(20 mg),10 capsules,187.21
Augforte 1000,Dr Reddy,METHYLCOBALAMIN-500mg,5 ml,310.21
Cetsr 1000,Dr Reddy,fluoxetine 20 mg,6 tablets,235.98
Clavod 10,Torrent Pharma,GABAPENTIN-400mg,10 tablets,564.46
Omesr 250,Sanofi India,metoprolol 40 mg,10 capsules,488.21
Azeeforte 40,Zydus Cadila,losartan 500 mg,10 tablets,181.84
Clavcap 500,Zydus Cadila,levothyroxine(10 mg),10 tablets,507.98
Brusol 40,Dr Reddy,Methylcobalamin (250mg),6 tablets,539.9
Augcap 20,Zydus Cadila,TRAMADOL-40mg,30 tablets,104.47
Azeeds 500,Dr Reddy,Telmisartan (250mg),1 bottle,103.26
Azeeforte 250,Dr Reddy,Omeprazole 20 mg,1 bottle,0.0
Clavforte 250,Dr Reddy,Rosuvastatin (400 mg),10 tablets,369.37
Omecin 40,Mankind Pharma,cetirizine 1000mg,1 bottle,222.73
Pancin 10,Zydus Cadila,diclofenac(500mg),15 tablets,49.96
Omeds 20,Torrent Pharma,Paracetamol 250 mg,6 tablets,472.84
Augxr 20,Himalaya,GLIMEPIRIDE-400mg,10 capsules,336.76
Augtab 10,Torrent Pharma,rosuvastatin(20mg),30 tablets,503.11
Amoxds 250,Alkem Labs,Alprazolam 20 mg,5 ml,134.22
Dolods 40,Cipla,amoxicillin 200mg,15 tablets,369.58
Amoxds 500,Hetero Drugs,TRAMADOL-100mg,1 bottle,207.74
Panxr 10,Novartis India,metformin 1000 mg,1 bottle,122.7
Azeeplus 500,Sanofi India,losartan(100mg),15 tablets,196.21
Doloforte 250,Novartis India,MONTELUKAST-1000mg,10 tablets,271.75
Doloforte 250,Pfizer India,metformin 1000 mg,10 capsules,223.62
Doloforte 250,Cipla,ranitidine(250mg),10 capsules,33.16
Omesr 20,Lupin,IBUPROFEN-10mg,10 tablets,565.31
Augxr 250,Intas Pharma,ibuprofen 20mg,6 tablets,414.55
Amoxtab 40,Glenmark,ONDANSETRON-500mg,5 ml,0.0
Clavforte 250,Pfizer India,OMEPRAZOLE-20mg,30 tablets,14.26
Metcap 1000,Lupin,metformin 1000mg,30 tablets,580.23
Augplus 250,Glenmark,losartan(20 mg),10 tablets,573.87
Panforte 40,Dabur Pharma,Domperidone 20 mg,10 capsules,447.95
Amoxod 500,Sun Pharma,Ciprofloxacin (1000mg),1 bottle,
Cetcin 500,Torrent Pharma,Vitamin D3 (10mg),30 tablets,261.62
Clavtab 500,Novartis India,Glimepiride (1000mg),30 tablets,594.37
Metforte 40,Hetero Drugs,ranitidine 400 mg,5 ml,343.71
Clavod 250,Wockhardt,Atorvastatin (500mg),1 bottle,389.32
Augsr 1000,Novartis India,Pregabalin (500mg),1 bottle,34.1
Metsol 20,Zydus Cadila,sertraline 5 mg,6 tablets,510.18
Augsr 10,Sun Pharma,Esomeprazole (400mg),1 bottle,457.19
Pantab 10,Hetero Drugs,PARACETAMOL-5mg,5 ml,133.81
Azeeplus 500,Lupin,ondansetron 40mg,1 bottle,352.61
Dolotab 250,Abbott India,METHYLCOBALAMIN-20mg,30 tablets,17.02
Azeeds 10,Abbott India,levocetirizine 500mg,10 tablets,310.18
Metcap 20,Aurobindo Pharma,Azithromycin 1000 mg,1 bottle,557.09
Azeesr 1000,Novartis India,tramadol(250 mg),5 ml,515.47
Brucin 500,Intas Pharma,Vitamin d3 200  mg,15 tablets,572.32
Dolods 500,Pfizer India,RANITIDINE-250mg,30 tablets,54.02
Omeforte 500,Pfizer India,Ibuprofen (20mg),10 tablets,
Clavcap 250,Lupin,DOMPERIDONE-10mg,6 tablets,216.72
Dolood 250,Sun Pharma,Clonazepam 200  mg,6 tablets,264.77
Azeetab 40,Glenmark,doxycycline 400 mg,10 capsules,356.42
Azeecin 40,Aurobindo Pharma,Sertraline (40mg),10 capsules,37.8
Mettab 20,Dabur Pharma,aspirin(40 mg),5 ml,587.62
Doloplus 250,Sanofi India,VITAMIN D3-40mg,30 tablets,397.16
Azeesol 20,Cipla,Sertraline (40mg),15 tablets,182.37
Omeplus 1000,Cipla,CIPROFLOXACIN-20mg,30 tablets,296.47
Dolood 20,Dr Reddy,Amlodipine (5 mg),1 bottle,428.64
Amoxcap 500,Alkem Labs,Paracetamol (20mg),10 tablets,512.61
Metcin 500,Abbott India,Rosuvastatin (20mg),30 tablets,305.98
Panforte 40,Alkem Labs,Levocetirizine 200 mg,10 tablets,477.48
Omeod 20,Aurobindo Pharma,tramadol 20 mg,10 capsules,140.75
Amoxxr 20,Dr Reddy,Pantoprazole 1000 mg,1 bottle,32.2
Metds 1000,Sun Pharma,Clonazepam (5mg),30 tablets,47.59
Augcin 20,Lupin,METHYLCOBALAMIN-1000mg,1 bottle,41.08
Metxr 500,Cipla,Levocetirizine 1000  mg,1 bottle,57.79
Amoxplus 40,Himalaya,esomeprazole 500mg,30 tablets,29.42
Metod 10,Alkem Labs,domperidone(100mg),6 tablets,211.52
Cetxr 500,Zydus Cadila,PANTOPRAZOLE-20mg,5 ml,264.83
Cetforte 40,Wockhardt,METOPROLOL-200mg,6 tablets,336.44
Augod 40,Cipla,cetirizine(5 mg),10 capsules,373.68
Clavod 40,Dr Reddy,metoprolol 400mg,6 tablets,233.12
Dolocin 1000,Pfizer India,aspirin 20mg,15 tablets,322.72
Dolods 10,Dr Reddy,DOMPERIDONE-500mg,10 tablets,248.16
Amoxsr 1000,Himalaya,Esomeprazole 20  mg,6 tablets,479.27
Bruforte 20,Hetero Drugs,TELMISARTAN-250mg,15 tablets,287.54
Metplus 500,Dr Reddy,Calcium carbonate 5  mg,1 bottle,54.81
Clavplus 20,Glenmark,gabapentin(250mg),5 ml,59.82
Bruxr 1000,Hetero Drugs,calcium carbonate 20mg,10 capsules,507.79
Metforte 40,Torrent Pharma,Aspirin 250 mg,15 tablets,356.39
Azeeod 500,Torrent Pharma,Azithromycin (100mg),6 tablets,154.7
Pansr 20,Intas Pharma,azithromycin 100mg,15 tablets,252.29
Omesr 20,Novartis India,Cetirizine (250mg),6 tablets,494.6
Omeds 1000,Novartis India,azithromycin 1000mg,1 bottle,196.45
Augplus 1000,Sanofi India,Telmisartan 40 mg,5 ml,507.73
Cetcin 40,Alkem Labs,Metformin 10 mg,6 tablets,321.19
Cetod 10,Pfizer India,Metoprolol 400 mg,1 bottle,244.98
Panforte 500,Torrent Pharma,Tramadol (250mg),10 tablets,489.69
Pancap 10,Cipla,esomeprazole(250 mg),10 tablets,514.95
Mettab 10,Pfizer India,montelukast 40mg,6 tablets,23.67
Omesr 500,Sanofi India,Azithromycin 5 mg,5 ml,545.79
Brucap 40,Zydus Cadila,zinc sulphate 500 mg,10 capsules,23.86
Dolood 1000,Zydus Cadila,fluoxetine 400mg,6 tablets,497.73
Augsol 40,Zydus Cadila,ASPIRIN-20mg,6 tablets,372.64
Augsol 1000,Hetero Drugs,ranitidine 250mg,5 ml,141.5
Omecin 20,GSK India,Alprazolam (500 mg),1 bottle,0.0
Omeds 500,GSK India,ranitidine(1000 mg),5 ml,
Omeforte 40,Zydus Cadila,Paracetamol (40 mg),1 bottle,508.43
Augxr 40,Dr Reddy,PREGABALIN-400mg,5 ml,459.13
Amoxcap 500,Glenmark,ONDANSETRON-40mg,1 bottle,132.21
Omeod 1000,Sanofi India,METOPROLOL-20mg,10 tablets,158.22
Doloxr 250,Mankind Pharma,METHYLCOBALAMIN-20mg,6 tablets,231.2
Metsr 500,Cipla,clopidogrel 5mg,1 bottle,47.47
Metcin 10,Torrent Pharma,Telmisartan 1000  mg,10 tablets,404.05
Pantab 500,Glenmark,montelukast(10mg),15 tablets,466.66
Augforte 10,Abbott India,Alprazolam 100 mg,10 capsules,45.45
Omecap 40,Torrent Pharma,amoxicillin 500 mg,10 capsules,398.54
Doloforte 10,Himalaya,Telmisartan (1000mg),5 ml,168.8
Dolosr 20,Alkem Labs,methylcobalamin(1000 mg),10 capsules,302.02
Brucap 40,Torrent Pharma,Paracetamol (20mg),15 tablets,16.83
Omesol 20,Zydus Cadila,Cetirizine (20mg),30 tablets,152.24
Augxr 250,Novartis India,Zinc sulphate 1000  mg,10 capsules,343.31
Omeod 500,GSK India,Pantoprazole 10  mg,15 tablets,86.06
Azeeod 10,Himalaya,ibuprofen 20 mg,10 capsules,392.06
Clavtab 40,Alkem Labs,doxycycline 200 mg,10 tablets,463.82
Omecap 250,Mankind Pharma,alprazolam 200 mg,15 tablets,101.86
Amoxod 40,Aurobindo Pharma,Ibuprofen 500  mg,30 tablets,278.01
Augxr 1000,Wockhardt,METFORMIN-250mg,10 capsules,191.04
Augplus 250,Pfizer India,ondansetron(100mg),10 capsules,256.52
Panxr 500,Glenmark,fexofenadine 500mg,10 tablets,216.98
Bruod 500,Torrent Pharma,Amoxicillin 200  mg,10 capsules,578.03
Brusol 1000,Himalaya,METHYLCOBALAMIN-500mg,6 tablets,129.89
Cetds 500,Hetero Drugs,paracetamol 40mg,10 tablets,281.9
Azeeod 20,Dabur Pharma,aspirin 1000mg,30 tablets,505.57
Amoxforte 1000,Wockhardt,Rosuvastatin 100 mg,15 tablets,525.8
Amoxod 250,Dr Reddy,ciprofloxacin 100mg,5 ml,242.15
Augplus 500,Torrent Pharma,calcium carbonate 400mg,10 capsules,348.35
Metcin 20,Mankind Pharma,ibuprofen(5 mg),15 tablets,202.29
Azeeod 1000,Novartis India,sertraline(5mg),6 tablets,67.06
Cettab 10,Cipla,METHYLCOBALAMIN-20mg,6 tablets,458.92
Bruforte 1000,Intas Pharma,CLONAZEPAM-500mg,6 tablets,287.79
Amoxplus 20,Sun Pharma,AMLODIPINE-500mg,10 tablets,264.24
Pancap 40,Cipla,metoprolol(400mg),5 ml,525.79
Dolods 40,Aurobindo Pharma,doxycycline 20 mg,5 ml,360.18
Omeod 20,Wockhardt,sertraline(250mg),5 ml,137.29
Doloxr 10,Torrent Pharma,PREGABALIN-100mg,6 tablets,139.0
Cetsol 10,Alkem Labs,Pregabalin (500 mg),30 tablets,101.28
Cetplus 10,Pfizer India,aspirin 5mg,30 tablets,131.08
Bruds 250,Sanofi India,Diclofenac 200  mg,6 tablets,27.34
Clavcin 500,Torrent Pharma,levothyroxine(20mg),1 bottle,532.58
Amoxsol 250,Dr Reddy,fluoxetine 20 mg,1 bottle,186.84
Cetds 20,Cipla,ciprofloxacin 400 mg,15 tablets,567.04
Cetds 500,Alkem Labs,DICLOFENAC-250mg,15 tablets,377.18
Metsol 250,Himalaya,Amlodipine 250  mg,10 tablets,144.0
Brusr 1000,Lupin,Tramadol (20 mg),6 tablets,0.0
Doloforte 500,Dabur Pharma,Fexofenadine 20 mg,10 capsules,0.0
Cetsol 40,Cipla,TELMISARTAN-500mg,10 tablets,352.38
Cetcin 500,Alkem Labs,Pantoprazole (400mg),30 tablets,327.79
Cetcap 40,Pfizer India,Vitamin D3 (250mg),6 tablets,479.86
Azeesr 40,Torrent Pharma,Metformin 20  mg,6 tablets,467.5
Clavod 500,Wockhardt,fluoxetine 250 mg,10 tablets,0.0
Augcap 40,Novartis India,ESOMEPRAZOLE-400mg,5 ml,285.74
Panod 40,Glenmark,ATORVASTATIN-40mg,10 capsules,211.2
Metsol 10,Abbott India,LOSARTAN-5mg,1 bottle,347.45
Omeds 10,Dr Reddy,Cetirizine (20mg),10 tablets,0.0
Omesr 250,Dabur Pharma,Rosuvastatin 400  mg,10 tablets,518.87
Clavod 1000,Lupin,ciprofloxacin 20mg,10 capsules,419.11
Cetsr 10,Mankind Pharma,Azithromycin (40 mg),15 tablets,451.08
Amoxcap 500,Hetero Drugs,Ranitidine (40mg),5 ml,74.89
Pands 500,Alkem Labs,Losartan 200  mg,15 tablets,127.8
Azeeod 20,Sanofi India,ibuprofen(100mg),1 bottle,0.0
Dolood 40,Sun Pharma,TRAMADOL-250mg,5 ml,231.49
Amoxod 40,Pfizer India,ZINC SULPHATE-250mg,1 bottle,543.03
Metplus 500,Glenmark,doxycycline(40mg),1 bottle,275.79
Panxr 250,Himalaya,pantoprazole 40mg,15 tablets,532.41
Cetcap 20,Hetero Drugs,Calcium Carbonate (20mg),10 capsules,177.22
Doloforte 40,Zydus Cadila,Levocetirizine (5mg),10 capsules,423.07
Clavplus 40,Mankind Pharma,Tramadol 20 mg,5 ml,460.26
Pands 1000,Dabur Pharma,atorvastatin 250 mg,10 capsules,65.48
Azeesol 40,Torrent Pharma,Gabapentin (500mg),10 capsules,514.48
Omeforte 40,Mankind Pharma,Ranitidine (20mg),5 ml,183.27
Bruds 10,Wockhardt,ESOMEPRAZOLE-400mg,10 capsules,
Azeeds 250,Glenmark,vitamin d3(10mg),30 tablets,238.56
Azeesr 10,Mankind Pharma,Paracetamol 500 mg,10 capsules,385.86
Bruplus 40,Aurobindo Pharma,Clonazepam 250  mg,30 tablets,78.3
Brucap 500,Dabur Pharma,Glimepiride (40mg),15 tablets,52.46
Amoxds 500,Mankind Pharma,atorvastatin 500mg,10 capsules,479.14
Clavsr 500,Dr Reddy,Alprazolam (200 mg),1 bottle,496.63
Cetds 40,Sanofi India,zinc sulphate(200mg),10 tablets,
Cetcin 250,Wockhardt,Ciprofloxacin 10  mg,10 tablets,11.19
Mettab 250,Novartis India,GABAPENTIN-250mg,1 bottle,0.0
Azeecin 1000,Sanofi India,RANITIDINE-200mg,15 tablets,335.47
Pansr 10,Dabur Pharma,zinc sulphate(40mg),10 tablets,324.12
Azeesol 20,Mankind Pharma,FEXOFENADINE-400mg,5 ml,368.77
Omeds 1000,Wockhardt,Doxycycline 5 mg,6 tablets,383.92
Metxr 20,Pfizer India,Ondansetron 40 mg,10 tablets,
Cetsol 500,Sanofi India,ATORVASTATIN-5mg,5 ml,432.4
Clavtab 20,Mankind Pharma,alprazolam 400mg,1 bottle,290.31
Omecin 10,GSK India,Ibuprofen 1000  mg,1 bottle,455.27
Amoxsol 250,Sanofi India,pantoprazole(250mg),10 tablets,375.73
Omeforte 20,Sanofi India,Levocetirizine 10 mg,6 tablets,256.05
Pancap 40,GSK India,gabapentin 100mg,15 tablets,239.35
Dolood 250,Mankind Pharma,Ondansetron 400  mg,10 capsules,89.91
Dolosol 20,Mankind Pharma,alprazolam(200 mg),30 tablets,169.51
Clavcin 10,Himalaya,DICLOFENAC-100mg,5 ml,166.73
Augod 20,Intas Pharma,levocetirizine(10 mg),10 tablets,0.0
Augplus 20,Pfizer India,paracetamol(400 mg),30 tablets,216.35
Clavds 1000,Sanofi India,Ondansetron (200mg),15 tablets,74.63
Clavds 20,Alkem Labs,tramadol 5 mg,1 bottle,71.24
Panod 500,Intas Pharma,gabapentin 250mg,30 tablets,400.43
Pancap 10,Lupin,PARACETAMOL-250mg,5 ml,90.61
Azeecap 1000,Cipla,glimepiride(400 mg),10 tablets,324.51
Azeesol 40,Novartis India,ciprofloxacin(250mg),10 capsules,484.26
Augplus 40,Dabur Pharma,GABAPENTIN-400mg,10 capsules,596.95
Dolocin 250,Pfizer India,ASPIRIN-250mg,5 ml,0.0
Clavforte 40,Lupin,Rosuvastatin 1000  mg,10 capsules,128.36
Clavsol 10,Novartis India,Rabeprazole (100mg),30 tablets,587.42
Azeesr 40,Himalaya,Glimepiride 10  mg,10 tablets,548.06
Metxr 1000,Sun Pharma,Pantoprazole (10 mg),10 tablets,534.02
Clavcin 10,Zydus Cadila,glimepiride 100mg,10 capsules,294.5
Panxr 500,Mankind Pharma,pregabalin 1000 mg,30 tablets,474.14
Brucap 500,Zydus Cadila,Rosuvastatin 10  mg,30 tablets,563.85
Panplus 10,Intas Pharma,CLOPIDOGREL-400mg,1 bottle,189.92
Clavxr 1000,Dabur Pharma,glimepiride 250 mg,15 tablets,109.07
Omecap 1000,Sun Pharma,gabapentin 400mg,1 bottle,205.15
Cetcap 250,Abbott India,Calcium Carbonate (500mg),1 bottle,558.87
Cetxr 1000,Pfizer India,SERTRALINE-400mg,1 bottle,325.35
Dolocap 500,Glenmark,rosuvastatin 400 mg,10 capsules,354.0
Omeds 1000,Lupin,rosuvastatin 20mg,1 bottle,297.64
Panforte 1000,Sanofi India,Metformin (250 mg),5 ml,362.78
Metforte 500,Hetero Drugs,TELMISARTAN-40mg,6 tablets,184.16
Clavplus 40,Lupin,Glimepiride 10 mg,30 tablets,485.02
Augds 20,Glenmark,Glimepiride (5mg),15 tablets,25.93
Azeeod 500,Alkem Labs,Levocetirizine (1000mg),15 tablets,0.0
Azeetab 1000,Mankind Pharma,sertraline(5 mg),5 ml,478.29
Dolotab 1000,Wockhardt,paracetamol(100mg),15 tablets,115.47
Azeecin 250,Abbott India,levothyroxine 5mg,1 bottle,311.04
Brusr 250,Torrent Pharma,sertraline 5mg,5 ml,443.25
Amoxsol 500,Himalaya,Pantoprazole 200  mg,10 tablets,489.67
Panod 20,Torrent Pharma,Losartan 1000  mg,30 tablets,348.47
Dolosr 500,Dabur Pharma,azithromycin(500mg),10 capsules,349.84
Clavxr 40,Dr Reddy,Clopidogrel (40mg),10 capsules,317.06
Azeeplus 20,Sanofi India,glimepiride 1000 mg,5 ml,452.64
Azeeforte 10,Pfizer India,tramadol 200 mg,15 tablets,202.53
Clavcin 500,Lupin,clonazepam(20mg),5 ml,92.93
Azeesol 40,Intas Pharma,GABAPENTIN-1000mg,10 capsules,368.19
Amoxplus 1000,Himalaya,tramadol 250mg,10 capsules,488.04
Bruds 250,Mankind Pharma,Doxycycline 10  mg,10 capsules,57.14
Bruds 250,Glenmark,doxycycline(5 mg),5 ml,467.01
Clavcin 250,Torrent Pharma,Fluoxetine (400 mg),30 tablets,444.83
Clavcin 1000,Pfizer India,Methylcobalamin (40mg),1 bottle,194.85
Dolotab 40,Abbott India,FEXOFENADINE-200mg,5 ml,498.8
Cetxr 250,Glenmark,Ibuprofen (20 mg),15 tablets,449.71
Azeecap 20,Abbott India,Vitamin D3 (1000mg),5 ml,590.98
Brucin 20,Abbott India,Levothyroxine (500 mg),6 tablets,42.97
Dolocin 500,Cipla,Cetirizine (5 mg),30 tablets,185.21
Bruxr 500,GSK India,atorvastatin(250 mg),15 tablets,549.69
Dolosol 20,Abbott India,alprazolam(1000 mg),15 tablets,0.0
Doloplus 10,Wockhardt,clopidogrel 400 mg,10 tablets,402.07
Clavcap 1000,Himalaya,RABEPRAZOLE-1000mg,1 bottle,213.26
Cetds 500,Dabur Pharma,Glimepiride 400 mg,10 tablets,
Bruxr 250,Wockhardt,pantoprazole(400 mg),5 ml,211.12
Brutab 250,Torrent Pharma,omeprazole 1000 mg,10 tablets,536.83
Amoxxr 1000,Novartis India,levothyroxine 5mg,5 ml,33.37
Augsol 250,Sun Pharma,domperidone(400 mg),15 tablets,164.32
Amoxplus 10,Torrent Pharma,Amlodipine (5 mg),6 tablets,76.71
Clavcin 10,Himalaya,Levothyroxine (5mg),1 bottle,301.22
Azeeds 1000,Mankind Pharma,calcium carbonate(250mg),15 tablets,563.58
Dolods 40,Abbott India,Levothyroxine (500 mg),5 ml,536.51
Bruds 20,Sun Pharma,TRAMADOL-200mg,6 tablets,591.19
Clavds 20,Intas Pharma,TELMISARTAN-500mg,15 tablets,541.48
Metsol 10,Sanofi India,sertraline 20 mg,15 tablets,
Panod 250,Sun Pharma,LOSARTAN-10mg,10 capsules,565.71
Brucap 1000,Novartis India,LEVOCETIRIZINE-250mg,15 tablets,
Clavcin 40,Abbott India,LOSARTAN-1000mg,10 tablets,394.2
Augod 40,Sun Pharma,Telmisartan (200mg),10 tablets,169.09
Clavsr 40,Dr Reddy,esomeprazole(400mg),10 tablets,372.75
Panod 40,Novartis India,metoprolol 20mg,1 bottle,443.34
Cetforte 250,Alkem Labs,Losartan 200  mg,15 tablets,595.18
Metcap 10,Torrent Pharma,Ranitidine (100mg),5 ml,67.01
Brutab 40,Aurobindo Pharma,amoxicillin 5mg,10 capsules,0.0
Cetcin 500,Aurobindo Pharma,paracetamol(20mg),1 bottle,0.0
Cettab 20,Wockhardt,Clopidogrel 400 mg,6 tablets,221.35
Clavforte 250,Pfizer India,ibuprofen 250mg,1 bottle,43.48
Clavsr 250,Pfizer India,Methylcobalamin (250mg),15 tablets,120.19
Azeexr 20,Lupin,Pantoprazole (40mg),15 tablets,32.42
Panplus 1000,Mankind Pharma,RABEPRAZOLE-40mg,10 tablets,523.12
Cetds 250,Lupin,Levocetirizine 10 mg,10 capsules,0.0
Cetsol 1000,Wockhardt,LOSARTAN-100mg,10 tablets,181.54
Brucin 500,Dr Reddy,RANITIDINE-500mg,6 tablets,210.65
Amoxsr 10,Himalaya,Omeprazole (20mg),30 tablets,
Metcap 10,Glenmark,ranitidine 10 mg,10 tablets,250.11
Doloforte 20,Zydus Cadila,Montelukast (400 mg),30 tablets,
Azeeod 250,Lupin,cetirizine(10mg),30 tablets,109.07
Azeexr 20,Torrent Pharma,Glimepiride 400  mg,1 bottle,407.28
Amoxsr 1000,Sanofi India,metformin(250mg),30 tablets,21.99
Pansr 1000,Lupin,pregabalin(1000mg),10 capsules,374.87
Azeesol 10,Aurobindo Pharma,Montelukast (500mg),10 capsules,367.89
Amoxds 10,Torrent Pharma,DOMPERIDONE-250mg,10 capsules,
Bruforte 1000,Himalaya,PANTOPRAZOLE-10mg,10 capsules,263.56
Augcap 250,Alkem Labs,PANTOPRAZOLE-1000mg,6 tablets,220.69
Azeeds 10,Sun Pharma,Doxycycline (250mg),10 tablets,155.21
Clavcin 250,Himalaya,ONDANSETRON-20mg,10 tablets,313.57
Pancin 20,Lupin,omeprazole 10mg,1 bottle,573.33
Augod 40,GSK India,METOPROLOL-400mg,15 tablets,322.9
Doloplus 20,Sun Pharma,Zinc sulphate 500 mg,10 capsules,593.48
Metcin 250,Torrent Pharma,Pregabalin 10  mg,1 bottle,21.65
Brutab 250,Abbott India,vitamin d3 5 mg,15 tablets,436.02
Clavds 40,Glenmark,Cetirizine (5 mg),10 tablets,226.67
Amoxcin 250,Sun Pharma,METHYLCOBALAMIN-100mg,15 tablets,222.91
Bruod 20,Pfizer India,Levocetirizine (10 mg),30 tablets,361.56
Pantab 250,Pfizer India,Telmisartan 1000  mg,15 tablets,333.92
Azeecap 500,Dr Reddy,ibuprofen(20mg),6 tablets,394.35
Pands 1000,Aurobindo Pharma,GLIMEPIRIDE-250mg,15 tablets,304.47
Dolosol 10,Abbott India,Levothyroxine 20 mg,5 ml,192.45
Cetod 250,Intas Pharma,Tramadol (250mg),10 tablets,595.55
Brutab 40,Lupin,clopidogrel(10mg),6 tablets,112.6
Pancin 10,Aurobindo Pharma,methylcobalamin 250mg,10 tablets,364.16
Azeesol 20,Dr Reddy,Levocetirizine (250mg),15 tablets,92.85
Brutab 1000,Himalaya,RANITIDINE-5mg,6 tablets,0.0
Bruxr 1000,Sun Pharma,losartan 400 mg,1 bottle,140.84
Cetcap 10,Cipla,Losartan 100 mg,30 tablets,256.03
Dolosol 250,Dabur Pharma,Rabeprazole (250mg),10 tablets,224.64
Metforte 20,Zydus Cadila,Doxycycline 100 mg,30 tablets,576.97
Omecap 10,Glenmark,GABAPENTIN-40mg,5 ml,403.56
Bruforte 40,Wockhardt,Paracetamol 5  mg,6 tablets,471.64
Azeesr 20,Pfizer India,telmisartan(1000mg),1 bottle,514.91
Pansol 1000,Mankind Pharma,Sertraline (20 mg),10 capsules,16.91
Amoxcap 500,Himalaya,alprazolam(100mg),1 bottle,147.29
Bruds 500,Wockhardt,montelukast 500mg,6 tablets,568.9
Doloplus 20,Hetero Drugs,fexofenadine(200mg),15 tablets,0.0
Ometab 40,Dr Reddy,ondansetron 200mg,5 ml,428.47
Metcin 40,Zydus Cadila,pregabalin(1000mg),1 bottle,261.99
Cettab 20,Sanofi India,vitamin d3(100mg),5 ml,313.96
Panforte 250,Torrent Pharma,Ibuprofen 1000  mg,5 ml,491.4
Amoxtab 40,Alkem Labs,pantoprazole 500 mg,6 tablets,118.4
Azeexr 250,Dabur Pharma,ondansetron 500mg,6 tablets,495.69
Cetcin 40,Cipla,Alprazolam (1000 mg),15 tablets,127.37
Amoxcin 250,Dr Reddy,Vitamin D3 (500mg),5 ml,132.24
Omeod 10,GSK India,Azithromycin (400mg),6 tablets,459.06
Clavcin 40,Hetero Drugs,CETIRIZINE-1000mg,6 tablets,308.34
Ometab 500,Hetero Drugs,tramadol 5 mg,10 tablets,575.26
Azeeds 40,GSK India,Pantoprazole (10mg),15 tablets,521.4
Pansol 10,Dabur Pharma,Sertraline 20 mg,5 ml,74.28
Cetcap 500,Dabur Pharma,Pregabalin (5 mg),1 bottle,408.69
Omeds 500,GSK India,Rabeprazole 200 mg,5 ml,295.22
Amoxds 250,Sun Pharma,Levocetirizine (400 mg),15 tablets,406.85
Cetplus 40,Cipla,rosuvastatin(20 mg),10 tablets,521.93
Omexr 20,Mankind Pharma,DOXYCYCLINE-1000mg,5 ml,30.53
Brusr 250,Pfizer India,rabeprazole 400 mg,30 tablets,238.25
Clavforte 40,Lupin,atorvastatin(10 mg),15 tablets,451.15
Cetxr 250,Wockhardt,Levothyroxine (500mg),30 tablets,10.61
Cetplus 500,Torrent Pharma,esomeprazole(500mg),5 ml,424.07
Amoxds 250,Intas Pharma,CIPROFLOXACIN-200mg,10 capsules,0.0
Panforte 500,Dr Reddy,cetirizine(10 mg),5 ml,35.74
Amoxxr 40,Novartis India,rabeprazole 40 mg,1 bottle,478.16
Ometab 250,Intas Pharma,ZINC SULPHATE-250mg,10 capsules,200.9
Cetsr 20,Torrent Pharma,Telmisartan 40  mg,5 ml,493.6
Doloforte 40,Abbott India,Azithromycin 250  mg,10 capsules,460.83
Omecap 500,Glenmark,Atorvastatin 20  mg,5 ml,358.63
Brucin 40,Torrent Pharma,cetirizine 250 mg,15 tablets,488.76
Amoxxr 40,Intas Pharma,RABEPRAZOLE-250mg,5 ml,506.8
Omesr 250,Cipla,TRAMADOL-20mg,30 tablets,24.17
Amoxsr 20,Aurobindo Pharma,tramadol 10mg,5 ml,596.99
Amoxsol 20,GSK India,Metformin (5mg),30 tablets,17.44
Augcap 10,Glenmark,atorvastatin(100mg),6 tablets,37.49
Cetds 20,Zydus Cadila,Ondansetron 5  mg,1 bottle,501.67
Brusol 500,Sun Pharma,FEXOFENADINE-200mg,1 bottle,291.12
Augxr 40,Novartis India,DOXYCYCLINE-250mg,1 bottle,89.91
Panxr 40,GSK India,clonazepam(10 mg),10 capsules,418.9
Panforte 1000,Abbott India,clonazepam(1000 mg),15 tablets,468.23
Metod 10,Zydus Cadila,ibuprofen(5 mg),1 bottle,447.38
Metforte 10,Sun Pharma,diclofenac 10 mg,30 tablets,274.54
Cetxr 250,Hetero Drugs,tramadol 40 mg,30 tablets,355.32
Metxr 40,Mankind Pharma,CLONAZEPAM-200mg,1 bottle,503.68
Ometab 250,Zydus Cadila,METFORMIN-40mg,1 bottle,502.86
Omexr 500,Lupin,fluoxetine(10 mg),1 bottle,41.87
Azeexr 20,Intas Pharma,Gabapentin (500 mg),30 tablets,0.0
Metod 500,Himalaya,Ranitidine 10 mg,10 tablets,118.81
Cetxr 1000,Lupin,Methylcobalamin (400 mg),30 tablets,301.31
Pansol 250,Pfizer India,Ibuprofen 1000 mg,5 ml,244.84
Clavsol 500,Cipla,Amoxicillin (250 mg),30 tablets,117.37
Omesr 500,Abbott India,telmisartan(1000 mg),5 ml,341.42
Clavcin 40,Novartis India,Aspirin (400 mg),15 tablets,243.44
Azeeforte 250,Dabur Pharma,pantoprazole(500 mg),5 ml,421.74
Azeetab 500,GSK India,AMLODIPINE-20mg,15 tablets,537.73
Brucin 500,Himalaya,rosuvastatin 500mg,5 ml,499.62
Amoxforte 500,Mankind Pharma,Clopidogrel 40 mg,10 capsules,356.16
Pands 20,Pfizer India,Vitamin D3 (500 mg),6 tablets,265.43
Pands 250,Sun Pharma,Fluoxetine 500  mg,15 tablets,401.74
Omeforte 1000,Mankind Pharma,PANTOPRAZOLE-500mg,5 ml,
Metcap 500,Cipla,losartan(400 mg),10 capsules,214.31
Pancap 1000,Hetero Drugs,PARACETAMOL-40mg,10 tablets,544.27
Amoxforte 40,Abbott India,metformin(10mg),30 tablets,0.0
Azeeplus 40,Novartis India,ondansetron(200 mg),5 ml,471.75
Metxr 500,Intas Pharma,ASPIRIN-5mg,5 ml,358.52
Mettab 500,Novartis India,ibuprofen(500 mg),6 tablets,500.34
Dolood 10,Cipla,omeprazole(40mg),1 bottle,193.33
Augxr 500,Zydus Cadila,Amlodipine (500mg),15 tablets,52.55
Cetod 1000,Sun Pharma,Telmisartan (40mg),1 bottle,387.42
Brusr 250,Zydus Cadila,clopidogrel(10mg),15 tablets,424.17
Dolocap 40,Torrent Pharma,Ondansetron 20 mg,1 bottle,513.0
Brutab 10,Sun Pharma,RABEPRAZOLE-10mg,10 capsules,
Cetplus 250,Torrent Pharma,vitamin d3(40mg),30 tablets,121.1
Omeplus 500,Sun Pharma,ciprofloxacin 250 mg,30 tablets,434.12
Augsr 20,Cipla,CETIRIZINE-100mg,10 capsules,280.91
Omeds 20,Zydus Cadila,amlodipine 500 mg,15 tablets,147.87
Panplus 20,Himalaya,Levothyroxine (400 mg),15 tablets,0.0
Metcap 20,Alkem Labs,fluoxetine(1000 mg),15 tablets,357.02
Azeeplus 10,Glenmark,ROSUVASTATIN-500mg,1 bottle,170.76
Azeecap 1000,Sanofi India,alprazolam(500 mg),15 tablets,422.09
Brusr 500,Sanofi India,Ondansetron (40mg),30 tablets,397.81
Clavxr 500,Dr Reddy,doxycycline 250 mg,5 ml,336.83
Brucap 1000,Mankind Pharma,paracetamol(10mg),30 tablets,272.76
Cetcap 500,Dr Reddy,Losartan (40mg),5 ml,553.86
Bruxr 500,Dabur Pharma,Ranitidine (250mg),6 tablets,500.23
Panod 1000,Glenmark,ondansetron 250mg,5 ml,262.74
Omecin 40,Abbott India,Glimepiride (500mg),10 capsules,458.07
Cetplus 10,Mankind Pharma,domperidone(400 mg),15 tablets,63.44
Cetsr 10,Sun Pharma,Paracetamol 500 mg,10 capsules,398.17
Cetxr 1000,GSK India,Azithromycin (10 mg),1 bottle,137.29
Augcap 500,Glenmark,paracetamol(250mg),15 tablets,168.66
Metxr 250,Alkem Labs,Metoprolol (400mg),5 ml,15.36
Mettab 10,Intas Pharma,Glimepiride 1000 mg,15 tablets,214.59
Bruds 1000,Pfizer India,DOMPERIDONE-20mg,1 bottle,290.15
Amoxcap 20,Torrent Pharma,AMOXICILLIN-10mg,10 capsules,585.01
Azeeds 10,Glenmark,atorvastatin 40 mg,10 tablets,19.71
Cetcin 500,Mankind Pharma,ZINC SULPHATE-200mg,30 tablets,177.92
Amoxforte 10,Mankind Pharma,Telmisartan 1000 mg,15 tablets,470.3
Pancap 1000,Pfizer India,rabeprazole 200 mg,10 capsules,525.49
Clavcin 1000,Wockhardt,CIPROFLOXACIN-1000mg,10 capsules,415.42
Dolosol 20,Sun Pharma,Telmisartan (1000mg),10 capsules,525.64
Amoxsol 1000,Aurobindo Pharma,Telmisartan (40mg),6 tablets,469.9
Omeplus 40,GSK India,AMOXICILLIN-200mg,10 capsules,260.99
Azeeds 1000,Abbott India,levocetirizine 10mg,1 bottle,171.28
Doloxr 1000,Pfizer India,rabeprazole(1000mg),5 ml,538.49
Omeforte 40,Novartis India,Rabeprazole 400 mg,5 ml,183.79
Augsr 40,Cipla,Clonazepam (200 mg),15 tablets,
Augds 10,Cipla,clonazepam 100mg,6 tablets,20.1
Metsr 1000,Cipla,fexofenadine 500mg,15 tablets,549.59
Metcin 10,Pfizer India,Ibuprofen 1000  mg,6 tablets,286.83
Brusr 20,Mankind Pharma,PREGABALIN-20mg,1 bottle,388.28
Dolosol 20,Sanofi India,alprazolam(20 mg),1 bottle,457.88
Brusol 1000,Alkem Labs,Amoxicillin 1000  mg,10 capsules,410.4
Doloforte 250,Aurobindo Pharma,Zinc sulphate 5  mg,10 tablets,507.55
Azeexr 40,Cipla,Amlodipine 10 mg,30 tablets,460.79
Cetcin 250,Aurobindo Pharma,Diclofenac 250 mg,15 tablets,246.11
Cetds 20,Himalaya,PARACETAMOL-40mg,10 capsules,55.41
Bruforte 500,Novartis India,Pantoprazole (40 mg),15 tablets,465.39
Amoxcap 10,Intas Pharma,Paracetamol 400  mg,10 capsules,355.69
Metforte 1000,Dr Reddy,VITAMIN D3-400mg,6 tablets,414.76
Brusr 250,Himalaya,azithromycin 100mg,10 capsules,596.38
Doloplus 20,Alkem Labs,Clopidogrel 400  mg,10 tablets,322.06
Pancap 40,Abbott India,pregabalin 5 mg,5 ml,409.55
Panxr 40,GSK India,Gabapentin 10 mg,10 capsules,231.13
Pantab 10,Himalaya,azithromycin(250 mg),5 ml,393.09
Metsr 250,Glenmark,Metoprolol (5 mg),10 tablets,0.0
Augcin 500,Intas Pharma,Calcium carbonate 20 mg,10 tablets,
Azeecap 20,Aurobindo Pharma,ATORVASTATIN-20mg,15 tablets,567.95
Pancin 10,Glenmark,glimepiride(100mg),5 ml,95.2
Amoxtab 250,Pfizer India,CLOPIDOGREL-200mg,6 tablets,0.0
Omecap 10,Aurobindo Pharma,vitamin d3(10mg),5 ml,248.44
Omesr 250,Abbott India,Clonazepam (20mg),10 capsules,384.28
Metforte 20,Torrent Pharma,levocetirizine 5mg,30 tablets,233.84
Cetcin 40,Sun Pharma,Clopidogrel 5  mg,10 tablets,449.86
Bruod 250,Hetero Drugs,METOPROLOL-100mg,15 tablets,354.66
Cetds 1000,Abbott India,ciprofloxacin 20 mg,10 tablets,345.37
Augcin 500,Aurobindo Pharma,metformin(400mg),6 tablets,551.63
Metxr 1000,Hetero Drugs,Amlodipine (100mg),30 tablets,304.73
Bruplus 20,Sun Pharma,diclofenac 500 mg,15 tablets,331.7
Doloplus 40,Abbott India,Methylcobalamin 20  mg,10 capsules,244.84
Brusr 20,Cipla,Amlodipine 400 mg,1 bottle,467.07
Amoxod 10,Hetero Drugs,VITAMIN D3-1000mg,10 capsules,580.93
Clavds 10,Torrent Pharma,Ranitidine (20mg),15 tablets,117.24
Omesr 20,Wockhardt,Amlodipine 250 mg,1 bottle,353.38
Clavds 500,Zydus Cadila,rabeprazole(200 mg),10 capsules,135.48
Augsr 20,Pfizer India,ondansetron(400 mg),6 tablets,118.88
Cetcin 20,Torrent Pharma,MONTELUKAST-10mg,10 capsules,568.94
Azeesol 20,Alkem Labs,aspirin 10mg,10 capsules,58.11
Pansr 10,Intas Pharma,Ibuprofen (250mg),30 tablets,94.9
Amoxod 250,Cipla,ATORVASTATIN-100mg,5 ml,136.89
Azeesr 500,Zydus Cadila,methylcobalamin 40 mg,6 tablets,27.64
Cetplus 250,Mankind Pharma,levothyroxine 1000 mg,6 tablets,203.07
Metcin 20,Abbott India,METFORMIN-5mg,30 tablets,560.03
Cetod 20,Dabur Pharma,cetirizine(200mg),1 bottle,
Omesr 40,Zydus Cadila,esomeprazole(1000 mg),10 tablets,
Bruod 1000,Lupin,Zinc sulphate 10  mg,10 capsules,587.08
Amoxsr 1000,Abbott India,glimepiride 250mg,5 ml,79.35
Brutab 250,Dabur Pharma,Atorvastatin 5 mg,30 tablets,38.68
Metxr 250,Hetero Drugs,Pantoprazole 1000 mg,10 tablets,456.48
Clavod 40,Dabur Pharma,amoxicillin 20mg,6 tablets,50.02
Cetplus 1000,Alkem Labs,Doxycycline (20 mg),30 tablets,170.84
Augds 10,Wockhardt,Paracetamol 200 mg,10 tablets,520.67
Omeod 250,Wockhardt,Atorvastatin 250 mg,30 tablets,473.57
Metcap 20,GSK India,Pregabalin (500 mg),6 tablets,359.11
Omeds 1000,Dabur Pharma,Domperidone (200mg),5 ml,309.26
Amoxod 10,Pfizer India,omeprazole 10mg,30 tablets,404.09
Panplus 250,GSK India,Ondansetron 500 mg,10 tablets,356.0
Amoxcin 500,Lupin,montelukast 250 mg,10 capsules,365.69
Metod 10,Sun Pharma,ranitidine(1000mg),6 tablets,241.04
Azeeds 10,Hetero Drugs,amoxicillin(400mg),5 ml,413.22
Cetxr 1000,Novartis India,ibuprofen(20 mg),10 tablets,101.21
Metsol 1000,Dabur Pharma,Rabeprazole 100 mg,15 tablets,434.73
Pands 20,Torrent Pharma,domperidone 20 mg,5 ml,540.8
Augcin 20,Dabur Pharma,fluoxetine(500mg),10 capsules,107.57
Mettab 250,Intas Pharma,calcium carbonate(1000mg),5 ml,126.22
Azeeplus 20,Lupin,Rabeprazole (1000 mg),30 tablets,0.0
Ometab 20,Mankind Pharma,PANTOPRAZOLE-1000mg,6 tablets,0.0
Metod 10,Sun Pharma,TRAMADOL-40mg,30 tablets,409.45
Pands 40,GSK India,esomeprazole 200mg,6 tablets,535.89
Brutab 20,Dr Reddy,Domperidone 1000 mg,30 tablets,346.8
Brucap 500,Wockhardt,Levocetirizine 40  mg,15 tablets,201.42
Brutab 40,Sun Pharma,PARACETAMOL-500mg,15 tablets,0.0
Metxr 20,Pfizer India,esomeprazole(40 mg),10 tablets,245.56
Metxr 250,Aurobindo Pharma,Ondansetron (400mg),1 bottle,227.61
Azeeod 250,Sun Pharma,omeprazole 10 mg,10 capsules,14.48
Pancap 1000,Abbott India,Azithromycin (40mg),6 tablets,88.07
Clavforte 500,Himalaya,domperidone 20 mg,1 bottle,515.62
Azeexr 250,Dabur Pharma,Ondansetron (500mg),6 tablets,86.76
Amoxod 500,Torrent Pharma,fluoxetine 100mg,5 ml,33.96
Azeetab 250,Glenmark,calcium carbonate 100mg,15 tablets,338.0
Metplus 1000,Hetero Drugs,pregabalin 1000 mg,10 capsules,459.16
Clavsr 250,Lupin,PANTOPRAZOLE-500mg,1 bottle,
Azeexr 250,Zydus Cadila,Levocetirizine 10 mg,30 tablets,273.01
Metforte 250,Sun Pharma,Metoprolol 10  mg,15 tablets,224.66
Omexr 10,Pfizer India,Domperidone (250mg),15 tablets,486.91
Cetcap 1000,Cipla,clonazepam(20 mg),30 tablets,186.92
Bruplus 40,Torrent Pharma,montelukast(20 mg),10 tablets,449.24
Augtab 20,Cipla,levothyroxine(20 mg),30 tablets,560.68
Amoxxr 20,Aurobindo Pharma,clonazepam(200 mg),1 bottle,135.17
Clavsr 1000,Glenmark,PREGABALIN-400mg,6 tablets,379.3
Cetsol 40,Cipla,Paracetamol 500  mg,5 ml,418.89
Pantab 20,Abbott India,omeprazole 400 mg,5 ml,0.0
Metcap 40,Abbott India,Esomeprazole 10  mg,15 tablets,426.23
Amoxcin 500,Aurobindo Pharma,amlodipine(5mg),30 tablets,522.2
Clavcap 1000,Aurobindo Pharma,Pantoprazole 1000  mg,10 capsules,105.88
Cetcin 500,Glenmark,pantoprazole(400mg),6 tablets,149.07
Metsol 500,Wockhardt,Losartan (250mg),10 capsules,313.63
Azeecap 20,Dabur Pharma,Montelukast (40 mg),10 capsules,13.38
Dolocap 10,Torrent Pharma,levothyroxine 1000mg,6 tablets,42.09
Omecin 250,Novartis India,METHYLCOBALAMIN-1000mg,15 tablets,432.24
Brucap 500,Mankind Pharma,ASPIRIN-5mg,5 ml,299.72
Bruplus 40,Cipla,atorvastatin(10 mg),1 bottle,291.06
Brucin 1000,Cipla,doxycycline 400 mg,15 tablets,371.7
Pansr 40,Dr Reddy,montelukast 20mg,6 tablets,0.0
Dolods 500,Wockhardt,Fluoxetine (200mg),1 bottle,261.39
Pansol 40,Sun Pharma,PARACETAMOL-10mg,5 ml,247.66
Omeplus 20,Wockhardt,rosuvastatin 1000 mg,6 tablets,273.11
Clavod 40,Sanofi India,Vitamin D3 (5mg),15 tablets,294.77
Azeexr 250,Dabur Pharma,telmisartan 1000mg,6 tablets,356.85
Metcap 10,Dabur Pharma,levothyroxine 250mg,6 tablets,466.85
Omecap 250,Torrent Pharma,amlodipine(400mg),1 bottle,100.91
Amoxds 1000,Glenmark,Gabapentin (1000mg),10 capsules,0.0
Cetcap 500,Wockhardt,Atorvastatin 40 mg,6 tablets,491.44
Cetforte 10,Mankind Pharma,montelukast 40 mg,5 ml,431.36
Cetsol 10,Sanofi India,atorvastatin(5 mg),15 tablets,319.31
Azeecin 10,Dr Reddy,clopidogrel 400 mg,1 bottle,420.94
Augod 20,Aurobindo Pharma,losartan 200 mg,30 tablets,325.6
Augod 1000,Wockhardt,ibuprofen(250 mg),6 tablets,343.88
Augcap 500,Dabur Pharma,Gabapentin (400mg),5 ml,241.82
Bruxr 500,Wockhardt,METFORMIN-200mg,10 tablets,12.39
Dolosr 40,Wockhardt,levothyroxine(20 mg),30 tablets,556.66
Amoxsr 10,Lupin,rosuvastatin 40 mg,15 tablets,0.0
Bruds 500,Glenmark,Rabeprazole 5  mg,10 capsules,0.0
Dolotab 500,Hetero Drugs,Atorvastatin 10  mg,30 tablets,111.67
Amoxcin 500,Dabur Pharma,atorvastatin(5 mg),1 bottle,482.59
Metforte 10,Sun Pharma,Levocetirizine 400  mg,10 capsules,521.42
Amoxplus 500,Cipla,ASPIRIN-10mg,10 capsules,550.45
Clavds 500,Cipla,ranitidine 500mg,10 capsules,25.99
Clavxr 40,Himalaya,atorvastatin 5mg,10 tablets,47.2
Cetds 1000,Torrent Pharma,METHYLCOBALAMIN-40mg,30 tablets,72.83
Augsol 1000,Glenmark,clonazepam 250mg,10 tablets,454.08
Augsol 20,Himalaya,Montelukast (5 mg),30 tablets,0.0
Brucin 500,Cipla,clopidogrel(200 mg),15 tablets,432.6
Clavcap 1000,Hetero Drugs,Amoxicillin (400mg),10 capsules,316.19
Mettab 20,Zydus Cadila,tramadol 5mg,10 tablets,448.51
Dolotab 40,Hetero Drugs,Gabapentin 10  mg,10 capsules,190.79
Azeeds 40,Alkem Labs,TELMISARTAN-5mg,10 tablets,84.45
Clavxr 500,Torrent Pharma,clonazepam(1000 mg),10 tablets,152.86
Clavplus 500,Novartis India,fexofenadine 250mg,1 bottle,279.87
Panxr 10,Pfizer India,Clonazepam (5mg),15 tablets,115.62
Omesr 20,Sanofi India,Omeprazole (500 mg),5 ml,304.39
Bruod 20,Himalaya,rabeprazole 500 mg,30 tablets,0.0
Cetsol 40,Zydus Cadila,LEVOCETIRIZINE-20mg,1 bottle,288.46
Augod 250,Mankind Pharma,VITAMIN D3-250mg,15 tablets,29.26
Augcin 40,Novartis India,fexofenadine 250 mg,6 tablets,534.03
Augxr 10,Torrent Pharma,diclofenac 200 mg,10 tablets,193.86
Augsol 10,Cipla,gabapentin(400 mg),5 ml,312.4
Dolods 20,Himalaya,fluoxetine(500mg),30 tablets,459.17
Azeesr 10,Torrent Pharma,pregabalin(5mg),10 capsules,0.0
Cetsol 20,Aurobindo Pharma,Metoprolol 250 mg,10 tablets,244.3
Azeetab 500,Dr Reddy,calcium carbonate 250mg,10 capsules,557.61
Pansr 250,Zydus Cadila,rabeprazole(10mg),5 ml,549.92
Clavcap 500,Cipla,Calcium Carbonate (500mg),1 bottle,292.78
Amoxds 40,Abbott India,rabeprazole(400 mg),15 tablets,558.38
Brusr 1000,Glenmark,TRAMADOL-500mg,10 tablets,280.46
Augcin 10,Hetero Drugs,ciprofloxacin 5mg,6 tablets,269.82
Panforte 10,Glenmark,doxycycline 10mg,30 tablets,0.0
Clavsol 20,GSK India,amlodipine(1000mg),10 capsules,170.12
Ometab 1000,Novartis India,montelukast(500 mg),15 tablets,45.82
Pansol 10,Glenmark,CETIRIZINE-20mg,5 ml,325.17
Panod 40,Dr Reddy,ondansetron(400 mg),6 tablets,267.24
Amoxplus 1000,Abbott India,GABAPENTIN-500mg,6 tablets,260.4
Metxr 40,Sun Pharma,sertraline 200 mg,5 ml,514.89
Dolosr 500,Zydus Cadila,ATORVASTATIN-10mg,10 capsules,456.96
Augcap 20,GSK India,azithromycin(500 mg),30 tablets,546.73
Metcin 500,Aurobindo Pharma,ciprofloxacin(10mg),10 capsules,342.44
Amoxtab 10,Abbott India,MONTELUKAST-40mg,15 tablets,513.89
Bruxr 250,Abbott India,rosuvastatin(200mg),10 capsules,568.47
Omeforte 40,Aurobindo Pharma,rabeprazole 40 mg,15 tablets,382.26
Brutab 10,Dabur Pharma,omeprazole 40 mg,10 tablets,0.0
Omexr 20,Sanofi India,Pantoprazole (40mg),6 tablets,334.67
Augxr 40,Torrent Pharma,cetirizine 400mg,6 tablets,534.5
Pancap 20,Pfizer India,Pregabalin 5 mg,30 tablets,487.74
Cetxr 40,Sun Pharma,GLIMEPIRIDE-400mg,5 ml,
Metxr 10,Lupin,VITAMIN D3-1000mg,10 capsules,275.83
Cetforte 40,Dr Reddy,Levocetirizine 10  mg,10 tablets,241.34
Metplus 20,Zydus Cadila,AMOXICILLIN-20mg,6 tablets,0.0
Brusr 1000,Novartis India,Doxycycline 20  mg,15 tablets,0.0
Cetplus 1000,Dr Reddy,sertraline(20 mg),30 tablets,490.04
Dolotab 10,Abbott India,ZINC SULPHATE-40mg,5 ml,187.99
Azeexr 500,Cipla,Montelukast 20 mg,10 tablets,297.85
Doloforte 20,Aurobindo Pharma,methylcobalamin 200 mg,10 capsules,456.7
Clavcin 250,Dr Reddy,diclofenac 1000 mg,30 tablets,136.07
Doloforte 250,Mankind Pharma,Pregabalin (250 mg),6 tablets,439.34
Augcap 500,Novartis India,telmisartan 100mg,1 bottle,323.8
Amoxforte 1000,Abbott India,MONTELUKAST-40mg,10 tablets,231.76
Dolotab 250,Alkem Labs,sertraline(100mg),15 tablets,162.34
Omecap 40,Glenmark,clonazepam(20 mg),15 tablets,0.0
Bruxr 250,Pfizer India,LEVOTHYROXINE-100mg,1 bottle,0.0
Omeds 10,Cipla,clonazepam(500 mg),10 tablets,579.3
Metxr 10,Dr Reddy,Omeprazole (250 mg),30 tablets,324.64
Augtab 250,Dr Reddy,paracetamol(40 mg),10 capsules,372.16
Augcin 10,Glenmark,FEXOFENADINE-100mg,5 ml,
Omeforte 1000,Abbott India,FEXOFENADINE-200mg,5 ml,
Cetds 10,Alkem Labs,AMOXICILLIN-500mg,10 tablets,525.57
Amoxtab 250,Zydus Cadila,clopidogrel 250mg,15 tablets,179.25
Amoxforte 40,Glenmark,Sertraline (500mg),10 tablets,356.58
Azeecap 500,Alkem Labs,ONDANSETRON-10mg,5 ml,
Cetcin 1000,Zydus Cadila,levothyroxine(400mg),15 tablets,231.65
Metplus 20,Lupin,Zinc Sulphate (500mg),5 ml,189.59
Brutab 500,Mankind Pharma,ciprofloxacin 40mg,10 capsules,101.73
Amoxcap 20,Zydus Cadila,levocetirizine 100mg,15 tablets,244.64
Clavds 10,Mankind Pharma,Diclofenac (10 mg),30 tablets,262.2
Augsr 40,Wockhardt,VITAMIN D3-500mg,5 ml,543.71
Augsol 1000,Mankind Pharma,methylcobalamin 400 mg,10 capsules,247.62
Dolood 250,Hetero Drugs,Ranitidine 1000  mg,5 ml,166.37
Clavxr 10,Sanofi India,PANTOPRAZOLE-500mg,10 tablets,185.69
Clavforte 500,Aurobindo Pharma,ESOMEPRAZOLE-400mg,5 ml,178.82
Metforte 500,Glenmark,Telmisartan 1000  mg,6 tablets,340.23
Metcap 1000,Novartis India,levocetirizine(20mg),30 tablets,127.91
Omeforte 10,Zydus Cadila,rabeprazole(40 mg),30 tablets,56.42
Amoxsol 40,Abbott India,levocetirizine(5mg),30 tablets,177.68
Omexr 40,Sun Pharma,fexofenadine(400mg),1 bottle,326.73
Dolosol 40,Wockhardt,Aspirin (400 mg),10 tablets,568.23
Metcin 10,Dr Reddy,Alprazolam 5 mg,10 tablets,485.39
Azeeod 10,Lupin,Sertraline (40mg),30 tablets,490.19
Amoxod 500,Aurobindo Pharma,IBUPROFEN-400mg,6 tablets,77.75
Augxr 500,Intas Pharma,ondansetron(5mg),5 ml,199.4
Brusol 500,Intas Pharma,Vitamin d3 40 mg,30 tablets,361.93
Bruod 1000,Sun Pharma,vitamin d3 200 mg,15 tablets,307.33
Amoxod 10,Aurobindo Pharma,Azithromycin 40 mg,6 tablets,60.35
Dolosol 20,Abbott India,ibuprofen(10 mg),15 tablets,73.68
Brusol 20,Sun Pharma,pantoprazole(500 mg),10 tablets,
Amoxsol 10,Abbott India,OMEPRAZOLE-5mg,30 tablets,551.24
Panod 20,Lupin,doxycycline(200mg),30 tablets,479.91
Pantab 1000,Dabur Pharma,Atorvastatin 10  mg,15 tablets,545.96
Pancin 1000,Dr Reddy,glimepiride(200 mg),5 ml,396.45
Bruxr 250,Novartis India,amoxicillin(20mg),5 ml,
Omesol 1000,Intas Pharma,ATORVASTATIN-500mg,15 tablets,305.15
Dolosol 250,Cipla,PREGABALIN-200mg,15 tablets,259.88
Azeexr 250,Lupin,cetirizine(40 mg),15 tablets,55.26
Omeod 40,Alkem Labs,Omeprazole (40 mg),15 tablets,
Azeeds 40,Sun Pharma,Amlodipine 100 mg,15 tablets,60.25
Augtab 20,Glenmark,gabapentin 20 mg,15 tablets,134.17
Brusol 20,Intas Pharma,Esomeprazole 40  mg,5 ml,50.47
Brutab 20,Dabur Pharma,amoxicillin 40 mg,10 tablets,599.26
Mettab 1000,Cipla,azithromycin 500 mg,10 tablets,0.0
Bruds 1000,Aurobindo Pharma,CALCIUM CARBONATE-10mg,10 tablets,489.98
Cetforte 1000,Dr Reddy,ranitidine 40 mg,10 tablets,296.04
Clavplus 20,Dabur Pharma,tramadol(200 mg),6 tablets,319.22
Metcin 250,Himalaya,calcium carbonate(100mg),10 capsules,226.59
Brusol 1000,Hetero Drugs,Clopidogrel 10  mg,6 tablets,223.52
Bruxr 500,Pfizer India,Ranitidine (20 mg),15 tablets,458.17
Pantab 1000,GSK India,Losartan (1000 mg),10 tablets,516.54
Brucap 1000,Sanofi India,Ciprofloxacin 250 mg,6 tablets,31.99
Azeeod 250,Wockhardt,Cetirizine (250mg),1 bottle,406.01
Pansr 10,Novartis India,CETIRIZINE-40mg,15 tablets,107.75
Azeecap 500,Abbott India,ROSUVASTATIN-40mg,15 tablets,
Metforte 20,Zydus Cadila,telmisartan 40 mg,10 capsules,
Clavtab 500,Torrent Pharma,omeprazole(500mg),1 bottle,228.83
Dolosr 500,Glenmark,Aspirin (500 mg),15 tablets,105.52
Dolosr 20,Lupin,paracetamol 10 mg,6 tablets,588.48
Omecin 1000,Novartis India,ASPIRIN-250mg,10 tablets,68.58
Dolocap 20,Dr Reddy,clopidogrel 400mg,10 capsules,458.48
Augplus 40,Wockhardt,glimepiride(40 mg),5 ml,
Panxr 500,Dabur Pharma,omeprazole(5 mg),15 tablets,455.56
Omecap 250,Novartis India,Ibuprofen 400 mg,10 capsules,139.38
Clavcin 1000,Aurobindo Pharma,DICLOFENAC-200mg,10 capsules,490.08
Pands 1000,Himalaya,fluoxetine(500 mg),30 tablets,
Amoxforte 500,Cipla,levocetirizine(10 mg),6 tablets,315.73
Brusr 500,Aurobindo Pharma,Rabeprazole (1000mg),30 tablets,146.25
Augxr 250,Glenmark,Amoxicillin 1000 mg,15 tablets,556.45
Dolosol 40,Cipla,montelukast(200 mg),15 tablets,20.13
Amoxplus 10,Aurobindo Pharma,ondansetron(40mg),30 tablets,466.13
Cetsol 40,Intas Pharma,levothyroxine(250mg),6 tablets,91.38
Augcap 1000,Torrent Pharma,Alprazolam (250mg),10 tablets,73.48
Dolosr 1000,Novartis India,ondansetron 10mg,30 tablets,
Cetplus 500,Aurobindo Pharma,ranitidine(40 mg),10 tablets,226.4
Dolood 1000,Dabur Pharma,DOXYCYCLINE-400mg,5 ml,220.43
Metcin 1000,Sanofi India,LEVOTHYROXINE-400mg,1 bottle,19.99
Augcap 250,Dabur Pharma,ondansetron(40mg),10 tablets,295.34
Augds 500,Dr Reddy,amlodipine 250mg,1 bottle,543.86
Augcin 10,Dabur Pharma,Ranitidine 1000  mg,15 tablets,139.0
Cetds 250,Abbott India,Amoxicillin (5mg),10 capsules,186.83
Omeod 250,Cipla,PARACETAMOL-40mg,1 bottle,70.9
Omeod 250,Dabur Pharma,Esomeprazole 400 mg,1 bottle,9.22
Cetcap 1000,Lupin,Vitamin d3 250  mg,1 bottle,230.93
Clavplus 250,Hetero Drugs,fluoxetine(1000mg),30 tablets,438.44
Dolosol 500,Intas Pharma,Metoprolol (400mg),5 ml,447.8
Doloxr 1000,Dr Reddy,tramadol(20 mg),30 tablets,269.13
Dolosol 40,Intas Pharma,paracetamol(10mg),5 ml,371.65
Bruforte 250,Wockhardt,Diclofenac 40  mg,6 tablets,212.0
Clavcap 20,Sun Pharma,LEVOCETIRIZINE-1000mg,5 ml,59.23
Clavcin 500,Dr Reddy,Pregabalin 500 mg,5 ml,86.17
Augxr 500,Sun Pharma,Sertraline 400  mg,1 bottle,206.5
Cettab 500,Hetero Drugs,fluoxetine(10mg),10 capsules,232.1
Ometab 1000,Abbott India,Alprazolam 500  mg,1 bottle,508.72
Dolosol 20,Pfizer India,AMOXICILLIN-250mg,5 ml,453.39
Bruforte 20,Zydus Cadila,ASPIRIN-1000mg,30 tablets,397.95
Azeeplus 250,GSK India,ZINC SULPHATE-5mg,5 ml,298.61
Dolosol 20,Himalaya,fluoxetine 10 mg,10 tablets,90.56
Bruxr 1000,Mankind Pharma,ibuprofen 1000 mg,6 tablets,116.92
Cetplus 1000,Zydus Cadila,Ciprofloxacin (500 mg),1 bottle,566.3
Bruod 10,Aurobindo Pharma,aspirin 40 mg,30 tablets,586.64
Amoxod 1000,Mankind Pharma,Glimepiride 200  mg,15 tablets,
Clavcap 20,Sun Pharma,levocetirizine 20mg,1 bottle,255.93
Cetsr 10,Wockhardt,Azithromycin (20mg),5 ml,428.89
Metplus 40,Pfizer India,levothyroxine(250mg),10 capsules,527.38
Dolocin 500,Wockhardt,methylcobalamin 10mg,5 ml,95.23
Augod 10,Intas Pharma,Tramadol (400 mg),30 tablets,515.92
Metsol 40,Pfizer India,Clonazepam (100mg),10 tablets,369.69
Cetcin 20,Alkem Labs,PREGABALIN-20mg,1 bottle,421.64
Brusol 10,Pfizer India,Ondansetron 40  mg,10 tablets,381.04
Omecap 500,Sun Pharma,CLONAZEPAM-10mg,10 tablets,24.02
Bruplus 20,Torrent Pharma,clonazepam(100mg),15 tablets,128.5
Azeecap 40,Sun Pharma,Diclofenac 200  mg,5 ml,327.83
Doloplus 20,Sun Pharma,Omeprazole 5 mg,5 ml,551.07
Bruplus 20,Novartis India,Calcium Carbonate (20mg),30 tablets,0.0
Omeod 500,Dabur Pharma,domperidone 20mg,30 tablets,229.53
Brutab 10,Glenmark,Paracetamol (1000mg),30 tablets,212.23
Azeeod 40,Alkem Labs,Metformin (400 mg),10 capsules,456.34
Mettab 1000,Cipla,atorvastatin 500mg,30 tablets,248.15
Omeplus 20,Sanofi India,DOXYCYCLINE-250mg,6 tablets,390.27
Clavcin 250,Alkem Labs,Rosuvastatin (5 mg),10 tablets,553.93
Augds 1000,GSK India,Glimepiride (20 mg),5 ml,29.37
Azeeds 40,Aurobindo Pharma,Metoprolol (20 mg),10 capsules,424.34
Bruds 10,Sanofi India,omeprazole 10mg,1 bottle,74.79
Azeesol 40,Himalaya,rabeprazole 20 mg,6 tablets,125.93
Metforte 500,Glenmark,Amoxicillin (250 mg),10 capsules,159.31
Cetds 1000,Pfizer India,rosuvastatin 10 mg,6 tablets,154.17
Cetxr 10,Mankind Pharma,vitamin d3(200 mg),30 tablets,398.4
Dolods 1000,Cipla,sertraline(250 mg),10 tablets,557.99
Azeeforte 500,Sun Pharma,DOXYCYCLINE-250mg,15 tablets,101.29
Metplus 1000,Novartis India,rabeprazole(10 mg),5 ml,49.22
Azeeforte 1000,Zydus Cadila,metformin 40mg,5 ml,
Clavsr 500,Sun Pharma,GABAPENTIN-20mg,10 capsules,532.51
Augsr 10,GSK India,CIPROFLOXACIN-400mg,5 ml,552.55
Augds 10,Glenmark,ALPRAZOLAM-100mg,15 tablets,125.46
Cetplus 500,Dr Reddy,DICLOFENAC-1000mg,10 tablets,122.53
Omeod 40,Pfizer India,Metformin 500  mg,1 bottle,542.75
Clavxr 1000,Aurobindo Pharma,Vitamin D3 (40 mg),30 tablets,464.95
Bruds 500,Dabur Pharma,glimepiride(500mg),6 tablets,
Amoxcap 40,Mankind Pharma,ZINC SULPHATE-500mg,5 ml,232.88
Omeod 250,Zydus Cadila,TRAMADOL-5mg,5 ml,458.06
Amoxsr 40,Hetero Drugs,Paracetamol (20 mg),6 tablets,0.0
Omeforte 250,Himalaya,Azithromycin 250  mg,10 tablets,449.17
Pancap 10,Sun Pharma,Metoprolol (10 mg),10 capsules,214.4
Azeesol 500,Dabur Pharma,losartan 20 mg,1 bottle,196.64
Omeplus 20,Dabur Pharma,Rosuvastatin (40 mg),15 tablets,246.53
Bruplus 40,Wockhardt,rabeprazole(400mg),6 tablets,
Bruxr 1000,Zydus Cadila,Doxycycline 1000 mg,5 ml,94.58
Augcap 1000,Himalaya,gabapentin 250 mg,15 tablets,9.55
Pantab 1000,Aurobindo Pharma,metoprolol(250mg),6 tablets,
Doloplus 500,Novartis India,Omeprazole (200 mg),5 ml,495.75
Brusol 10,Abbott India,DOMPERIDONE-500mg,30 tablets,362.18
Panod 250,Cipla,Paracetamol (1000mg),6 tablets,319.58
Panplus 20,Lupin,pregabalin(20 mg),6 tablets,580.57
Azeeod 500,Dr Reddy,ciprofloxacin 250 mg,30 tablets,0.0
Augxr 10,Abbott India,ciprofloxacin 500mg,6 tablets,60.4
Cetxr 20,Dr Reddy,gabapentin(250mg),15 tablets,47.53
Augcin 1000,Torrent Pharma,Methylcobalamin 100 mg,5 ml,547.53
Metcin 20,Novartis India,omeprazole 500mg,15 tablets,264.13
Azeeod 250,Zydus Cadila,zinc sulphate 5 mg,10 tablets,450.22
Pantab 10,Hetero Drugs,Ciprofloxacin 40  mg,6 tablets,488.88
Cetds 20,GSK India,Cetirizine 5  mg,1 bottle,487.81
Omexr 40,Hetero Drugs,fexofenadine(400 mg),10 tablets,103.59
Augds 40,Wockhardt,Pantoprazole 40 mg,1 bottle,312.81
Dolocap 500,Aurobindo Pharma,Diclofenac (1000 mg),5 ml,333.78
Clavsol 1000,Intas Pharma,Gabapentin 250 mg,10 capsules,342.84
Bruforte 20,Pfizer India,Zinc sulphate 40  mg,15 tablets,
Dolocin 250,Novartis India,domperidone 400 mg,10 tablets,551.73
Azeeod 500,Glenmark,Diclofenac 10 mg,1 bottle,346.42
Azeesr 250,Dr Reddy,rosuvastatin 1000 mg,10 capsules,391.79
Pancin 40,Hetero Drugs,Fexofenadine (500mg),5 ml,365.25
Augforte 40,Novartis India,Ranitidine 5  mg,5 ml,0.0
Pantab 250,Himalaya,CIPROFLOXACIN-250mg,15 tablets,440.8
Amoxcap 20,Cipla,Atorvastatin 5  mg,1 bottle,0.0
Metsol 10,Mankind Pharma,CALCIUM CARBONATE-500mg,15 tablets,366.0
Augsol 250,Cipla,IBUPROFEN-1000mg,10 tablets,564.73
Clavsr 1000,Torrent Pharma,RABEPRAZOLE-10mg,6 tablets,149.62
Omeplus 1000,GSK India,glimepiride 250mg,5 ml,239.49
Bruds 10,Cipla,levocetirizine 40 mg,6 tablets,475.08
Omeplus 10,Glenmark,esomeprazole 400mg,6 tablets,395.95
Amoxds 500,Alkem Labs,levocetirizine(500 mg),6 tablets,473.64
Brusr 500,Mankind Pharma,Rosuvastatin 400  mg,5 ml,265.03
Augsr 1000,Sun Pharma,LEVOTHYROXINE-400mg,5 ml,0.0
Bruod 20,Mankind Pharma,ALPRAZOLAM-100mg,5 ml,137.32
Azeecin 1000,Glenmark,aspirin(10 mg),5 ml,22.08
Azeeplus 10,Dabur Pharma,Metformin (500 mg),15 tablets,
Clavsol 20,Mankind Pharma,tramadol 5mg,5 ml,35.04
Dolocin 500,Glenmark,fluoxetine(20mg),30 tablets,0.0
Omeforte 250,Novartis India,levocetirizine 20mg,30 tablets,408.54
Omeplus 500,Mankind Pharma,Montelukast (250 mg),10 capsules,211.3
Augod 1000,Abbott India,TRAMADOL-200mg,5 ml,119.35
Dolood 250,Abbott India,CETIRIZINE-10mg,6 tablets,170.66
Bruxr 500,Zydus Cadila,ranitidine 20 mg,10 capsules,485.23
Metds 40,Abbott India,Clonazepam 500  mg,10 capsules,408.72
Clavtab 20,Cipla,Omeprazole 200 mg,5 ml,145.43
Metsr 40,Glenmark,montelukast 500 mg,5 ml,26.5
Metsol 10,Wockhardt,Ranitidine (400 mg),1 bottle,156.11
Cetxr 1000,Hetero Drugs,Omeprazole 250  mg,1 bottle,530.72
Augxr 500,Lupin,alprazolam(200mg),10 capsules,16.36
Brusol 250,Dabur Pharma,Methylcobalamin (400mg),5 ml,475.74
Amoxforte 250,GSK India,Clopidogrel 1000 mg,10 tablets,429.67
Mettab 500,Wockhardt,GABAPENTIN-20mg,1 bottle,571.74
Azeeforte 250,Cipla,clonazepam(400 mg),30 tablets,397.28
Pancap 20,Intas Pharma,Esomeprazole 400 mg,30 tablets,112.02
Dolosr 10,Hetero Drugs,Losartan 20 mg,5 ml,284.2
Amoxplus 500,Sun Pharma,clopidogrel(100mg),6 tablets,538.02
Mettab 250,Dabur Pharma,Montelukast 400 mg,30 tablets,413.92
Omeforte 250,Lupin,Vitamin d3 40  mg,6 tablets,249.54
Omesr 500,Glenmark,Tramadol 20 mg,5 ml,515.48
Metod 500,Sanofi India,Metoprolol (1000mg),1 bottle,100.78
Augxr 10,Pfizer India,methylcobalamin 1000mg,15 tablets,0.0
Pansr 40,Pfizer India,amlodipine(200 mg),1 bottle,180.87
Amoxforte 250,Cipla,OMEPRAZOLE-500mg,30 tablets,
Azeeod 250,Novartis India,RABEPRAZOLE-5mg,1 bottle,533.14
Azeexr 10,Dabur Pharma,ROSUVASTATIN-500mg,30 tablets,0.0
Metplus 10,Dabur Pharma,Metformin (200mg),5 ml,413.43
Bruds 20,Abbott India,ATORVASTATIN-400mg,5 ml,64.98
Panforte 250,Mankind Pharma,Pregabalin 20 mg,10 tablets,152.26
Omesol 20,Zydus Cadila,GABAPENTIN-100mg,10 tablets,397.26
Omexr 20,Alkem Labs,ranitidine(500mg),6 tablets,79.96
Omesr 500,Novartis India,LEVOCETIRIZINE-250mg,10 capsules,445.06
Augcap 250,GSK India,alprazolam 200 mg,1 bottle,33.3
Omexr 500,Sun Pharma,Cetirizine 500 mg,1 bottle,167.24
Augcin 20,Mankind Pharma,Gabapentin (250 mg),15 tablets,227.82
Amoxforte 1000,Torrent Pharma,vitamin d3(1000mg),5 ml,561.37
Omeod 500,Glenmark,zinc sulphate 1000 mg,1 bottle,276.48
Cetxr 500,Sanofi India,diclofenac(10mg),1 bottle,354.12
Panforte 1000,Novartis India,Ondansetron 1000  mg,15 tablets,300.7
Cetsol 40,Cipla,clonazepam 40 mg,15 tablets,395.92
Bruxr 500,Intas Pharma,rabeprazole 1000mg,5 ml,300.59
Omeplus 500,Pfizer India,Glimepiride (10mg),1 bottle,378.72
Azeexr 500,Dabur Pharma,Alprazolam (400mg),1 bottle,533.21
Clavxr 20,Aurobindo Pharma,losartan 1000 mg,10 capsules,
Panplus 20,Abbott India,rabeprazole(400 mg),10 tablets,138.17
Dolood 500,Dr Reddy,CIPROFLOXACIN-1000mg,5 ml,450.12
Bruforte 20,GSK India,CALCIUM CARBONATE-10mg,10 tablets,140.05
Omeds 10,Himalaya,METFORMIN-1000mg,10 tablets,108.84
Azeetab 10,Sun Pharma,AZITHROMYCIN-5mg,10 tablets,420.34
Clavds 40,Pfizer India,metformin 40 mg,10 capsules,157.21
Dolocap 500,Dabur Pharma,vitamin d3(20 mg),10 tablets,71.02
Omeds 20,Hetero Drugs,Levocetirizine 250  mg,10 capsules,324.45
Doloxr 500,GSK India,Paracetamol (10 mg),15 tablets,64.07
Cetxr 250,Hetero Drugs,pantoprazole 20 mg,1 bottle,255.78
Clavsol 20,Dr Reddy,fluoxetine(400 mg),10 tablets,512.94
Pantab 500,Sanofi India,Vitamin d3 500 mg,15 tablets,0.0
Cettab 10,Hetero Drugs,Atorvastatin 10  mg,15 tablets,139.31
Azeeforte 1000,GSK India,Azithromycin (400mg),10 capsules,350.41
Cetod 1000,GSK India,CALCIUM CARBONATE-500mg,6 tablets,451.84
Metod 20,Wockhardt,alprazolam 400mg,5 ml,332.51
Doloforte 250,Zydus Cadila,telmisartan(5mg),15 tablets,267.26
Amoxsr 10,Dr Reddy,ranitidine(250 mg),6 tablets,539.63
Azeexr 500,Cipla,Ranitidine 5 mg,10 tablets,346.3
Omeforte 10,Glenmark,doxycycline 400 mg,15 tablets,0.0
Azeeforte 20,Dabur Pharma,Aspirin 250 mg,1 bottle,35.32
Cetplus 40,Novartis India,montelukast(500 mg),1 bottle,27.01
Metforte 40,GSK India,Ranitidine 10 mg,6 tablets,567.86
Clavsr 500,Alkem Labs,Alprazolam (1000mg),15 tablets,561.11
Amoxcin 40,Abbott India,Amlodipine 10 mg,6 tablets,552.57
Metcin 10,Dabur Pharma,Pantoprazole (200mg),10 capsules,406.84
Azeetab 40,Sun Pharma,fexofenadine 250 mg,10 tablets,476.21
Amoxsol 1000,Sun Pharma,PREGABALIN-200mg,15 tablets,12.34
Omeforte 10,Sanofi India,Rosuvastatin (1000mg),1 bottle,0.0
Dolosol 20,Intas Pharma,Methylcobalamin (100mg),1 bottle,327.18
Cetplus 1000,Intas Pharma,tramadol 500mg,5 ml,594.15
Omecin 40,Dr Reddy,Alprazolam 40 mg,6 tablets,126.18
Cetsol 10,Mankind Pharma,ranitidine(200 mg),10 tablets,234.28
Metsol 20,Himalaya,FEXOFENADINE-40mg,30 tablets,235.16
Panod 500,Dabur Pharma,ATORVASTATIN-400mg,6 tablets,471.8
Cetds 40,Aurobindo Pharma,Metoprolol (100mg),1 bottle,119.19
Metplus 500,Dabur Pharma,montelukast(5 mg),15 tablets,287.8
Pands 10,Dabur Pharma,Clonazepam 1000  mg,30 tablets,467.42
Clavcap 20,Mankind Pharma,glimepiride(400mg),1 bottle,0.0
Dolocap 20,Sun Pharma,telmisartan 5mg,10 capsules,383.09
Clavxr 20,Sun Pharma,Esomeprazole 200 mg,15 tablets,525.19
Panplus 10,Aurobindo Pharma,Levothyroxine 10 mg,30 tablets,81.76
Cetds 20,Glenmark,amoxicillin(200 mg),30 tablets,570.13
Brusr 20,Sanofi India,Glimepiride 1000  mg,1 bottle,327.03
Bruod 250,Sun Pharma,Levocetirizine 10 mg,5 ml,58.32
Azeeplus 40,Alkem Labs,Omeprazole (1000mg),5 ml,559.95
Dolocin 40,Wockhardt,Sertraline 500  mg,6 tablets,208.51
Amoxplus 20,GSK India,Ibuprofen 10 mg,6 tablets,533.0
Azeeforte 250,Wockhardt,doxycycline(500 mg),10 capsules,530.7
Clavsol 10,Wockhardt,Ibuprofen 250  mg,5 ml,0.0
Augds 20,Wockhardt,losartan(40mg),10 tablets,107.35
Metds 1000,Glenmark,MONTELUKAST-500mg,10 tablets,523.81
Omexr 500,Sanofi India,ranitidine 1000 mg,5 ml,314.24
Dolods 1000,Aurobindo Pharma,Levocetirizine (400 mg),15 tablets,138.67
Bruod 1000,Novartis India,Omeprazole 20 mg,10 capsules,57.76
Augsr 1000,Hetero Drugs,paracetamol(100mg),15 tablets,318.32
Pansol 40,Wockhardt,doxycycline 1000 mg,15 tablets,258.1
Clavxr 40,Sanofi India,Doxycycline 200 mg,5 ml,445.34
Augxr 250,Abbott India,ATORVASTATIN-20mg,30 tablets,290.25
Amoxforte 10,Pfizer India,Diclofenac (400mg),30 tablets,281.24
Azeeforte 40,Aurobindo Pharma,AMLODIPINE-1000mg,1 bottle,32.35
Augforte 20,Torrent Pharma,Calcium carbonate 40  mg,5 ml,169.39
Dolosol 10,Zydus Cadila,glimepiride 5 mg,10 capsules,451.94
Bruds 10,Aurobindo Pharma,Ibuprofen 400 mg,1 bottle,174.58
Amoxod 10,Hetero Drugs,Sertraline 10  mg,10 tablets,215.63
Clavcin 250,Cipla,SERTRALINE-5mg,10 capsules,0.0
Dolods 500,Hetero Drugs,Telmisartan 500 mg,1 bottle,151.36
Metforte 500,Wockhardt,aspirin 5 mg,30 tablets,548.96
Panplus 10,Sun Pharma,Levocetirizine (10 mg),5 ml,25.11
Doloxr 250,Intas Pharma,ATORVASTATIN-500mg,10 capsules,54.57
Omeds 250,Glenmark,Methylcobalamin 200  mg,10 tablets,412.25
Amoxplus 10,Wockhardt,Diclofenac 200 mg,10 tablets,273.62
Augod 10,Sun Pharma,Levocetirizine 5  mg,30 tablets,244.74
Dolocap 1000,Dabur Pharma,RABEPRAZOLE-400mg,10 tablets,247.24
Cetsol 40,Dr Reddy,ibuprofen(5 mg),30 tablets,145.08
Panforte 1000,Intas Pharma,Ranitidine 40  mg,5 ml,504.2
Panforte 250,Dr Reddy,FEXOFENADINE-40mg,30 tablets,136.04
Metsol 20,Intas Pharma,Amoxicillin 100 mg,1 bottle,357.74
Amoxplus 500,Torrent Pharma,ALPRAZOLAM-250mg,1 bottle,9.58
Azeesr 40,Abbott India,CETIRIZINE-250mg,5 ml,141.59
Amoxtab 500,GSK India,levocetirizine 10 mg,1 bottle,61.38
Azeeforte 500,Zydus Cadila,Alprazolam (5mg),30 tablets,166.38
Clavds 20,Hetero Drugs,Levothyroxine (400 mg),15 tablets,223.89
Clavcin 20,Dabur Pharma,pregabalin 250 mg,5 ml,317.33
Dolods 250,Aurobindo Pharma,atorvastatin(40mg),30 tablets,231.06
Metplus 20,Lupin,DOXYCYCLINE-400mg,10 capsules,459.23
Amoxxr 500,Novartis India,AMOXICILLIN-500mg,10 tablets,161.4
Clavforte 20,Lupin,RANITIDINE-100mg,6 tablets,282.28
Azeeforte 500,Mankind Pharma,Metformin (200 mg),10 tablets,287.53
Mettab 1000,Dr Reddy,Omeprazole 100 mg,15 tablets,530.53
Metcin 1000,Abbott India,metformin 1000mg,10 tablets,183.72
Clavds 1000,Wockhardt,cetirizine(500mg),30 tablets,400.88
Omeds 40,Glenmark,fexofenadine 400mg,30 tablets,584.46
Bruplus 40,Zydus Cadila,levocetirizine 200mg,10 tablets,56.56
Bruxr 40,Lupin,Cetirizine 250 mg,6 tablets,0.0
Omexr 20,Torrent Pharma,CLONAZEPAM-20mg,15 tablets,91.71
Brucap 40,Hetero Drugs,Metoprolol 1000 mg,6 tablets,471.04
Amoxsr 20,Sanofi India,Rabeprazole (20mg),15 tablets,481.38
Dolosr 500,Abbott India,paracetamol(500 mg),15 tablets,457.96
Augplus 20,Sun Pharma,DOMPERIDONE-40mg,10 tablets,209.04
Clavforte 250,Lupin,Domperidone 400  mg,15 tablets,182.78
Cetds 10,Sun Pharma,amoxicillin(250 mg),6 tablets,17.43
Bruforte 1000,Torrent Pharma,IBUPROFEN-40mg,10 tablets,532.75
Amoxtab 40,Himalaya,Ondansetron (250 mg),10 tablets,305.58
Omexr 1000,Alkem Labs,fexofenadine 1000 mg,10 tablets,379.19
Azeeds 10,GSK India,ciprofloxacin(5 mg),10 capsules,438.98
Panxr 40,Alkem Labs,Zinc Sulphate (400mg),1 bottle,83.76
Brucin 1000,Alkem Labs,Ibuprofen (1000mg),10 capsules,293.34
Metds 250,Dabur Pharma,diclofenac(1000mg),10 tablets,130.73
Metds 500,Glenmark,losartan(5 mg),6 tablets,570.84
Clavcin 1000,Pfizer India,vitamin d3 10mg,5 ml,146.15
Metcin 20,Wockhardt,Vitamin D3 (500 mg),1 bottle,204.18
Azeeds 10,Novartis India,Ondansetron (40 mg),30 tablets,490.3
Dolods 40,Himalaya,CLOPIDOGREL-1000mg,15 tablets,117.86
Metcap 500,Lupin,Pantoprazole (400 mg),10 capsules,0.0
Amoxxr 10,Wockhardt,alprazolam 5 mg,10 capsules,544.74
Azeesol 10,Glenmark,zinc sulphate 1000 mg,5 ml,584.35
Metforte 40,Zydus Cadila,methylcobalamin 40 mg,10 tablets,126.79
Clavsr 1000,Mankind Pharma,rosuvastatin(250 mg),10 capsules,326.17
Cetxr 10,Aurobindo Pharma,atorvastatin(100mg),6 tablets,199.35
Metplus 20,Torrent Pharma,Azithromycin 40  mg,30 tablets,248.51
Brusr 20,Lupin,rosuvastatin 10 mg,10 capsules,362.52
Azeecap 250,Hetero Drugs,METFORMIN-200mg,6 tablets,502.36
Cetcap 1000,Himalaya,amoxicillin 1000mg,1 bottle,93.59
Bruxr 20,Mankind Pharma,doxycycline(100mg),1 bottle,36.9
Amoxcin 500,Sanofi India,Fexofenadine (500mg),10 tablets,
Azeexr 10,Abbott India,Clopidogrel 400 mg,30 tablets,592.16
Dolosol 20,Wockhardt,levothyroxine 200mg,10 tablets,99.31
Cetsr 500,Aurobindo Pharma,fexofenadine 40 mg,6 tablets,36.46
Cetds 1000,Lupin,Montelukast (200 mg),10 capsules,249.99
Omeforte 1000,Cipla,metoprolol 5 mg,15 tablets,435.81
Augsr 1000,Sun Pharma,DOXYCYCLINE-400mg,6 tablets,525.85
Metod 1000,Wockhardt,PANTOPRAZOLE-1000mg,30 tablets,243.42
Pansr 1000,Novartis India,Ondansetron 250 mg,10 capsules,56.65
Augsr 1000,Sanofi India,methylcobalamin(10mg),10 tablets,227.23
Cetforte 500,Intas Pharma,Telmisartan (100mg),10 capsules,405.93
Dolood 10,Abbott India,gabapentin(40mg),10 capsules,169.09
Doloforte 1000,GSK India,Levothyroxine (200 mg),10 tablets,437.37
Augsr 250,Wockhardt,DOXYCYCLINE-100mg,10 capsules,207.08
Clavcin 10,Torrent Pharma,metoprolol(250mg),5 ml,247.71
Augsr 250,Hetero Drugs,AZITHROMYCIN-500mg,10 capsules,596.51
Metplus 20,Pfizer India,Clopidogrel 200 mg,5 ml,576.88
Doloforte 10,Zydus Cadila,Losartan 400  mg,15 tablets,577.46
Omexr 20,GSK India,ciprofloxacin 250 mg,30 tablets,202.65
Cetds 1000,Abbott India,ZINC SULPHATE-250mg,5 ml,
Augforte 20,Dabur Pharma,Vitamin d3 500  mg,30 tablets,65.85
Cetsol 500,Alkem Labs,Clonazepam (200mg),1 bottle,447.06
Augtab 1000,Intas Pharma,Montelukast (20 mg),10 tablets,245.06
Metplus 250,Himalaya,Cetirizine 200 mg,1 bottle,337.13
Doloxr 250,GSK India,AMOXICILLIN-5mg,30 tablets,0.0
Augforte 20,Sun Pharma,Calcium Carbonate (1000 mg),10 tablets,
Clavplus 20,Aurobindo Pharma,Cetirizine (20 mg),1 bottle,27.8
Omexr 40,Glenmark,ranitidine 5 mg,6 tablets,100.41
Brusol 1000,Wockhardt,aspirin(400 mg),1 bottle,598.94
Brucin 10,Sanofi India,aspirin 500 mg,10 capsules,42.21
Dolotab 500,Alkem Labs,Doxycycline (200mg),15 tablets,370.36
Amoxod 500,Mankind Pharma,calcium carbonate 20 mg,1 bottle,263.87
Omeplus 20,Wockhardt,levothyroxine(40 mg),1 bottle,578.25
Doloxr 1000,Abbott India,Paracetamol 500 mg,5 ml,339.95
Brusol 40,Mankind Pharma,alprazolam 40mg,6 tablets,286.76
Bruod 250,Sanofi India,atorvastatin(20mg),1 bottle,60.37
Cetforte 500,Torrent Pharma,Domperidone (40mg),6 tablets,484.62
Dolood 1000,Zydus Cadila,fluoxetine(400 mg),5 ml,241.43
Metcap 1000,Hetero Drugs,Losartan 200 mg,6 tablets,414.37
Azeeforte 250,Lupin,atorvastatin(10mg),5 ml,134.59
Azeeds 250,Cipla,IBUPROFEN-250mg,15 tablets,416.49
Amoxsr 250,Lupin,fexofenadine 5 mg,10 capsules,162.02
Metforte 1000,Abbott India,atorvastatin(200mg),15 tablets,585.07
Pansol 250,Alkem Labs,diclofenac(40mg),1 bottle,308.83
Clavcin 10,Cipla,Glimepiride 20  mg,6 tablets,399.55
Clavforte 250,Aurobindo Pharma,Gabapentin 400 mg,15 tablets,294.04
Cetcin 1000,Lupin,ATORVASTATIN-10mg,1 bottle,331.0
Clavsol 250,Sanofi India,Metformin (100mg),1 bottle,141.9
Brusr 1000,Torrent Pharma,Montelukast 250  mg,10 capsules,72.64
Amoxod 250,Sun Pharma,levothyroxine(400mg),1 bottle,579.43
Omeod 10,Zydus Cadila,paracetamol 400mg,30 tablets,412.14
Bruds 500,Lupin,esomeprazole(400 mg),15 tablets,
Omeod 500,Glenmark,Telmisartan (40mg),15 tablets,385.47
Cettab 10,Sun Pharma,Clopidogrel 40 mg,15 tablets,
Pancap 20,Torrent Pharma,alprazolam 20 mg,10 capsules,145.29
Clavtab 250,Alkem Labs,ciprofloxacin 5 mg,6 tablets,249.69
Amoxxr 20,Intas Pharma,Levothyroxine 1000 mg,30 tablets,136.86
Omecap 20,Intas Pharma,Ibuprofen (40mg),10 tablets,152.77
Pansol 1000,Himalaya,Alprazolam 200  mg,10 capsules,486.35
Pansol 250,GSK India,Fluoxetine (40 mg),6 tablets,212.48
Brucin 1000,Zydus Cadila,Methylcobalamin (100mg),30 tablets,63.19
Metsr 10,Glenmark,ciprofloxacin(400 mg),15 tablets,338.7
Pancin 10,Wockhardt,Ondansetron 20  mg,5 ml,173.65
Augsol 250,Dr Reddy,VITAMIN D3-20mg,6 tablets,142.77
Dolotab 250,GSK India,levocetirizine 20 mg,30 tablets,186.9
Mettab 20,Pfizer India,amoxicillin 200 mg,6 tablets,
Augod 20,GSK India,CLOPIDOGREL-100mg,10 tablets,535.47
Omecin 10,Lupin,Montelukast 40  mg,10 tablets,572.39
Dolosr 500,Hetero Drugs,diclofenac 500 mg,1 bottle,310.95
Doloplus 40,Intas Pharma,RABEPRAZOLE-200mg,10 capsules,
Doloxr 250,Sanofi India,Alprazolam 200 mg,5 ml,506.97
Azeecap 10,Dr Reddy,Calcium carbonate 40 mg,15 tablets,470.82
Dolosr 250,Pfizer India,Diclofenac 20  mg,10 capsules,456.07
Augod 500,Abbott India,Levocetirizine 20 mg,1 bottle,528.57
Metforte 250,Pfizer India,Atorvastatin (1000mg),5 ml,84.97
Metcap 500,Mankind Pharma,amoxicillin(10 mg),30 tablets,122.01
Amoxplus 10,Himalaya,metoprolol(5mg),15 tablets,21.35
Metcin 10,Torrent Pharma,ibuprofen(1000 mg),6 tablets,370.29
Cetod 1000,Glenmark,Diclofenac 400  mg,5 ml,61.48
Azeeds 1000,Torrent Pharma,Metformin 500 mg,30 tablets,178.06
Azeecin 1000,Himalaya,Aspirin (10mg),6 tablets,106.7
Augxr 1000,Glenmark,Metoprolol (5 mg),15 tablets,582.61
Augds 10,Novartis India,Sertraline 400  mg,10 capsules,24.23
Omesr 250,Lupin,VITAMIN D3-20mg,15 tablets,541.96
Clavod 40,Wockhardt,Levothyroxine 400  mg,15 tablets,85.98
Omeplus 500,GSK India,sertraline(40mg),15 tablets,484.89
Clavxr 1000,GSK India,Ranitidine (200 mg),6 tablets,185.85
Augcin 250,Sanofi India,ranitidine(400 mg),10 tablets,199.92
Pancap 40,Dr Reddy,fluoxetine 100mg,15 tablets,102.25
Amoxtab 10,Intas Pharma,omeprazole 40 mg,30 tablets,171.05
Cetsr 1000,Aurobindo Pharma,atorvastatin 500mg,1 bottle,0.0
Clavsr 1000,Aurobindo Pharma,CETIRIZINE-500mg,6 tablets,171.26
Doloplus 40,Novartis India,Ondansetron 500 mg,5 ml,329.37
Cetsol 40,Sanofi India,paracetamol 200 mg,1 bottle,336.79
Amoxforte 10,Dr Reddy,Paracetamol (10 mg),5 ml,586.87
Azeetab 20,Novartis India,fluoxetine 1000mg,30 tablets,0.0
Augod 10,Himalaya,Esomeprazole (500mg),1 bottle,0.0
Pantab 20,Himalaya,Amlodipine (500 mg),15 tablets,99.6
Panplus 20,Himalaya,ASPIRIN-400mg,1 bottle,391.29
Dolods 40,Himalaya,CLOPIDOGREL-5mg,10 tablets,545.86
Augtab 1000,Dabur Pharma,ATORVASTATIN-10mg,6 tablets,364.11
Omeplus 500,Intas Pharma,Tramadol 250  mg,6 tablets,185.02
Dolood 250,Aurobindo Pharma,VITAMIN D3-10mg,15 tablets,314.14
Augsol 40,GSK India,ranitidine(100mg),6 tablets,265.07
Doloplus 20,Intas Pharma,LOSARTAN-100mg,15 tablets,538.87
Bruplus 500,Lupin,Rabeprazole 500  mg,30 tablets,537.44
Azeecin 40,Abbott India,Pantoprazole (200 mg),30 tablets,183.72
Amoxcin 20,Cipla,Levocetirizine (500mg),10 capsules,46.96
Bruxr 40,Intas Pharma,SERTRALINE-10mg,15 tablets,469.29
Metxr 20,Zydus Cadila,esomeprazole(200mg),10 tablets,144.71
Augsol 250,Glenmark,Telmisartan (500mg),15 tablets,566.98
Augforte 10,Dr Reddy,ranitidine 1000 mg,30 tablets,346.37
Metsol 1000,Zydus Cadila,atorvastatin 5 mg,10 capsules,369.61
Metforte 20,Himalaya,MONTELUKAST-40mg,10 capsules,255.02
Clavcin 500,Abbott India,sertraline 1000mg,5 ml,106.37
Pancin 40,Aurobindo Pharma,MONTELUKAST-20mg,30 tablets,
Augxr 250,Intas Pharma,Amoxicillin 500 mg,5 ml,519.88
Doloforte 1000,Abbott India,Diclofenac 5  mg,5 ml,0.0
Clavsr 20,Lupin,GLIMEPIRIDE-40mg,1 bottle,93.02
Metod 500,Torrent Pharma,fexofenadine 20 mg,10 capsules,189.02
Metod 500,Glenmark,vitamin d3 250mg,5 ml,476.38
Metsol 20,Glenmark,SERTRALINE-400mg,1 bottle,
Metcin 500,Glenmark,sertraline 400mg,15 tablets,591.57
Panod 20,GSK India,ranitidine 20mg,30 tablets,229.59
Dolotab 10,Hetero Drugs,METFORMIN-400mg,10 tablets,36.53
Doloforte 20,Dr Reddy,Cetirizine 250 mg,30 tablets,0.0
Cetplus 1000,Torrent Pharma,Vitamin D3 (200mg),15 tablets,240.82
Dolosol 20,Dr Reddy,pantoprazole 500 mg,15 tablets,0.0
Metforte 250,Himalaya,Fluoxetine (5 mg),10 tablets,214.78
Augtab 1000,Dabur Pharma,Montelukast (200mg),6 tablets,417.67
Metcap 20,Wockhardt,Fluoxetine 10 mg,5 ml,382.03
Brucap 250,Lupin,Aspirin 250 mg,6 tablets,405.44
Pansr 10,Zydus Cadila,fexofenadine 400mg,10 tablets,564.21
Bruds 1000,Novartis India,metformin(250 mg),6 tablets,403.25
Brucin 20,Alkem Labs,ATORVASTATIN-100mg,6 tablets,
Omecin 40,Wockhardt,amoxicillin 1000mg,6 tablets,136.2
Clavsol 250,Lupin,clonazepam(5 mg),10 capsules,174.38
Omexr 20,Novartis India,AZITHROMYCIN-1000mg,10 capsules,288.09
Dolocin 40,Dabur Pharma,Clonazepam 500  mg,10 tablets,358.0
Cetds 250,Aurobindo Pharma,PREGABALIN-400mg,1 bottle,15.12
Amoxsr 500,Lupin,pantoprazole(250mg),6 tablets,382.31
Pands 500,Sanofi India,Glimepiride 250 mg,15 tablets,37.43
Amoxforte 1000,Hetero Drugs,clonazepam(200 mg),10 tablets,367.68
Clavcin 10,GSK India,Omeprazole 200 mg,30 tablets,232.32
Augtab 250,Glenmark,esomeprazole(1000mg),5 ml,259.59
Mettab 20,Alkem Labs,Calcium carbonate 500  mg,30 tablets,36.9
Dolods 1000,Cipla,Vitamin D3 (20mg),15 tablets,261.69
Mettab 10,Abbott India,Sertraline 40  mg,10 tablets,301.12
Azeesr 40,Hetero Drugs,Pantoprazole (10 mg),30 tablets,98.99
Dolocin 40,Intas Pharma,metformin 20mg,30 tablets,42.22
Azeesol 20,Himalaya,Amoxicillin (5 mg),10 capsules,509.21
Brutab 10,Zydus Cadila,Clonazepam 5  mg,30 tablets,135.02
Pancin 250,Abbott India,glimepiride(400mg),5 ml,351.52
Augplus 250,Abbott India,zinc sulphate(100mg),10 tablets,267.11
Brucap 20,Wockhardt,levocetirizine 250 mg,5 ml,374.56
Cetsr 1000,Zydus Cadila,CLONAZEPAM-1000mg,30 tablets,0.0
Metplus 250,Cipla,PANTOPRAZOLE-20mg,15 tablets,228.39
Dolods 20,Dr Reddy,cetirizine 40mg,6 tablets,444.05
Omexr 10,Sun Pharma,clonazepam(40mg),30 tablets,263.36
Azeeds 1000,Zydus Cadila,ranitidine(5mg),1 bottle,464.62
Omeforte 500,Alkem Labs,Vitamin d3 400  mg,1 bottle,288.39
Cetcap 1000,Zydus Cadila,glimepiride 100mg,10 tablets,418.9
Augsol 10,Abbott India,Ondansetron (5mg),5 ml,53.47
Cetxr 40,Cipla,atorvastatin(10mg),6 tablets,233.34
Clavxr 250,Abbott India,losartan(10mg),6 tablets,0.0
Ometab 20,Himalaya,tramadol(1000mg),5 ml,484.11
Azeeds 40,GSK India,rabeprazole 20mg,1 bottle,468.02
Mettab 20,Torrent Pharma,Ciprofloxacin (200mg),10 tablets,69.36
Omesol 500,Sun Pharma,pregabalin 10mg,30 tablets,194.4
Azeeforte 10,Pfizer India,paracetamol 100mg,10 tablets,8.81
Azeesr 20,Intas Pharma,Rabeprazole (20 mg),6 tablets,0.0
Dolosr 500,Aurobindo Pharma,cetirizine 200mg,30 tablets,568.25
Amoxcin 500,Pfizer India,Sertraline (200mg),6 tablets,135.16
Panod 500,Sanofi India,losartan(200 mg),1 bottle,154.18
Bruplus 250,Mankind Pharma,Zinc Sulphate (100mg),5 ml,10.55
Azeecin 1000,Abbott India,fexofenadine 20 mg,10 tablets,297.43
Bruforte 1000,Novartis India,Amoxicillin (1000mg),10 capsules,248.95
Panplus 10,Intas Pharma,Ondansetron 500 mg,10 tablets,180.03
Azeeod 1000,Himalaya,Montelukast 400  mg,5 ml,309.19
Augsr 250,Sun Pharma,Aspirin (1000 mg),10 tablets,454.07
Clavsol 500,Himalaya,ciprofloxacin 40 mg,30 tablets,491.0
Clavxr 250,Pfizer India,Cetirizine (10mg),10 tablets,
Doloforte 20,Intas Pharma,omeprazole 200mg,10 tablets,258.34
Doloforte 500,Wockhardt,clonazepam(100mg),6 tablets,143.46
Pancin 1000,Hetero Drugs,IBUPROFEN-5mg,15 tablets,373.38
Brutab 40,Alkem Labs,rabeprazole 1000 mg,6 tablets,371.15
Amoxxr 40,Himalaya,CETIRIZINE-20mg,5 ml,548.52
Azeexr 1000,Hetero Drugs,metoprolol(5mg),5 ml,582.09
Omeplus 40,Pfizer India,sertraline(1000 mg),6 tablets,54.32
Brusr 250,GSK India,Methylcobalamin (5mg),10 capsules,262.81
Clavcap 250,Glenmark,CETIRIZINE-40mg,1 bottle,529.46
Metforte 1000,Novartis India,ibuprofen(1000 mg),10 capsules,240.74
Doloforte 10,Lupin,Gabapentin (20 mg),30 tablets,10.9
Omeds 10,GSK India,ASPIRIN-200mg,6 tablets,243.34
Panforte 250,Dabur Pharma,ESOMEPRAZOLE-250mg,5 ml,375.71
Pantab 1000,Lupin,Paracetamol (500mg),6 tablets,259.09
Amoxod 40,Torrent Pharma,tramadol(5mg),5 ml,312.45
Cetsol 20,Novartis India,Ciprofloxacin (250mg),10 capsules,513.39
Cetsol 40,Aurobindo Pharma,methylcobalamin(500mg),1 bottle,559.84
Augsol 40,GSK India,Losartan (5 mg),6 tablets,595.18
Cettab 20,Dabur Pharma,Levothyroxine (10 mg),15 tablets,
Amoxtab 10,Aurobindo Pharma,doxycycline(1000mg),5 ml,235.57
Amoxtab 40,Alkem Labs,CIPROFLOXACIN-250mg,1 bottle,379.65
Brusr 10,Himalaya,domperidone(250 mg),10 tablets,170.16
Cetforte 500,Abbott India,methylcobalamin(1000mg),6 tablets,474.73
Clavsol 10,Mankind Pharma,Ondansetron (20 mg),1 bottle,353.24
Clavxr 1000,Glenmark,LEVOTHYROXINE-40mg,15 tablets,160.82
Ometab 250,Wockhardt,aspirin(10 mg),10 capsules,190.99
Azeecin 1000,Dabur Pharma,Fexofenadine (200mg),6 tablets,340.66
Brucap 10,Cipla,levothyroxine(500 mg),5 ml,322.14
Amoxxr 500,Zydus Cadila,Rosuvastatin (200 mg),10 tablets,285.03
Metforte 20,Alkem Labs,Ondansetron (1000 mg),15 tablets,
Clavsr 10,Dabur Pharma,zinc sulphate 250 mg,10 capsules,463.58
Clavforte 1000,Hetero Drugs,methylcobalamin(5mg),1 bottle,47.93
Omesr 40,Dr Reddy,losartan 20 mg,10 tablets,136.21
Doloxr 40,Wockhardt,paracetamol(5mg),15 tablets,282.11
Metcin 250,Mankind Pharma,esomeprazole 400 mg,15 tablets,329.48
Amoxds 500,Himalaya,AMOXICILLIN-5mg,15 tablets,310.68
Azeeds 500,GSK India,Pantoprazole (10mg),6 tablets,57.27
Cetcap 250,Novartis India,fexofenadine 500 mg,30 tablets,0.0
Cetds 10,Novartis India,Zinc Sulphate (20 mg),30 tablets,158.0
Metxr 1000,Wockhardt,pantoprazole(40 mg),5 ml,47.2
Dolotab 250,Sun Pharma,Rosuvastatin (250 mg),10 tablets,311.85
Metcin 250,Wockhardt,LOSARTAN-20mg,15 tablets,0.0
Pancap 40,Abbott India,DICLOFENAC-20mg,30 tablets,395.28
Augforte 500,Torrent Pharma,DOMPERIDONE-200mg,15 tablets,347.99
Bruxr 500,Dabur Pharma,Metoprolol (400 mg),10 tablets,81.39
Amoxcin 500,GSK India,zinc sulphate(1000 mg),6 tablets,0.0
Brutab 10,Dr Reddy,esomeprazole 200mg,10 tablets,
Pantab 1000,Glenmark,gabapentin 100mg,10 capsules,439.49
Panod 500,Mankind Pharma,Metoprolol 200  mg,10 capsules,
Brutab 40,Himalaya,ibuprofen(10 mg),6 tablets,433.55
Metcap 500,Mankind Pharma,pantoprazole 250 mg,6 tablets,399.11
Augplus 500,Alkem Labs,levothyroxine(5 mg),1 bottle,215.11
Metod 1000,Mankind Pharma,Montelukast 40  mg,30 tablets,35.66
Brucap 10,Glenmark,clopidogrel 40mg,10 capsules,271.63
Amoxds 20,Dr Reddy,ONDANSETRON-500mg,1 bottle,19.06
Clavsr 250,Sun Pharma,rosuvastatin(400 mg),6 tablets,503.37
Doloforte 40,Dabur Pharma,MONTELUKAST-20mg,15 tablets,462.76
Brusr 1000,Hetero Drugs,ranitidine 500mg,10 capsules,271.39
Azeesol 250,Pfizer India,OMEPRAZOLE-10mg,10 capsules,427.52
Ometab 10,Glenmark,metoprolol 20 mg,5 ml,8.33
Omeforte 40,Pfizer India,rosuvastatin(5 mg),10 tablets,557.59
Brucin 250,Sanofi India,Doxycycline 5 mg,10 capsules,549.92
Clavod 40,Himalaya,atorvastatin(20mg),10 capsules,142.55
Metod 20,Lupin,Telmisartan (1000 mg),6 tablets,455.02
Doloxr 250,Lupin,Calcium carbonate 20 mg,6 tablets,548.12
Dolocap 20,Sanofi India,clonazepam(40 mg),6 tablets,224.37
Omeds 1000,Sanofi India,Zinc sulphate 5  mg,6 tablets,467.36
Pansr 500,Sun Pharma,aspirin(500mg),6 tablets,301.89
Amoxplus 1000,Glenmark,zinc sulphate 100mg,1 bottle,73.31
Doloplus 40,Zydus Cadila,Vitamin d3 40 mg,1 bottle,145.5
Amoxsol 1000,Sun Pharma,Methylcobalamin 10 mg,5 ml,351.21
Pansr 20,Himalaya,zinc sulphate 5 mg,6 tablets,424.79
Metsr 1000,Sanofi India,Alprazolam 250  mg,5 ml,254.65
Metplus 40,Intas Pharma,rabeprazole(40 mg),5 ml,31.05
Brutab 40,Pfizer India,Metformin (20 mg),1 bottle,385.0
Bruod 500,Novartis India,paracetamol(40 mg),15 tablets,95.98
Bruod 20,Abbott India,Levothyroxine (100mg),15 tablets,365.58
Cetxr 1000,Dr Reddy,AMOXICILLIN-40mg,5 ml,123.78
Cetplus 20,Dabur Pharma,clopidogrel 10mg,1 bottle,416.46
Amoxxr 20,GSK India,Aspirin 200 mg,10 tablets,0.0
Augcin 500,Hetero Drugs,aspirin 500 mg,30 tablets,29.75
Dolood 1000,Intas Pharma,Atorvastatin 5 mg,30 tablets,481.2
Clavtab 40,Himalaya,pantoprazole(10mg),15 tablets,95.31
Brutab 500,Sun Pharma,paracetamol 10 mg,1 bottle,107.97
Amoxxr 20,Aurobindo Pharma,aspirin 250mg,30 tablets,
Dolood 1000,Glenmark,losartan 500 mg,5 ml,38.22
Augds 20,GSK India,Clopidogrel (10 mg),1 bottle,482.79
Metod 40,Wockhardt,Ciprofloxacin 20 mg,5 ml,363.56
Metxr 20,Mankind Pharma,amoxicillin(250mg),6 tablets,231.2
Cetcap 250,Sun Pharma,metoprolol(10 mg),15 tablets,342.03
Clavcin 10,Pfizer India,Ibuprofen (1000 mg),5 ml,
Pansol 20,Mankind Pharma,Atorvastatin (250 mg),10 tablets,510.22
Omexr 500,GSK India,tramadol(10 mg),15 tablets,439.04
Clavcap 20,Dr Reddy,aspirin(400mg),6 tablets,552.56
Augtab 500,Abbott India,azithromycin 250mg,10 tablets,110.62
Augsr 40,Sanofi India,PREGABALIN-20mg,15 tablets,173.6
Azeeds 10,GSK India,glimepiride 400 mg,6 tablets,475.26
Azeecin 250,Zydus Cadila,METFORMIN-1000mg,15 tablets,588.66
Bruforte 20,Torrent Pharma,pregabalin 500mg,1 bottle,351.12
Panxr 1000,Himalaya,Fluoxetine (10 mg),1 bottle,268.46
Augds 10,Pfizer India,clopidogrel 40mg,15 tablets,419.37
Clavplus 10,Pfizer India,Gabapentin (200mg),10 tablets,196.3
Azeeds 20,Zydus Cadila,Metformin (10 mg),10 capsules,276.63
Clavcap 20,Cipla,metoprolol(1000 mg),5 ml,479.62
Pancin 1000,Lupin,atorvastatin 1000 mg,1 bottle,123.96
Bruds 20,Aurobindo Pharma,fexofenadine 500mg,6 tablets,14.26
Clavforte 40,GSK India,ondansetron 1000 mg,5 ml,45.95
Dolosol 1000,Zydus Cadila,azithromycin 40mg,10 capsules,405.97
Clavds 40,Dabur Pharma,ibuprofen(1000mg),10 tablets,0.0
Azeexr 10,GSK India,Diclofenac (250mg),10 tablets,524.36
Amoxcin 1000,Cipla,Sertraline (20 mg),1 bottle,141.84
Cetplus 10,Aurobindo Pharma,esomeprazole(20 mg),1 bottle,0.0
Pansr 250,Himalaya,Atorvastatin (1000mg),10 tablets,490.62
Cetforte 40,Hetero Drugs,Ibuprofen (40mg),10 tablets,179.12
Cetod 10,Dr Reddy,Ciprofloxacin (40mg),10 tablets,223.77
Clavxr 1000,Abbott India,telmisartan 20 mg,5 ml,360.24
Bruod 40,Hetero Drugs,MONTELUKAST-200mg,15 tablets,160.69
Metsr 1000,Lupin,omeprazole 1000 mg,30 tablets,31.29
Clavsol 10,Abbott India,ESOMEPRAZOLE-1000mg,1 bottle,475.33
Brucin 20,Novartis India,Methylcobalamin 20  mg,10 tablets,197.58
Dolods 1000,Cipla,tramadol(100mg),5 ml,372.3
Azeecin 500,Dabur Pharma,telmisartan(200mg),10 tablets,573.95
Amoxplus 1000,Hetero Drugs,Pantoprazole (100mg),1 bottle,23.87
Metforte 500,Hetero Drugs,doxycycline 40mg,5 ml,584.62
Omeds 1000,Sanofi India,Azithromycin (1000mg),30 tablets,250.93
Cettab 500,Abbott India,pregabalin(250 mg),5 ml,219.32
Amoxds 250,Alkem Labs,Doxycycline 500 mg,6 tablets,0.0
Dolood 10,Torrent Pharma,Metoprolol 20 mg,15 tablets,400.32
Clavds 10,Mankind Pharma,clopidogrel(100mg),5 ml,553.46
Amoxod 40,Intas Pharma,Zinc Sulphate (20mg),1 bottle,327.58
Omesr 40,Abbott India,glimepiride(40mg),1 bottle,332.2
Augcap 10,Wockhardt,ranitidine 1000mg,10 tablets,0.0
Cetxr 10,Dabur Pharma,TELMISARTAN-500mg,5 ml,519.65
Azeeds 10,Pfizer India,alprazolam(5 mg),10 capsules,564.9
Metplus 250,Intas Pharma,Alprazolam 200 mg,10 tablets,76.4
Dolood 10,Sun Pharma,Vitamin d3 5 mg,6 tablets,115.74
Metds 20,Torrent Pharma,ATORVASTATIN-200mg,1 bottle,24.11
Metxr 40,GSK India,clonazepam 100mg,10 capsules,474.69
Brucap 40,Novartis India,Atorvastatin 500  mg,5 ml,86.33
Clavplus 20,Wockhardt,Metformin (20 mg),30 tablets,25.91
Amoxsol 500,Zydus Cadila,RABEPRAZOLE-500mg,1 bottle,39.29
Cetplus 1000,Novartis India,Ranitidine (40 mg),1 bottle,278.29
Azeecin 10,Dr Reddy,ATORVASTATIN-10mg,15 tablets,330.36
Doloplus 1000,Wockhardt,Gabapentin 500 mg,10 tablets,376.57
Amoxtab 20,Wockhardt,rabeprazole 400mg,30 tablets,558.61
Cetds 40,Zydus Cadila,clonazepam 40mg,10 tablets,327.85
Clavds 1000,Himalaya,Levothyroxine 200 mg,6 tablets,111.96
Cetcin 500,Cipla,Gabapentin 100 mg,30 tablets,54.91
Cetsol 40,Pfizer India,zinc sulphate(400 mg),10 tablets,0.0
Cetsr 40,Wockhardt,fexofenadine(1000 mg),30 tablets,292.47
Azeesr 40,GSK India,GABAPENTIN-250mg,15 tablets,0.0
Augds 500,Sanofi India,Aspirin (20mg),1 bottle,500.05
Metplus 40,Novartis India,PARACETAMOL-10mg,15 tablets,382.91
Cetsol 40,Glenmark,ESOMEPRAZOLE-40mg,1 bottle,84.41
Metforte 20,Torrent Pharma,Fluoxetine (500mg),30 tablets,219.02
Azeeforte 10,Zydus Cadila,AMLODIPINE-20mg,15 tablets,0.0
Doloforte 1000,Zydus Cadila,Pantoprazole (200mg),30 tablets,545.68
Panplus 250,Pfizer India,Ciprofloxacin 200  mg,6 tablets,69.57
Amoxxr 40,Wockhardt,atorvastatin(500 mg),6 tablets,280.46
Amoxds 40,Sun Pharma,clopidogrel(1000 mg),30 tablets,557.04
Cetod 250,Mankind Pharma,FLUOXETINE-400mg,6 tablets,579.19
Augcin 250,Pfizer India,clopidogrel(500 mg),6 tablets,398.27
Clavplus 500,Himalaya,zinc sulphate 200mg,5 ml,0.0
Metcin 250,Dabur Pharma,levocetirizine(250mg),30 tablets,84.23
Omesol 40,Sun Pharma,aspirin(200 mg),6 tablets,567.63
Doloxr 20,Abbott India,rabeprazole(20mg),15 tablets,377.74
Dolosol 500,Sun Pharma,atorvastatin(500mg),10 tablets,278.56
Augsr 500,Zydus Cadila,Ondansetron (20 mg),6 tablets,310.8
Clavforte 10,Wockhardt,rabeprazole(500 mg),6 tablets,420.53
Clavod 1000,Himalaya,rosuvastatin 40 mg,30 tablets,0.0
Clavtab 10,Aurobindo Pharma,CLOPIDOGREL-250mg,15 tablets,75.92
Dolocap 40,Abbott India,glimepiride(1000mg),10 capsules,193.26
Azeeds 500,Pfizer India,Esomeprazole (20mg),6 tablets,466.71
Amoxforte 10,Mankind Pharma,cetirizine(1000mg),10 tablets,182.87
Bruod 1000,GSK India,DOXYCYCLINE-500mg,6 tablets,0.0
Dolosol 500,Cipla,pregabalin 20mg,15 tablets,436.31
Metxr 500,Mankind Pharma,Glimepiride (100mg),10 capsules,179.42
Omeds 250,Mankind Pharma,Methylcobalamin (200mg),5 ml,222.12
Pancin 1000,Himalaya,sertraline 200 mg,10 capsules,555.64
Amoxxr 250,Zydus Cadila,OMEPRAZOLE-20mg,30 tablets,59.12
Azeeforte 10,Abbott India,azithromycin 5mg,30 tablets,48.65
Azeexr 250,Pfizer India,ZINC SULPHATE-10mg,1 bottle,117.9
Cetod 250,Sun Pharma,AZITHROMYCIN-10mg,5 ml,530.65
Amoxds 250,Intas Pharma,Ciprofloxacin (500mg),10 capsules,104.35
Bruxr 1000,Dr Reddy,pregabalin(400 mg),10 capsules,487.27
Azeecap 250,Himalaya,methylcobalamin(10mg),10 tablets,405.06
Metxr 40,Pfizer India,Pregabalin (5mg),15 tablets,0.0
Metds 20,Dr Reddy,Montelukast 1000 mg,10 tablets,62.61
Pantab 500,Glenmark,Sertraline (100mg),5 ml,
Brucin 10,Himalaya,aspirin 200mg,30 tablets,53.35
Dolocap 1000,GSK India,Ondansetron (500 mg),1 bottle,426.83
Pansol 40,Lupin,ATORVASTATIN-1000mg,1 bottle,302.5
Pansol 20,Pfizer India,omeprazole 500mg,5 ml,370.33
Dolood 20,Sun Pharma,Fexofenadine 1000  mg,10 tablets,174.31
Cetsol 500,Abbott India,ondansetron(1000 mg),5 ml,0.0
Pancin 20,Sanofi India,fluoxetine 10mg,5 ml,301.32
Cetsol 1000,Alkem Labs,Metformin 400  mg,15 tablets,0.0
Amoxds 40,GSK India,ondansetron(250 mg),30 tablets,319.47
Panod 10,Glenmark,Pantoprazole 400 mg,10 capsules,118.41
Amoxforte 1000,Novartis India,gabapentin 20mg,30 tablets,599.37
Amoxds 500,Sun Pharma,Azithromycin 200  mg,15 tablets,468.75
Bruod 40,GSK India,pregabalin(5mg),15 tablets,121.97
Augforte 20,Wockhardt,AMOXICILLIN-200mg,30 tablets,192.23
Brusol 10,Torrent Pharma,Clonazepam 10  mg,10 tablets,461.9
Clavsr 10,Hetero Drugs,cetirizine 20 mg,15 tablets,244.58
Amoxplus 250,Lupin,montelukast(250mg),10 tablets,226.96
Bruds 10,Dr Reddy,Montelukast 5 mg,10 tablets,78.01
Clavcap 10,Dr Reddy,Domperidone (1000 mg),10 capsules,0.0
Doloplus 500,Torrent Pharma,clopidogrel 250 mg,1 bottle,446.98
Omeplus 250,GSK India,ALPRAZOLAM-200mg,1 bottle,125.46
Bruxr 250,Himalaya,levothyroxine 200mg,30 tablets,13.25
Cetsol 20,Zydus Cadila,OMEPRAZOLE-10mg,1 bottle,230.83
Azeesol 20,Alkem Labs,Amlodipine 10 mg,1 bottle,225.65
Clavsol 1000,Sun Pharma,Vitamin d3 250  mg,5 ml,25.39
Omesol 10,Novartis India,Levocetirizine (500 mg),10 tablets,483.69
Amoxds 1000,Sanofi India,ibuprofen 400mg,6 tablets,119.78
Augod 1000,Wockhardt,Tramadol (500mg),15 tablets,429.82
Amoxplus 20,Dabur Pharma,AZITHROMYCIN-100mg,30 tablets,451.32
Brucap 10,Hetero Drugs,Amlodipine 1000 mg,5 ml,210.93
Amoxplus 10,Pfizer India,Azithromycin (10 mg),15 tablets,351.34
Omexr 40,Abbott India,LEVOTHYROXINE-200mg,30 tablets,134.01
Omecin 250,GSK India,telmisartan(5 mg),6 tablets,0.0
Dolosr 10,Dabur Pharma,PREGABALIN-10mg,30 tablets,571.61
Omeplus 500,Novartis India,telmisartan 200 mg,30 tablets,378.3
Azeesol 40,Zydus Cadila,aspirin 250 mg,5 ml,134.25
Azeetab 40,GSK India,Sertraline 500  mg,10 capsules,131.21
Augtab 250,Pfizer India,levothyroxine 1000 mg,6 tablets,210.26
Azeeod 1000,Cipla,Atorvastatin 5  mg,6 tablets,
Omeplus 10,Wockhardt,Methylcobalamin (10mg),10 tablets,160.61
Clavsr 1000,Abbott India,cetirizine(200 mg),10 tablets,481.74
Dolocap 500,Novartis India,fluoxetine(5mg),5 ml,302.25
Pansr 20,Pfizer India,Glimepiride 400  mg,10 tablets,339.82
Omeds 250,Lupin,aspirin 40mg,15 tablets,333.96
Bruxr 10,Cipla,sertraline(200 mg),10 capsules,438.98
Dolosr 250,Himalaya,DOXYCYCLINE-400mg,6 tablets,250.64
Pansol 40,Sun Pharma,Clonazepam (20mg),5 ml,595.87
Metsr 20,Cipla,Vitamin d3 250 mg,5 ml,467.81
Pansr 40,Abbott India,levocetirizine(10 mg),15 tablets,28.79
Cetxr 10,Torrent Pharma,aspirin(200mg),10 capsules,435.74
Augplus 40,Cipla,ranitidine 10 mg,5 ml,519.18
Doloplus 250,GSK India,Diclofenac 20 mg,1 bottle,465.86
Clavforte 250,GSK India,diclofenac 200 mg,1 bottle,516.59
Brucap 10,Cipla,CLOPIDOGREL-20mg,15 tablets,369.98
Dolosr 500,Hetero Drugs,amlodipine 1000 mg,15 tablets,150.98
Brusol 1000,Cipla,amoxicillin 20 mg,6 tablets,59.23
Augforte 250,Aurobindo Pharma,Metoprolol 200 mg,6 tablets,82.09
Dolosol 10,Cipla,Methylcobalamin (200 mg),6 tablets,436.21
Metsol 1000,GSK India,DOXYCYCLINE-5mg,1 bottle,84.67
Cetsol 10,Abbott India,ondansetron(40mg),1 bottle,407.11
Metsr 40,Abbott India,Doxycycline (10mg),5 ml,
Pansol 40,Alkem Labs,VITAMIN D3-100mg,30 tablets,271.9
Azeeplus 1000,Sanofi India,domperidone(10mg),15 tablets,243.99
Augsol 10,Sun Pharma,esomeprazole(40 mg),30 tablets,67.81
Bruds 250,Wockhardt,Esomeprazole 10 mg,10 capsules,537.04
Cettab 1000,Intas Pharma,esomeprazole 500 mg,6 tablets,297.76
Dolosol 40,Intas Pharma,Tramadol 40 mg,10 tablets,94.12
Clavsol 1000,Sanofi India,calcium carbonate(10 mg),30 tablets,437.69
Augod 20,Abbott India,Doxycycline (200 mg),10 capsules,285.5
Metcap 250,Hetero Drugs,Doxycycline (5mg),10 tablets,359.57
Pancap 1000,Dr Reddy,levocetirizine 500 mg,6 tablets,14.92
Augsol 1000,Aurobindo Pharma,Clonazepam (1000 mg),6 tablets,300.57
Cetds 20,Wockhardt,methylcobalamin(200 mg),15 tablets,220.16
Amoxcap 10,Glenmark,paracetamol(400mg),15 tablets,233.63
Metod 40,Pfizer India,METHYLCOBALAMIN-1000mg,30 tablets,591.59
Metds 20,Intas Pharma,zinc sulphate(250 mg),10 tablets,213.94
Augcin 20,Alkem Labs,esomeprazole 10 mg,10 tablets,0.0
Augsol 10,Zydus Cadila,Metoprolol (1000mg),6 tablets,405.52
Cetcap 40,Pfizer India,Pantoprazole 500  mg,15 tablets,129.07
Brucin 250,Dr Reddy,methylcobalamin(5mg),1 bottle,0.0
Brucin 40,Sanofi India,paracetamol(100mg),1 bottle,269.88
Azeeod 40,Pfizer India,levocetirizine 100mg,5 ml,416.98
Brucin 20,Dr Reddy,zinc sulphate 500 mg,1 bottle,405.17
Panplus 1000,Novartis India,levocetirizine 100mg,10 tablets,452.73
Augsol 40,Intas Pharma,levocetirizine(10 mg),30 tablets,576.56
Clavcin 40,Zydus Cadila,pregabalin 500mg,10 capsules,204.4
Amoxsr 10,Pfizer India,OMEPRAZOLE-400mg,10 capsules,61.62
Amoxforte 250,Torrent Pharma,Alprazolam 400 mg,15 tablets,366.89
Dolocin 500,Aurobindo Pharma,Doxycycline (5 mg),15 tablets,149.93
Clavcap 1000,Aurobindo Pharma,vitamin d3 1000 mg,5 ml,558.76
Dolocap 250,Aurobindo Pharma,rosuvastatin(200mg),10 capsules,118.51
Pands 20,Pfizer India,amoxicillin(400mg),10 tablets,34.64
Amoxod 250,Wockhardt,Zinc sulphate 100 mg,10 tablets,133.47
Omexr 250,Lupin,tramadol(10 mg),6 tablets,118.27
Azeexr 40,Glenmark,Aspirin 200  mg,30 tablets,305.6
Dolods 20,Intas Pharma,Methylcobalamin (500mg),10 tablets,139.19
Metds 1000,Sun Pharma,Gabapentin 10  mg,10 tablets,0.0
Augsol 20,Glenmark,ibuprofen(40mg),5 ml,14.84
Augtab 20,Hetero Drugs,atorvastatin 40mg,5 ml,62.84
Clavtab 500,Himalaya,omeprazole(100mg),5 ml,548.7
Omeod 500,Lupin,amoxicillin 500 mg,10 capsules,501.32
Augcin 20,GSK India,Omeprazole 5  mg,10 tablets,14.79
Dolocin 10,Novartis India,CALCIUM CARBONATE-5mg,6 tablets,551.7
Cettab 500,Abbott India,omeprazole(20mg),15 tablets,173.43
Pansol 10,Cipla,amoxicillin 200 mg,6 tablets,524.69
Brucap 40,Novartis India,fluoxetine(500 mg),30 tablets,273.79
Cetcin 40,Wockhardt,CETIRIZINE-1000mg,5 ml,0.0
Dolosr 40,Dr Reddy,rabeprazole 200 mg,1 bottle,63.24
Cetsol 40,Dr Reddy,metformin(1000mg),10 tablets,371.83
Azeesr 20,Hetero Drugs,metformin 40mg,10 capsules,434.62
Dolood 10,Intas Pharma,Metoprolol (400mg),5 ml,336.54
Omeod 10,Aurobindo Pharma,cetirizine(250mg),6 tablets,0.0
Ometab 500,Hetero Drugs,Glimepiride (500 mg),15 tablets,454.68
Amoxtab 40,Aurobindo Pharma,Paracetamol (5 mg),5 ml,534.85
Clavsr 250,Dr Reddy,levocetirizine(500mg),6 tablets,159.94
Amoxplus 20,Himalaya,Aspirin 200 mg,30 tablets,0.0
Azeecin 10,Glenmark,ondansetron(250mg),5 ml,498.0
Metod 40,Dabur Pharma,Clopidogrel 1000  mg,10 capsules,331.46
Amoxtab 1000,Zydus Cadila,amoxicillin 40 mg,10 capsules,
Cetforte 500,Pfizer India,Zinc sulphate 500  mg,1 bottle,407.29
Dolosol 250,Dr Reddy,ondansetron(1000 mg),10 capsules,64.67
Augplus 40,Aurobindo Pharma,fluoxetine(20mg),10 tablets,429.62
Augxr 250,Zydus Cadila,Paracetamol 20 mg,10 capsules,79.61
Metplus 20,Sun Pharma,Gabapentin 1000  mg,5 ml,317.08
Bruforte 10,Cipla,Pregabalin 10  mg,10 tablets,101.18
Augcap 500,Dr Reddy,GLIMEPIRIDE-500mg,30 tablets,59.35
Doloxr 250,Glenmark,TELMISARTAN-40mg,15 tablets,8.41
Augcap 250,Aurobindo Pharma,zinc sulphate(100mg),10 tablets,222.28
Mettab 500,Abbott India,metoprolol 250mg,30 tablets,433.64
Clavsol 1000,Dabur Pharma,levocetirizine 250mg,5 ml,401.02
Clavplus 1000,Dr Reddy,azithromycin(250mg),15 tablets,534.35
Azeesr 20,Sun Pharma,telmisartan 1000mg,5 ml,139.69
Azeecap 40,Himalaya,Domperidone 20  mg,5 ml,0.0
Cetsol 250,Wockhardt,Metoprolol (10mg),10 capsules,136.47
Pancin 40,Lupin,clonazepam(1000mg),6 tablets,343.58
Clavxr 500,Sanofi India,Levocetirizine 500  mg,5 ml,410.14
Amoxds 20,Wockhardt,GLIMEPIRIDE-500mg,15 tablets,570.61
Cetcap 40,Intas Pharma,fluoxetine 20mg,30 tablets,198.58
Panforte 250,Mankind Pharma,tramadol(5 mg),10 capsules,591.06
Cetcin 1000,Sanofi India,PREGABALIN-5mg,1 bottle,269.3
Azeesr 1000,Zydus Cadila,rabeprazole(500mg),10 capsules,198.0
Mettab 40,GSK India,Omeprazole (20mg),30 tablets,506.47
Dolocap 10,Alkem Labs,pregabalin(500 mg),10 tablets,
Pantab 250,Torrent Pharma,glimepiride 1000mg,15 tablets,484.72
Amoxforte 40,Dabur Pharma,rosuvastatin(20mg),1 bottle,281.13
Dolosol 500,Lupin,Atorvastatin (40 mg),6 tablets,492.66
Clavsr 250,Wockhardt,diclofenac(40mg),5 ml,62.6
Clavsr 1000,Intas Pharma,montelukast 400mg,10 capsules,445.42
Azeetab 10,Sanofi India,Pregabalin (10 mg),10 capsules,0.0
Cetsr 20,Himalaya,amlodipine 10mg,10 capsules,159.04
Clavcin 500,GSK India,CIPROFLOXACIN-5mg,30 tablets,134.92
Augcin 1000,Novartis India,calcium carbonate 250 mg,10 tablets,274.68
Amoxsr 10,Novartis India,Clonazepam 5 mg,1 bottle,
Doloxr 250,Aurobindo Pharma,Ibuprofen 400 mg,1 bottle,10.21
Cetds 500,Zydus Cadila,amlodipine(40mg),10 tablets,79.59
Azeeplus 10,Mankind Pharma,alprazolam(10 mg),1 bottle,87.13
Dolood 10,Sun Pharma,CALCIUM CARBONATE-5mg,30 tablets,
Azeeforte 500,Cipla,Ondansetron 1000  mg,30 tablets,63.94
Amoxod 20,Sanofi India,losartan 5mg,5 ml,62.21
Cettab 250,Zydus Cadila,Fexofenadine (500 mg),30 tablets,524.77
Metxr 1000,Intas Pharma,Omeprazole (40 mg),10 capsules,378.54
Azeeforte 20,Hetero Drugs,levocetirizine(250 mg),30 tablets,559.77
Brusol 40,Lupin,FLUOXETINE-200mg,15 tablets,241.18
Augsr 1000,Sanofi India,Ondansetron 20  mg,1 bottle,344.23
Amoxod 250,Dr Reddy,atorvastatin 5mg,1 bottle,354.22
Amoxcap 10,Novartis India,pregabalin(250mg),5 ml,473.68
Dolocin 250,Aurobindo Pharma,Calcium carbonate 250 mg,10 tablets,63.63
Amoxcap 40,Sun Pharma,clopidogrel(100mg),30 tablets,125.7
Pantab 250,Himalaya,pantoprazole 1000mg,10 capsules,519.49
Amoxod 20,Dabur Pharma,Rabeprazole 200 mg,10 tablets,573.79
Clavod 10,Aurobindo Pharma,Ciprofloxacin (5 mg),1 bottle,281.38
Cetsol 10,Lupin,Amoxicillin 200  mg,10 tablets,115.27
Clavsr 500,Aurobindo Pharma,metformin(500 mg),10 capsules,538.32
Augod 500,Hetero Drugs,sertraline 10mg,6 tablets,100.92
Clavtab 10,Intas Pharma,azithromycin 10mg,6 tablets,408.15
Doloxr 20,Wockhardt,levocetirizine(250mg),10 capsules,334.68
Azeeforte 40,Cipla,Pregabalin (10 mg),5 ml,366.13
Metsol 10,Intas Pharma,rabeprazole(40 mg),5 ml,170.09
Augxr 1000,GSK India,RABEPRAZOLE-5mg,1 bottle,359.96
Clavplus 20,Aurobindo Pharma,Clopidogrel 5  mg,1 bottle,382.74
Augplus 1000,Torrent Pharma,ROSUVASTATIN-500mg,5 ml,391.48
Cetod 40,Pfizer India,IBUPROFEN-500mg,1 bottle,11.29
Clavplus 1000,Abbott India,clonazepam 1000 mg,6 tablets,527.5
Augds 250,Cipla,rosuvastatin(200mg),5 ml,229.76
Cetod 250,Himalaya,Gabapentin 500  mg,15 tablets,154.62
Metsr 500,Sun Pharma,clonazepam 500mg,1 bottle,40.77
Amoxcin 1000,Alkem Labs,Rosuvastatin 250 mg,15 tablets,69.19
Azeesr 40,Abbott India,levocetirizine(500 mg),5 ml,352.2
Bruxr 40,Wockhardt,ondansetron 20 mg,30 tablets,30.11
Augplus 250,Himalaya,AMLODIPINE-40mg,10 capsules,206.72
Pancap 40,Cipla,Methylcobalamin (100mg),10 tablets,0.0
Bruplus 20,Glenmark,gabapentin(10mg),10 tablets,163.32
Panxr 250,Alkem Labs,sertraline(5mg),15 tablets,164.04
Metforte 250,Sanofi India,Esomeprazole 200 mg,10 capsules,567.94
Augcin 40,Mankind Pharma,Ranitidine (10 mg),5 ml,246.86
Azeetab 500,Dr Reddy,Sertraline 500 mg,6 tablets,363.03
Metsr 10,Lupin,cetirizine(5mg),15 tablets,158.1
Bruds 10,Abbott India,MONTELUKAST-10mg,1 bottle,13.32
Panxr 40,Dr Reddy,paracetamol(40 mg),5 ml,223.11
Azeesol 20,Cipla,Telmisartan 500 mg,1 bottle,410.99
Amoxds 1000,Sun Pharma,TELMISARTAN-5mg,15 tablets,281.76
Cetsr 500,Torrent Pharma,glimepiride 250mg,10 capsules,312.33
Bruplus 500,Abbott India,diclofenac(400 mg),5 ml,445.7
Amoxplus 1000,Sanofi India,clonazepam(250 mg),5 ml,534.14
Cetcin 10,Sun Pharma,LEVOTHYROXINE-200mg,15 tablets,
Pantab 40,Dabur Pharma,Clopidogrel 20 mg,10 capsules,222.07
Clavxr 10,Dabur Pharma,amoxicillin(20mg),6 tablets,0.0
Bruforte 1000,Hetero Drugs,CALCIUM CARBONATE-40mg,5 ml,
Pancap 40,Hetero Drugs,Calcium Carbonate (200 mg),30 tablets,
Dolocin 250,Dr Reddy,METOPROLOL-500mg,10 capsules,180.99
Cetcin 1000,Aurobindo Pharma,Gabapentin (20mg),10 capsules,320.78
Azeeplus 40,Hetero Drugs,Methylcobalamin (400mg),30 tablets,273.39
Azeecap 1000,Himalaya,FLUOXETINE-20mg,5 ml,499.97
Omeds 500,Hetero Drugs,Aspirin (5 mg),5 ml,295.72
Cetod 1000,Torrent Pharma,Alprazolam 20 mg,5 ml,521.9
Azeeds 40,Wockhardt,Esomeprazole 500  mg,5 ml,436.5
Clavxr 40,Sanofi India,Amoxicillin (400mg),10 tablets,438.22
Omeforte 250,Pfizer India,montelukast(200mg),1 bottle,496.14
Pands 20,Glenmark,Glimepiride (200 mg),6 tablets,88.65
Augxr 20,Glenmark,GLIMEPIRIDE-500mg,10 tablets,558.73
Omecin 20,Sanofi India,doxycycline 500 mg,10 capsules,455.93
Augsr 10,Pfizer India,diclofenac 250 mg,5 ml,168.73
Augcap 1000,Alkem Labs,GLIMEPIRIDE-10mg,10 capsules,444.1
Augcin 40,Cipla,calcium carbonate(40 mg),10 tablets,176.73
Brusr 1000,Himalaya,glimepiride 400 mg,6 tablets,553.84
Brusr 250,Himalaya,FEXOFENADINE-20mg,30 tablets,99.19
Amoxod 40,Wockhardt,Ibuprofen 40 mg,1 bottle,476.41
Augxr 1000,Zydus Cadila,Metoprolol 20 mg,6 tablets,124.83
Augcin 250,Torrent Pharma,ESOMEPRAZOLE-10mg,10 tablets,208.68
Doloforte 10,Hetero Drugs,aspirin 100mg,10 capsules,482.44
Augxr 10,Hetero Drugs,PREGABALIN-5mg,5 ml,309.31
Pands 10,Himalaya,rosuvastatin 250mg,10 tablets,0.0
Dolosr 20,Dr Reddy,Domperidone 1000 mg,30 tablets,198.07
Bruds 10,Abbott India,vitamin d3(20 mg),15 tablets,533.2
Clavds 20,Cipla,Aspirin 1000 mg,10 capsules,
Azeesol 20,Hetero Drugs,omeprazole 500mg,5 ml,54.34
Pancin 20,Aurobindo Pharma,RANITIDINE-500mg,30 tablets,427.23
Clavcin 500,Abbott India,Doxycycline 200  mg,1 bottle,546.51
Omeds 20,Sanofi India,Gabapentin 400  mg,15 tablets,372.04
Augxr 10,Wockhardt,Diclofenac (5 mg),5 ml,155.09
Azeetab 500,Abbott India,amlodipine(250mg),30 tablets,182.02
Bruplus 1000,Zydus Cadila,glimepiride 40 mg,6 tablets,510.15
Bruxr 500,Dabur Pharma,Domperidone 40 mg,5 ml,269.87
Amoxplus 20,Pfizer India,Omeprazole 400  mg,5 ml,343.36
Clavsol 20,Aurobindo Pharma,omeprazole 100mg,5 ml,373.03
Cetsol 20,Aurobindo Pharma,Levothyroxine 250  mg,30 tablets,173.26
Bruplus 20,Himalaya,vitamin d3(250mg),5 ml,238.05
Cetod 500,Novartis India,Clonazepam (1000mg),15 tablets,151.85
Cetcap 250,Novartis India,Amlodipine 200 mg,1 bottle,142.12
Omesol 20,Aurobindo Pharma,Pregabalin (200mg),6 tablets,252.89
Panplus 1000,Sanofi India,Clonazepam 250  mg,15 tablets,202.09
Augds 10,Hetero Drugs,Levothyroxine 20  mg,5 ml,0.0
Augxr 1000,Zydus Cadila,Rosuvastatin (250 mg),1 bottle,386.38
Doloxr 250,Pfizer India,LEVOCETIRIZINE-400mg,10 tablets,159.17
Amoxcap 250,Cipla,LOSARTAN-200mg,10 tablets,588.57
Metforte 250,Zydus Cadila,tramadol 10mg,10 tablets,381.89
Omesol 500,Wockhardt,rosuvastatin 250mg,30 tablets,195.43
Cetod 20,Alkem Labs,gabapentin 1000mg,15 tablets,521.87
Panplus 500,Himalaya,Doxycycline 40 mg,6 tablets,
Augcin 250,Dr Reddy,amoxicillin(5 mg),6 tablets,223.27
Bruforte 20,Intas Pharma,Telmisartan 500  mg,10 capsules,362.37
Brutab 250,Dabur Pharma,ibuprofen 40mg,10 capsules,482.65
Pansr 10,Intas Pharma,Alprazolam (5mg),5 ml,441.09
Clavcap 500,Dr Reddy,Ciprofloxacin 500 mg,10 tablets,72.37
Augsol 500,Lupin,Clopidogrel 5 mg,30 tablets,33.89
Bruxr 10,Dr Reddy,DICLOFENAC-100mg,15 tablets,216.02
Dolods 250,Wockhardt,Domperidone (1000 mg),30 tablets,255.76
Cetcin 40,Wockhardt,CLOPIDOGREL-250mg,1 bottle,151.24
Pancin 1000,Glenmark,Metformin 20 mg,10 tablets,542.82
Clavcin 1000,Cipla,Fexofenadine 400  mg,1 bottle,281.72
Brusr 40,Dr Reddy,ranitidine(1000mg),5 ml,362.51
Metcin 40,Abbott India,esomeprazole(5mg),5 ml,520.1
Augcin 10,Wockhardt,Vitamin D3 (250 mg),30 tablets,352.36
Cetxr 40,Zydus Cadila,Clonazepam (400mg),30 tablets,164.92
Panplus 250,Sun Pharma,clopidogrel(10mg),15 tablets,514.87
Dolotab 250,Cipla,montelukast(400 mg),5 ml,367.22
Metcin 1000,Wockhardt,ESOMEPRAZOLE-400mg,15 tablets,293.34
Azeeplus 250,Sun Pharma,Domperidone (20 mg),10 capsules,248.13
Augcin 40,Lupin,DICLOFENAC-500mg,5 ml,167.58
Metod 40,Abbott India,clopidogrel(40mg),5 ml,286.65
Augxr 20,Sanofi India,Gabapentin 500  mg,10 tablets,0.0
Clavsol 250,Abbott India,Calcium carbonate 10 mg,6 tablets,459.98
Bruod 20,Dr Reddy,rosuvastatin(500 mg),5 ml,120.01
Augcin 20,Intas Pharma,Vitamin d3 5 mg,6 tablets,364.48
Dolocap 40,Intas Pharma,amoxicillin 1000 mg,5 ml,205.76
Dolocin 20,Aurobindo Pharma,Tramadol 250 mg,5 ml,
Cetsr 250,Zydus Cadila,Gabapentin 250  mg,6 tablets,351.93
Bruds 250,Lupin,Amlodipine (1000 mg),10 capsules,0.0
Omeod 1000,Sun Pharma,Calcium carbonate 400 mg,10 capsules,0.0
Metcap 10,Cipla,Pregabalin 1000 mg,10 tablets,416.65
Augsr 250,Pfizer India,Rosuvastatin 5  mg,5 ml,58.1
Clavforte 10,Lupin,RABEPRAZOLE-5mg,10 tablets,391.31
Augsol 40,Sun Pharma,Ondansetron 100 mg,1 bottle,196.22
Panforte 250,Mankind Pharma,methylcobalamin(10mg),15 tablets,582.79
Clavcap 1000,Sanofi India,methylcobalamin 20 mg,5 ml,34.57
Augsol 1000,Wockhardt,tramadol(200mg),6 tablets,328.47
Amoxsr 10,Sanofi India,fluoxetine 40 mg,1 bottle,367.47
Azeesol 1000,Intas Pharma,zinc sulphate(250 mg),15 tablets,236.88
Pantab 20,Zydus Cadila,azithromycin 40mg,5 ml,126.49
Augtab 20,Zydus Cadila,Fexofenadine (200 mg),1 bottle,60.72
Pansol 40,Abbott India,domperidone 5mg,6 tablets,53.17
Cetds 40,Aurobindo Pharma,doxycycline 500mg,10 capsules,436.43
Cetcin 500,Wockhardt,CLOPIDOGREL-250mg,6 tablets,362.15
Omecap 20,Sanofi India,Fluoxetine 200 mg,10 tablets,101.33
Metod 500,Lupin,domperidone 100mg,1 bottle,481.98
Pansol 20,Wockhardt,diclofenac(20 mg),30 tablets,393.41
Augsr 40,Glenmark,Diclofenac (500 mg),30 tablets,293.65
Amoxsol 1000,Zydus Cadila,Montelukast (5mg),6 tablets,387.32
Panod 500,GSK India,atorvastatin 1000mg,30 tablets,540.76
Clavforte 10,Alkem Labs,Telmisartan (5 mg),1 bottle,389.04
Omexr 20,Alkem Labs,ZINC SULPHATE-200mg,10 capsules,231.52
Panxr 20,Glenmark,paracetamol(5 mg),30 tablets,457.34
Omecin 1000,Cipla,Telmisartan (200mg),5 ml,94.38
Amoxod 500,Alkem Labs,sertraline(200mg),30 tablets,75.92
Clavxr 20,Novartis India,clonazepam(1000mg),6 tablets,537.04
Dolosol 20,Hetero Drugs,METOPROLOL-200mg,1 bottle,189.56
Metplus 10,GSK India,cetirizine 1000mg,10 tablets,0.0
Cetplus 1000,Mankind Pharma,omeprazole 10 mg,1 bottle,545.89
Amoxxr 20,Abbott India,Paracetamol (40mg),30 tablets,427.84
Omesr 500,GSK India,Methylcobalamin (100mg),5 ml,402.51
Pancin 10,GSK India,metformin 250 mg,6 tablets,38.03
Dolotab 10,Pfizer India,Clonazepam (1000mg),10 capsules,120.41
Amoxtab 10,Mankind Pharma,Omeprazole (40mg),15 tablets,208.07
Omeds 40,Torrent Pharma,Calcium carbonate 250  mg,6 tablets,572.93
Pancap 20,Aurobindo Pharma,Doxycycline 5 mg,30 tablets,209.6
Omesr 40,Glenmark,Atorvastatin 250  mg,10 capsules,370.67
Dolocap 40,Cipla,pregabalin(40mg),6 tablets,483.37
Clavod 20,Intas Pharma,Vitamin D3 (10mg),15 tablets,168.04
Bruod 20,Sanofi India,PARACETAMOL-1000mg,30 tablets,120.22
Cetcin 250,Sun Pharma,LEVOCETIRIZINE-250mg,10 tablets,274.53
Clavds 20,Intas Pharma,zinc sulphate 5 mg,1 bottle,576.53
Augcap 20,Novartis India,Montelukast (400 mg),15 tablets,81.78
Clavtab 1000,Intas Pharma,Levothyroxine 10 mg,30 tablets,121.3
Azeeforte 500,Alkem Labs,Ibuprofen (10mg),10 tablets,136.9
Azeeplus 40,Intas Pharma,GABAPENTIN-40mg,15 tablets,583.92
Omesol 500,Aurobindo Pharma,LOSARTAN-1000mg,1 bottle,13.94
Augcin 10,Novartis India,LOSARTAN-40mg,1 bottle,0.0
Bruxr 10,Novartis India,amlodipine(5mg),1 bottle,187.01
Augforte 500,Dr Reddy,FLUOXETINE-40mg,10 tablets,477.75
Omecin 40,Hetero Drugs,Aspirin (5mg),5 ml,406.54
Cetforte 1000,Pfizer India,fluoxetine 20mg,5 ml,116.25
Cetsr 10,Alkem Labs,fexofenadine(400 mg),10 capsules,453.45
Cetsol 20,Glenmark,ciprofloxacin(200 mg),6 tablets,397.28
Metcap 10,Aurobindo Pharma,ALPRAZOLAM-200mg,6 tablets,
Augsol 250,Abbott India,AMOXICILLIN-200mg,30 tablets,316.47
Cettab 40,Himalaya,Atorvastatin 1000 mg,10 capsules,121.17
Pansr 10,GSK India,Metformin (500 mg),5 ml,229.97
Clavxr 500,Himalaya,montelukast 200 mg,10 capsules,471.08
Panforte 20,Abbott India,Levocetirizine (20mg),10 capsules,220.17
Cetcap 1000,Torrent Pharma,pregabalin 200mg,6 tablets,352.96
Doloplus 250,Dabur Pharma,domperidone 500mg,10 tablets,352.45
Augplus 1000,Dabur Pharma,Azithromycin (10mg),1 bottle,71.49
Clavcin 1000,Hetero Drugs,Fexofenadine 400 mg,6 tablets,442.51
Cetxr 40,Abbott India,FLUOXETINE-20mg,30 tablets,296.22
Azeetab 500,Alkem Labs,AMOXICILLIN-5mg,6 tablets,313.45
Amoxsr 40,Hetero Drugs,CLONAZEPAM-200mg,5 ml,411.74
Dolood 10,Pfizer India,AZITHROMYCIN-1000mg,6 tablets,152.55
Metsol 250,Intas Pharma,Doxycycline (1000mg),10 capsules,539.42
Dolood 1000,Wockhardt,Pantoprazole (400mg),6 tablets,0.0
Pansol 40,Sanofi India,Aspirin (400 mg),5 ml,255.15
Azeecap 1000,Zydus Cadila,Omeprazole (500mg),10 tablets,52.88
Brutab 10,Sanofi India,DICLOFENAC-500mg,30 tablets,383.57
Clavod 10,Intas Pharma,Domperidone (40mg),10 capsules,518.23
Amoxsr 1000,Alkem Labs,amlodipine 250mg,6 tablets,134.12
Pancin 1000,Hetero Drugs,Cetirizine 500 mg,10 tablets,0.0
Metforte 1000,Alkem Labs,Paracetamol (100mg),10 tablets,205.7
Cetsol 20,Zydus Cadila,Amlodipine 500 mg,6 tablets,576.38
Omeds 20,GSK India,Tramadol (20mg),1 bottle,535.6
Augsr 1000,GSK India,Fluoxetine 400  mg,1 bottle,519.94
Omeds 20,Dabur Pharma,ATORVASTATIN-20mg,10 capsules,140.14
Metcin 1000,Sanofi India,pantoprazole 500mg,1 bottle,221.86
Augsol 1000,Dr Reddy,alprazolam(10 mg),6 tablets,75.17
Pansol 40,Intas Pharma,Fluoxetine 200  mg,6 tablets,383.14
Clavtab 20,Dabur Pharma,levothyroxine 5 mg,15 tablets,385.44
Amoxod 500,Torrent Pharma,amlodipine 500mg,5 ml,462.19
Metds 1000,Sun Pharma,methylcobalamin 250 mg,1 bottle,
Augds 40,Hetero Drugs,Metformin (20 mg),15 tablets,0.0
Metforte 1000,Glenmark,rosuvastatin 500 mg,5 ml,
Azeeds 20,Pfizer India,Clonazepam 200  mg,1 bottle,583.45
Cetcin 1000,Cipla,Amlodipine (10mg),1 bottle,20.83
Omesr 1000,Intas Pharma,ATORVASTATIN-10mg,1 bottle,
Bruxr 10,Intas Pharma,Telmisartan (10mg),10 capsules,56.44
Augcin 40,Intas Pharma,METOPROLOL-10mg,30 tablets,161.19
Augcin 500,Sanofi India,Azithromycin (250mg),1 bottle,151.38
Metcap 1000,Sun Pharma,GLIMEPIRIDE-100mg,1 bottle,505.34
Pansol 40,Dabur Pharma,methylcobalamin 40 mg,5 ml,467.27
Clavds 20,Pfizer India,Alprazolam 10 mg,10 capsules,347.46
Azeetab 250,Sun Pharma,Pantoprazole 100 mg,30 tablets,558.02
Mettab 1000,Abbott India,alprazolam 10 mg,15 tablets,554.02
Dolood 250,Mankind Pharma,Cetirizine (5 mg),1 bottle,
Cetforte 10,Torrent Pharma,Telmisartan 400 mg,15 tablets,
Omecap 500,Zydus Cadila,Clopidogrel 5 mg,30 tablets,81.1
Cetcin 10,Sun Pharma,atorvastatin(10mg),6 tablets,14.86
Cetcap 250,Cipla,Vitamin D3 (5mg),30 tablets,586.84
Metds 1000,Hetero Drugs,FEXOFENADINE-20mg,5 ml,404.51
Clavod 40,Glenmark,Azithromycin (10 mg),6 tablets,369.78
Metsr 1000,Glenmark,omeprazole 400 mg,30 tablets,324.91
Amoxod 20,Novartis India,Zinc Sulphate (500 mg),10 tablets,491.68
Azeeforte 20,Alkem Labs,RANITIDINE-5mg,30 tablets,144.15
Panforte 250,Sanofi India,DOXYCYCLINE-250mg,10 capsules,556.23
Augsol 1000,Himalaya,Fluoxetine (5 mg),6 tablets,161.47
Augsr 10,Torrent Pharma,AMLODIPINE-500mg,6 tablets,293.59
Panplus 10,Himalaya,methylcobalamin 1000 mg,15 tablets,0.0
Azeecap 10,Himalaya,Fexofenadine 250 mg,10 capsules,184.21
Augod 500,Alkem Labs,tramadol 500 mg,1 bottle,472.81
Cettab 250,Himalaya,Glimepiride (1000 mg),10 tablets,532.48
Brucin 250,Alkem Labs,esomeprazole 200mg,10 capsules,455.35
Pansr 20,Torrent Pharma,ZINC SULPHATE-400mg,1 bottle,92.85
Brucin 500,Alkem Labs,cetirizine 40 mg,10 tablets,0.0
Clavds 20,Abbott India,ciprofloxacin 200 mg,6 tablets,161.12
Metxr 250,Zydus Cadila,pregabalin 200 mg,6 tablets,473.52
Amoxod 40,Glenmark,methylcobalamin 10 mg,5 ml,451.09
Mettab 10,Mankind Pharma,Tramadol (5 mg),1 bottle,428.1
Cetcap 40,Sanofi India,Metoprolol (20 mg),15 tablets,0.0
Brutab 10,Zydus Cadila,Doxycycline 5 mg,1 bottle,249.92
Dolotab 250,Aurobindo Pharma,telmisartan 500mg,30 tablets,104.72
Cetds 40,Sun Pharma,azithromycin 250mg,15 tablets,0.0
Azeecap 10,Hetero Drugs,glimepiride(250 mg),15 tablets,469.67
Doloplus 500,Dabur Pharma,TELMISARTAN-40mg,15 tablets,547.11
Metod 10,Pfizer India,TRAMADOL-5mg,10 capsules,463.68
Brucin 10,Sun Pharma,Rosuvastatin (10mg),15 tablets,269.09
Bruforte 500,Himalaya,Losartan 5  mg,6 tablets,525.76
Cetcin 20,Sun Pharma,Sertraline (400mg),30 tablets,344.13
Augod 500,Hetero Drugs,ciprofloxacin(250mg),10 tablets,506.05
Metplus 250,Dabur Pharma,CIPROFLOXACIN-10mg,1 bottle,447.31
Pands 500,Dabur Pharma,pantoprazole 20 mg,6 tablets,
Azeesr 250,Mankind Pharma,METFORMIN-40mg,10 tablets,523.88
Clavforte 20,Mankind Pharma,vitamin d3 200mg,15 tablets,0.0
Clavod 20,Glenmark,Aspirin (5mg),5 ml,435.18
Cetsol 250,Sun Pharma,esomeprazole(20 mg),15 tablets,492.88
Augforte 250,Intas Pharma,fexofenadine(250mg),10 tablets,108.23
Azeexr 10,Pfizer India,Ciprofloxacin (250mg),10 capsules,392.58
Clavforte 20,Glenmark,levothyroxine(250 mg),10 tablets,453.81
Bruod 1000,Abbott India,ZINC SULPHATE-20mg,1 bottle,408.88
Amoxcap 250,Novartis India,Fexofenadine (250 mg),10 tablets,190.61
Amoxxr 500,Cipla,pregabalin 200mg,6 tablets,70.78
Clavplus 250,Alkem Labs,domperidone(100mg),5 ml,260.04
Azeeds 40,Cipla,rabeprazole 20 mg,1 bottle,527.19
Clavtab 250,Pfizer India,esomeprazole 400 mg,30 tablets,40.32
Azeesr 20,Intas Pharma,Tramadol 20 mg,10 tablets,147.8
Omecap 1000,GSK India,Levothyroxine 5 mg,10 tablets,348.39
Amoxsol 10,Sanofi India,telmisartan(500 mg),15 tablets,
Dolotab 20,Alkem Labs,amoxicillin(40 mg),1 bottle,504.1
Pansol 40,Zydus Cadila,ranitidine(10 mg),5 ml,581.66
Doloxr 10,Lupin,Doxycycline 250  mg,15 tablets,594.21
Dolosr 40,Novartis India,Aspirin (250mg),5 ml,307.52
Amoxcap 1000,Zydus Cadila,AZITHROMYCIN-500mg,6 tablets,
Azeesol 10,GSK India,gabapentin 250mg,5 ml,0.0
Metxr 1000,Torrent Pharma,DOXYCYCLINE-250mg,10 tablets,395.31
Clavsr 40,Dabur Pharma,fexofenadine 400 mg,6 tablets,
Augplus 10,Cipla,Fluoxetine 500 mg,10 tablets,66.79
Clavtab 40,Torrent Pharma,Diclofenac (500mg),6 tablets,521.67
Omexr 500,Novartis India,Glimepiride 5 mg,1 bottle,306.21
Amoxcin 40,GSK India,Omeprazole 500  mg,5 ml,200.42
Amoxds 40,Sanofi India,Fexofenadine (10 mg),15 tablets,303.69
Omeod 20,Dr Reddy,ALPRAZOLAM-500mg,30 tablets,304.34
Cetcap 500,Dr Reddy,LOSARTAN-200mg,6 tablets,430.54
Pancin 10,Glenmark,Clonazepam (40mg),10 capsules,421.62
Amoxforte 10,Torrent Pharma,amlodipine 250mg,10 capsules,276.4
Panplus 1000,Aurobindo Pharma,Telmisartan 10 mg,1 bottle,255.27
Augxr 10,Intas Pharma,Omeprazole 10 mg,30 tablets,553.01
Bruplus 10,Wockhardt,Ondansetron 500  mg,1 bottle,0.0
Dolocap 20,Sanofi India,Rosuvastatin (20mg),6 tablets,265.99
Amoxod 20,Hetero Drugs,Ranitidine 1000 mg,10 tablets,326.07
Doloplus 40,Zydus Cadila,Pregabalin 5  mg,1 bottle,171.32
Cetod 20,Wockhardt,Pregabalin (500 mg),10 capsules,284.71
Augcap 1000,Cipla,Fexofenadine (200mg),1 bottle,253.61
Metcin 500,Dr Reddy,AMOXICILLIN-400mg,30 tablets,60.67
Omeds 1000,Dr Reddy,Aspirin (400mg),10 tablets,403.8
Doloforte 500,Sanofi India,gabapentin 250 mg,1 bottle,420.35
Bruod 10,Torrent Pharma,Cetirizine (250 mg),15 tablets,562.35
Clavds 500,Dr Reddy,clonazepam 5mg,1 bottle,392.9
Clavxr 500,Aurobindo Pharma,aspirin 250 mg,1 bottle,396.97
Amoxtab 10,Wockhardt,methylcobalamin(500 mg),6 tablets,394.77
Clavtab 40,Dabur Pharma,Rabeprazole (500mg),10 capsules,263.84
Cetod 500,Wockhardt,Calcium carbonate 100 mg,6 tablets,240.85
Dolotab 10,Sanofi India,Glimepiride 20 mg,5 ml,579.93
Augtab 20,Sun Pharma,Methylcobalamin (500mg),15 tablets,457.33
Augcap 250,Alkem Labs,Levothyroxine (20mg),10 capsules,549.74
Amoxforte 40,Cipla,esomeprazole(1000mg),6 tablets,479.53
Omexr 1000,Zydus Cadila,TELMISARTAN-10mg,10 tablets,259.61
Cetplus 500,Cipla,calcium carbonate 5mg,10 capsules,441.22
Pansr 1000,Sun Pharma,gabapentin 1000mg,15 tablets,193.51
Cetplus 20,Mankind Pharma,glimepiride 1000mg,10 tablets,184.14
Clavsol 40,Sun Pharma,fluoxetine 200mg,5 ml,521.33
Cetplus 1000,Pfizer India,vitamin d3(200 mg),10 tablets,10.31
Azeecap 500,GSK India,Ibuprofen 250 mg,10 tablets,409.19
Bruforte 1000,Abbott India,Amlodipine 40  mg,1 bottle,160.3
Doloplus 20,Abbott India,Diclofenac 500  mg,30 tablets,556.64
Dolosol 20,Wockhardt,Ranitidine 1000  mg,10 tablets,136.56
Pancap 250,Pfizer India,AMLODIPINE-200mg,6 tablets,212.68
Brucap 10,Himalaya,LOSARTAN-400mg,10 tablets,374.29
Augsr 500,Intas Pharma,CLOPIDOGREL-5mg,5 ml,135.41
Clavtab 500,Pfizer India,AMLODIPINE-500mg,10 tablets,591.95
Cettab 40,Dr Reddy,Esomeprazole 250  mg,30 tablets,61.03
Omecin 250,Glenmark,Ranitidine 500 mg,10 capsules,432.55
Amoxsol 500,Torrent Pharma,Losartan 5 mg,30 tablets,451.26
Pancin 10,Zydus Cadila,vitamin d3 1000mg,15 tablets,380.52
Cetsr 20,Abbott India,diclofenac(1000 mg),30 tablets,35.8
Panod 500,GSK India,diclofenac 400 mg,10 tablets,119.51
Brusol 40,Cipla,paracetamol(500mg),10 tablets,585.48
Bruforte 20,Glenmark,Fexofenadine 40  mg,30 tablets,252.61
Amoxxr 40,Abbott India,Montelukast (20 mg),30 tablets,136.23
Omeforte 1000,Sanofi India,Rabeprazole 500  mg,30 tablets,451.15
Omeds 1000,Alkem Labs,Tramadol 250  mg,30 tablets,72.07
Clavforte 20,Hetero Drugs,Ondansetron 200  mg,6 tablets,
Cetod 10,Glenmark,Ciprofloxacin 400 mg,15 tablets,444.16
Cetforte 250,Mankind Pharma,omeprazole(250mg),15 tablets,441.55
Cetsol 10,Pfizer India,VITAMIN D3-500mg,6 tablets,0.0
Metcin 500,Wockhardt,ATORVASTATIN-100mg,30 tablets,374.35
Azeecap 250,Mankind Pharma,CIPROFLOXACIN-40mg,10 capsules,17.56
Cetod 40,Dabur Pharma,METOPROLOL-100mg,15 tablets,226.61
Amoxcin 10,Zydus Cadila,Montelukast 200  mg,10 capsules,484.71
Augds 500,Cipla,clopidogrel(5mg),10 capsules,398.26
Augds 500,Sun Pharma,ondansetron(20 mg),10 tablets,191.94
Panod 40,Abbott India,rabeprazole(100mg),1 bottle,191.1
Clavcap 1000,Glenmark,rosuvastatin(250mg),30 tablets,473.98
Cetsol 500,Himalaya,Ranitidine 1000  mg,5 ml,201.82
Clavcap 10,Novartis India,Aspirin 100 mg,5 ml,576.88
Amoxxr 10,Torrent Pharma,RANITIDINE-5mg,6 tablets,0.0
Azeecin 10,Aurobindo Pharma,cetirizine(100mg),10 tablets,523.09
Clavcap 1000,Sanofi India,pregabalin(1000 mg),1 bottle,583.34
Azeexr 20,Hetero Drugs,ibuprofen(400mg),10 tablets,426.71
Metsol 250,Novartis India,Montelukast (200mg),10 capsules,330.32
Clavtab 500,GSK India,vitamin d3 5mg,1 bottle,390.08
Pantab 40,Novartis India,fluoxetine(400mg),5 ml,526.98
Dolocap 250,Lupin,ATORVASTATIN-1000mg,10 capsules,11.5
Metxr 40,Dr Reddy,ESOMEPRAZOLE-20mg,15 tablets,457.84
Cetsr 250,Mankind Pharma,paracetamol(200 mg),10 tablets,116.69
Omecap 20,Cipla,FEXOFENADINE-40mg,5 ml,0.0
Doloxr 20,GSK India,Aspirin 10 mg,6 tablets,0.0
Bruforte 500,Dr Reddy,paracetamol(10mg),1 bottle,493.93
Azeesr 250,Torrent Pharma,MONTELUKAST-5mg,15 tablets,228.65
Omesr 40,Dabur Pharma,Fluoxetine 100 mg,10 tablets,42.68
Cetcin 1000,Zydus Cadila,Paracetamol 20 mg,10 capsules,39.51
Clavtab 500,Alkem Labs,clonazepam(250mg),30 tablets,503.73
Metcap 1000,Dabur Pharma,paracetamol 250mg,5 ml,421.15
Dolocap 40,Aurobindo Pharma,Rosuvastatin 40 mg,15 tablets,522.42
Doloplus 500,Pfizer India,Azithromycin 10 mg,10 capsules,321.25
Omexr 10,Lupin,Rabeprazole (40 mg),6 tablets,307.28
Pancap 1000,Zydus Cadila,Tramadol 400  mg,10 capsules,64.74
Pancap 500,Pfizer India,Losartan 40 mg,15 tablets,32.15
Panforte 500,Intas Pharma,Clopidogrel (5mg),6 tablets,53.94
Dolocin 20,Pfizer India,Metformin (250 mg),30 tablets,161.6
Augds 1000,Cipla,Levocetirizine 40  mg,15 tablets,266.21
Augxr 1000,Sun Pharma,PARACETAMOL-400mg,6 tablets,398.65
Pantab 10,Glenmark,alprazolam 400mg,6 tablets,542.44
Cetod 250,Zydus Cadila,CALCIUM CARBONATE-20mg,10 capsules,77.74
Cettab 500,Lupin,amlodipine 250mg,10 tablets,159.33
Clavcin 1000,Dr Reddy,Rabeprazole (400 mg),10 capsules,25.45
Augtab 40,Torrent Pharma,Atorvastatin 1000 mg,5 ml,0.0
Augod 10,Hetero Drugs,ondansetron(200mg),5 ml,548.12
Clavcin 1000,Cipla,omeprazole 40mg,1 bottle,383.75
Pantab 250,Lupin,aspirin(400 mg),10 capsules,598.1
Augxr 250,Aurobindo Pharma,Clopidogrel 10  mg,1 bottle,354.01
Clavcap 250,GSK India,Ondansetron (250mg),10 tablets,274.31
Metds 250,Zydus Cadila,Sertraline (20 mg),15 tablets,156.94
Augcap 1000,Mankind Pharma,montelukast(20 mg),1 bottle,518.33
Azeeod 20,Novartis India,ROSUVASTATIN-200mg,30 tablets,288.79
Clavsol 500,Mankind Pharma,Fluoxetine 40 mg,10 capsules,380.14
Clavsol 20,Sun Pharma,ibuprofen 40mg,5 ml,305.79
Azeeplus 1000,Aurobindo Pharma,calcium carbonate 5 mg,30 tablets,88.11
Metod 250,Hetero Drugs,Ciprofloxacin 250  mg,15 tablets,335.42
Dolosol 500,GSK India,ONDANSETRON-40mg,15 tablets,515.28
Metsol 1000,Wockhardt,Pantoprazole (500mg),1 bottle,469.49
Metplus 40,Aurobindo Pharma,amlodipine 1000mg,6 tablets,591.09
Brucap 500,Sanofi India,DOXYCYCLINE-1000mg,10 capsules,123.42
Amoxsol 1000,Lupin,telmisartan 500 mg,6 tablets,523.79
Amoxplus 20,Torrent Pharma,cetirizine 20 mg,10 capsules,204.81
Amoxxr 500,Intas Pharma,omeprazole(400 mg),15 tablets,307.35
Augod 500,Wockhardt,Zinc Sulphate (10mg),30 tablets,542.03
Augsol 1000,Mankind Pharma,Vitamin d3 5  mg,30 tablets,134.93
Metcin 250,Lupin,fluoxetine(500 mg),30 tablets,283.11
Clavcap 40,Torrent Pharma,ATORVASTATIN-5mg,1 bottle,0.0
Mettab 250,Torrent Pharma,TRAMADOL-400mg,30 tablets,436.74
Brucap 1000,Novartis India,Montelukast 400 mg,6 tablets,0.0
Bruod 10,Sun Pharma,Atorvastatin 200 mg,1 bottle,0.0
Clavtab 500,Pfizer India,CALCIUM CARBONATE-10mg,30 tablets,481.0
Brutab 1000,Glenmark,Fluoxetine 500 mg,10 tablets,
Mettab 10,Sun Pharma,cetirizine 40mg,15 tablets,34.11
Clavds 10,Novartis India,RANITIDINE-40mg,5 ml,475.21
Azeexr 250,Mankind Pharma,Ciprofloxacin (20mg),10 tablets,164.45
Bruxr 20,Pfizer India,Metoprolol (500 mg),10 capsules,365.87
Omeplus 250,Cipla,ALPRAZOLAM-200mg,10 tablets,172.73
Metds 10,GSK India,PARACETAMOL-40mg,15 tablets,48.1
Clavplus 10,Dabur Pharma,pantoprazole 5 mg,6 tablets,585.37
Clavsol 250,Sanofi India,doxycycline(40 mg),15 tablets,209.29
Brucin 10,Aurobindo Pharma,CALCIUM CARBONATE-400mg,1 bottle,192.63
Azeetab 1000,Torrent Pharma,vitamin d3(5mg),6 tablets,10.63
Brucin 500,Glenmark,METHYLCOBALAMIN-500mg,5 ml,322.2
Clavxr 500,Sun Pharma,Zinc sulphate 1000  mg,5 ml,219.48
Omecap 250,Glenmark,Ondansetron 250 mg,5 ml,41.71
Amoxtab 20,Intas Pharma,Pantoprazole 20 mg,5 ml,21.82
Dolood 40,Cipla,rosuvastatin 200 mg,10 capsules,146.61
Augod 1000,GSK India,PANTOPRAZOLE-200mg,5 ml,30.54
Amoxds 40,Abbott India,Esomeprazole 250  mg,1 bottle,480.95
Dolods 1000,Mankind Pharma,Metoprolol (250 mg),15 tablets,256.23
Cetcap 10,Glenmark,Metformin 1000 mg,5 ml,356.68
Metod 10,Glenmark,Telmisartan 200  mg,15 tablets,301.84
Metds 1000,Cipla,METHYLCOBALAMIN-500mg,5 ml,167.37
Omecap 1000,Himalaya,losartan 1000mg,6 tablets,92.95
Metod 10,Glenmark,levothyroxine(400mg),10 tablets,230.07
Brucap 250,Intas Pharma,Glimepiride (10 mg),15 tablets,168.5
Ometab 20,Torrent Pharma,ONDANSETRON-400mg,1 bottle,362.5
Clavsol 40,Aurobindo Pharma,METOPROLOL-5mg,30 tablets,137.36
Brucin 500,Dr Reddy,Zinc sulphate 1000 mg,5 ml,127.78
Amoxtab 20,Hetero Drugs,ciprofloxacin(500mg),30 tablets,392.86
Clavsol 250,Sun Pharma,FEXOFENADINE-500mg,6 tablets,139.73
Brusr 40,Himalaya,Pantoprazole (1000mg),15 tablets,586.05
Bruforte 10,Abbott India,Tramadol 20  mg,5 ml,231.47
Omeod 1000,Torrent Pharma,ZINC SULPHATE-500mg,10 capsules,485.11
Clavsol 20,Zydus Cadila,Azithromycin (10mg),1 bottle,194.56
Omesol 1000,Abbott India,GABAPENTIN-20mg,15 tablets,409.8
Pancap 10,Sun Pharma,clonazepam 250 mg,1 bottle,156.24
Omeforte 40,Pfizer India,Fexofenadine 250 mg,30 tablets,599.45
Bruplus 20,Mankind Pharma,Alprazolam 40  mg,10 tablets,590.57
Pancap 20,Pfizer India,amlodipine(20 mg),15 tablets,174.87
Pancap 500,Mankind Pharma,sertraline 40mg,6 tablets,446.39
Omecap 1000,Pfizer India,Zinc sulphate 5 mg,5 ml,331.35
Clavforte 250,Himalaya,pregabalin(1000mg),30 tablets,235.38
Bruplus 1000,Glenmark,atorvastatin 200 mg,5 ml,264.07
Dolocap 1000,Torrent Pharma,Vitamin D3 (250mg),10 tablets,524.83
Doloplus 10,Novartis India,Clonazepam 1000  mg,30 tablets,535.22
Pantab 40,Hetero Drugs,sertraline(40 mg),5 ml,186.35
Dolocin 40,GSK India,Zinc sulphate 400 mg,15 tablets,
Pansr 500,GSK India,Montelukast 1000 mg,6 tablets,167.75
Amoxcin 40,Lupin,Aspirin 10 mg,15 tablets,296.5
Dolocap 10,Hetero Drugs,omeprazole 1000 mg,1 bottle,212.42
Azeeforte 250,Aurobindo Pharma,domperidone(20mg),1 bottle,576.01
Dolosr 250,Dr Reddy,ondansetron(5 mg),30 tablets,418.0
Clavplus 250,Wockhardt,Levocetirizine 1000 mg,10 capsules,342.88
Clavforte 1000,Sun Pharma,Rabeprazole 200 mg,30 tablets,78.7
Brusol 500,Himalaya,ATORVASTATIN-400mg,30 tablets,85.97
Brutab 20,Aurobindo Pharma,alprazolam 20mg,10 capsules,84.17
Bruod 10,Intas Pharma,Fexofenadine 200  mg,10 capsules,335.64
Brusol 250,Dr Reddy,ALPRAZOLAM-10mg,10 capsules,213.72
Dolood 40,Mankind Pharma,doxycycline(1000 mg),15 tablets,54.52
Clavcin 250,Intas Pharma,Azithromycin 20 mg,1 bottle,296.81
Brusol 10,Sanofi India,calcium carbonate(1000mg),5 ml,597.75
Brucap 500,Aurobindo Pharma,ESOMEPRAZOLE-500mg,10 tablets,122.05
Doloxr 20,GSK India,sertraline 5mg,1 bottle,441.0
Pansol 40,Intas Pharma,Montelukast (1000mg),10 tablets,102.33
Augplus 40,Mankind Pharma,amlodipine(100mg),6 tablets,592.28
Omeds 20,Wockhardt,amlodipine 400mg,10 tablets,416.78
Azeexr 500,Himalaya,Gabapentin 250 mg,30 tablets,399.5
Omesr 10,Mankind Pharma,Atorvastatin (10mg),10 capsules,0.0
Metxr 40,Aurobindo Pharma,Doxycycline 1000  mg,1 bottle,434.26
Dolood 20,Mankind Pharma,ALPRAZOLAM-1000mg,1 bottle,0.0
Cetod 1000,Cipla,domperidone(40 mg),6 tablets,0.0
Mettab 40,Alkem Labs,ciprofloxacin 40 mg,30 tablets,126.91
Omeod 40,Wockhardt,amlodipine 20 mg,1 bottle,210.64
Augds 250,Aurobindo Pharma,aspirin 500mg,10 capsules,278.0
Clavplus 20,Intas Pharma,ONDANSETRON-250mg,5 ml,365.35
Cetcin 40,Sanofi India,CALCIUM CARBONATE-5mg,10 capsules,51.71
Omesol 10,Torrent Pharma,Diclofenac 40  mg,10 capsules,437.72
Cetxr 250,Sanofi India,LEVOCETIRIZINE-500mg,15 tablets,505.09
Azeeplus 20,Himalaya,METHYLCOBALAMIN-250mg,30 tablets,468.99
Bruxr 250,GSK India,Losartan 250  mg,5 ml,435.32
Panod 250,Sun Pharma,fexofenadine 250 mg,5 ml,420.88
Clavforte 20,Zydus Cadila,DICLOFENAC-5mg,15 tablets,
Augcin 10,Dr Reddy,azithromycin 200 mg,15 tablets,234.65
Azeecin 10,Sanofi India,Ciprofloxacin (10 mg),1 bottle,
Omecap 250,Novartis India,ciprofloxacin(5mg),10 tablets,456.94
Pansol 40,Pfizer India,SERTRALINE-10mg,15 tablets,270.73
Pansr 40,Wockhardt,ciprofloxacin 1000 mg,1 bottle,
Metod 10,Intas Pharma,Ondansetron 250  mg,5 ml,0.0
Mettab 10,Alkem Labs,Losartan 1000  mg,10 capsules,156.74
Azeesr 40,Novartis India,Clopidogrel 200 mg,6 tablets,580.42
Omecin 500,Wockhardt,rosuvastatin(5 mg),10 capsules,203.67
Doloplus 10,Wockhardt,Vitamin d3 40 mg,15 tablets,468.19
Pantab 1000,Cipla,methylcobalamin(250 mg),30 tablets,236.57
Clavcin 250,Sun Pharma,Tramadol (250mg),10 tablets,274.84
Amoxsr 1000,Abbott India,Losartan 1000  mg,6 tablets,152.45
Omesol 250,Dabur Pharma,methylcobalamin(500mg),30 tablets,348.03
Omesol 250,Abbott India,fluoxetine(1000mg),15 tablets,215.29
Omeod 40,Dr Reddy,losartan 40mg,10 tablets,32.77
Clavplus 250,Mankind Pharma,paracetamol 200 mg,6 tablets,496.81
Cetsol 20,Abbott India,Zinc Sulphate (200 mg),5 ml,329.01
Brucap 40,Cipla,Tramadol 1000  mg,6 tablets,317.96
Metod 20,Sun Pharma,atorvastatin 5mg,6 tablets,492.32
Azeetab 20,Alkem Labs,tramadol 100mg,10 tablets,124.36
Pancap 10,Pfizer India,methylcobalamin(5mg),6 tablets,453.25
Azeetab 20,Hetero Drugs,Paracetamol (40 mg),30 tablets,200.82
Panforte 10,Sanofi India,Cetirizine 1000 mg,1 bottle,498.89
Clavcap 250,Novartis India,ATORVASTATIN-200mg,10 capsules,0.0
Augplus 250,Glenmark,Metoprolol 5  mg,5 ml,219.65
Brusr 10,Wockhardt,ASPIRIN-250mg,10 tablets,321.68
Cetxr 1000,GSK India,pantoprazole(200mg),6 tablets,210.23
Amoxforte 250,Wockhardt,ondansetron(100mg),1 bottle,419.08
Amoxplus 40,Pfizer India,rosuvastatin 40mg,6 tablets,488.04
Pantab 20,Dabur Pharma,Levothyroxine 20 mg,10 capsules,224.26
Metds 1000,GSK India,Azithromycin 250  mg,15 tablets,52.14
Bruds 250,Hetero Drugs,Levocetirizine (40 mg),10 tablets,582.57
Bruforte 40,Abbott India,doxycycline(1000mg),30 tablets,43.84
Doloxr 500,Intas Pharma,FEXOFENADINE-500mg,6 tablets,415.39
Dolocap 1000,Intas Pharma,METHYLCOBALAMIN-20mg,10 capsules,463.43
Cetxr 500,Sanofi India,Levothyroxine 250  mg,6 tablets,0.0
Omexr 250,Zydus Cadila,domperidone 40mg,1 bottle,401.73
Amoxsr 10,Himalaya,Pantoprazole 5  mg,1 bottle,436.22
Azeeforte 40,Alkem Labs,Doxycycline (40 mg),6 tablets,596.2
Mettab 20,Lupin,ranitidine(10 mg),10 capsules,99.77
Panxr 500,Zydus Cadila,OMEPRAZOLE-40mg,10 capsules,214.32
Doloplus 250,Torrent Pharma,cetirizine 5 mg,30 tablets,507.24
Pancin 500,Torrent Pharma,Clonazepam (400mg),5 ml,213.52
Metforte 40,Wockhardt,PANTOPRAZOLE-5mg,1 bottle,187.24
Augtab 10,Aurobindo Pharma,diclofenac(200 mg),30 tablets,498.36
Dolocin 20,Zydus Cadila,AMLODIPINE-1000mg,5 ml,255.35
Metplus 10,Intas Pharma,Gabapentin 250  mg,6 tablets,236.87
Cetforte 20,Sun Pharma,GABAPENTIN-40mg,10 capsules,268.1
Mettab 10,Alkem Labs,Glimepiride 1000  mg,1 bottle,0.0
Augcap 40,Cipla,Pregabalin 100 mg,10 tablets,241.33
Clavcin 20,Aurobindo Pharma,PARACETAMOL-400mg,30 tablets,496.62
Omexr 500,Dr Reddy,fluoxetine(100mg),6 tablets,158.44
Omexr 10,Cipla,Amoxicillin (400mg),6 tablets,147.04
Doloplus 250,Hetero Drugs,metoprolol 5 mg,5 ml,0.0
Cetod 1000,Aurobindo Pharma,clopidogrel(20 mg),15 tablets,52.96
Panxr 40,Wockhardt,alprazolam(100mg),10 tablets,589.6
Bruod 250,Sun Pharma,Metformin 40 mg,30 tablets,385.19
Brucap 1000,Dabur Pharma,clopidogrel(5mg),10 tablets,172.25
Augsol 500,Intas Pharma,fluoxetine(400 mg),30 tablets,546.23
Azeeod 500,Alkem Labs,RANITIDINE-200mg,5 ml,213.15
Pansr 500,Dr Reddy,Paracetamol (20 mg),6 tablets,372.99
Augtab 1000,Wockhardt,Ibuprofen (500 mg),1 bottle,328.21
Augod 1000,Dr Reddy,Domperidone 10 mg,30 tablets,219.24
Clavcap 500,Intas Pharma,METHYLCOBALAMIN-400mg,5 ml,11.43
Azeeod 40,Mankind Pharma,pregabalin 1000mg,10 tablets,217.7
Cetxr 20,Lupin,Ondansetron (400 mg),5 ml,262.63
Cetplus 40,Abbott India,Levothyroxine 500 mg,6 tablets,551.48
Cetforte 250,Abbott India,Glimepiride (400mg),5 ml,447.19
Azeeplus 1000,Novartis India,ONDANSETRON-20mg,15 tablets,35.99
Metod 20,Hetero Drugs,Ciprofloxacin 40  mg,30 tablets,358.39
Pands 10,Alkem Labs,Rosuvastatin (5 mg),15 tablets,387.21
Pands 1000,Himalaya,LEVOCETIRIZINE-400mg,6 tablets,488.79
Clavcin 1000,Lupin,Telmisartan 5  mg,30 tablets,77.81
Pansr 1000,Cipla,Fluoxetine (40mg),10 capsules,179.05
Augplus 40,GSK India,Methylcobalamin (10mg),10 tablets,13.85
Bruforte 40,Torrent Pharma,ondansetron(5 mg),10 capsules,560.59
Augcap 500,Aurobindo Pharma,Telmisartan 1000  mg,10 tablets,241.1
Azeetab 20,Zydus Cadila,Sertraline (200mg),10 tablets,8.93
Azeeod 40,Zydus Cadila,alprazolam 20mg,5 ml,174.97
Bruod 40,Sun Pharma,Esomeprazole 10 mg,15 tablets,202.54
Pansol 40,Intas Pharma,fexofenadine(10 mg),10 capsules,446.41
Amoxds 250,Glenmark,Clonazepam 1000 mg,15 tablets,155.11
Clavsol 250,Sanofi India,telmisartan(40mg),15 tablets,131.84
Azeeds 1000,Aurobindo Pharma,ASPIRIN-500mg,10 tablets,119.42
Omeplus 20,Sun Pharma,tramadol 400mg,10 tablets,487.33
Augsr 250,GSK India,tramadol 250 mg,15 tablets,171.07
Clavplus 1000,Novartis India,Methylcobalamin 10  mg,10 tablets,495.15
Brutab 250,Abbott India,Methylcobalamin 40  mg,10 capsules,400.69
Clavtab 250,Aurobindo Pharma,CLOPIDOGREL-40mg,10 capsules,315.18
Amoxsol 250,Wockhardt,azithromycin 40 mg,10 capsules,288.49
Augtab 40,Pfizer India,cetirizine(5 mg),6 tablets,433.59
Cetsol 10,Sanofi India,cetirizine 1000 mg,1 bottle,154.37
Brusr 250,Pfizer India,losartan 400 mg,10 capsules,565.01
Clavtab 500,Novartis India,Pantoprazole (400 mg),15 tablets,510.9
Clavod 250,Mankind Pharma,gabapentin 5 mg,30 tablets,377.72
Doloforte 500,Novartis India,glimepiride 10mg,5 ml,283.4
Omeds 1000,Wockhardt,Telmisartan 5 mg,15 tablets,226.1
Amoxplus 20,Dabur Pharma,Fluoxetine 10 mg,5 ml,428.31
Amoxcin 10,Cipla,Montelukast (250mg),6 tablets,0.0
Pansr 20,Wockhardt,Aspirin (10mg),30 tablets,295.87
Doloplus 500,Sanofi India,pantoprazole(40mg),6 tablets,276.44
Dolotab 40,Dabur Pharma,vitamin d3(40 mg),15 tablets,552.46
Dolods 10,Torrent Pharma,levocetirizine 10 mg,1 bottle,503.1
Dolosol 20,Cipla,Aspirin (40 mg),5 ml,448.95
Omeds 1000,GSK India,Vitamin d3 500 mg,1 bottle,123.46
Panplus 250,Abbott India,cetirizine 40 mg,6 tablets,578.1
Omexr 40,Lupin,metformin 500mg,15 tablets,242.93
Augod 40,Lupin,Sertraline 250 mg,15 tablets,443.11
Amoxcap 40,Wockhardt,Doxycycline (250 mg),5 ml,279.44
Omesr 40,Sanofi India,IBUPROFEN-100mg,10 capsules,249.06
Doloplus 500,Zydus Cadila,Pantoprazole (20 mg),6 tablets,570.85
Amoxxr 1000,Glenmark,Ciprofloxacin (200 mg),10 capsules,532.39
Pansol 10,Sanofi India,Glimepiride 1000  mg,15 tablets,375.25
Omesol 1000,Mankind Pharma,Levothyroxine (500 mg),1 bottle,25.47
Panxr 10,Zydus Cadila,CIPROFLOXACIN-1000mg,5 ml,267.92
Cettab 40,Mankind Pharma,PARACETAMOL-250mg,30 tablets,518.56
Brutab 10,Sanofi India,CLOPIDOGREL-400mg,6 tablets,0.0
Dolosr 500,Sanofi India,PREGABALIN-1000mg,10 tablets,118.58
Doloforte 1000,Aurobindo Pharma,diclofenac(400 mg),30 tablets,86.96
Panforte 500,Hetero Drugs,diclofenac 250mg,1 bottle,376.75
Cetsol 1000,Intas Pharma,gabapentin 40 mg,10 tablets,557.6
Azeexr 20,Mankind Pharma,Gabapentin 200  mg,30 tablets,97.08
Dolotab 1000,Mankind Pharma,Ibuprofen 500 mg,30 tablets,59.74
Augds 1000,Himalaya,Diclofenac (500 mg),15 tablets,356.07
Amoxforte 20,Torrent Pharma,RANITIDINE-20mg,5 ml,390.65
Amoxxr 250,Lupin,FLUOXETINE-10mg,15 tablets,242.85
Cetcap 40,Abbott India,metoprolol 10 mg,15 tablets,476.19
Amoxds 40,Sun Pharma,Amoxicillin (5 mg),10 tablets,72.02
Azeeod 40,Torrent Pharma,zinc sulphate(400 mg),10 tablets,156.63
Azeetab 10,Zydus Cadila,Montelukast (400 mg),1 bottle,
Azeeod 20,Glenmark,Paracetamol (5 mg),10 capsules,524.59
Pansol 500,Lupin,alprazolam(500mg),30 tablets,175.31
Brusol 1000,Cipla,Amoxicillin (400 mg),30 tablets,574.66
Cettab 500,Cipla,fexofenadine(200 mg),6 tablets,599.79
Omecap 1000,Sun Pharma,Methylcobalamin 100 mg,15 tablets,544.18
Dolood 20,Lupin,losartan(20mg),15 tablets,519.46
Azeeplus 20,Sanofi India,tramadol(200mg),5 ml,541.66
Pansol 500,Himalaya,Ranitidine (1000 mg),15 tablets,54.79
Omexr 10,GSK India,esomeprazole 10 mg,6 tablets,217.82
Clavforte 250,Intas Pharma,Cetirizine (5mg),10 capsules,187.5
Dolocin 20,Aurobindo Pharma,Ondansetron (100mg),30 tablets,236.29
Cetsol 250,Zydus Cadila,METHYLCOBALAMIN-250mg,5 ml,287.28
Cetxr 250,Torrent Pharma,Pregabalin 40  mg,10 tablets,536.42
Brutab 20,Glenmark,esomeprazole 40 mg,10 capsules,449.56
Azeesol 1000,Intas Pharma,DOMPERIDONE-200mg,10 tablets,168.61
Clavds 20,Sanofi India,metoprolol(40 mg),30 tablets,81.99
Cetforte 40,Dabur Pharma,Rabeprazole 500  mg,15 tablets,549.9
Bruds 500,Zydus Cadila,TRAMADOL-10mg,15 tablets,57.08
Clavforte 1000,Alkem Labs,losartan(10mg),10 capsules,383.79
Omesr 10,Sanofi India,AMOXICILLIN-40mg,10 tablets,55.75
Bruod 1000,Sun Pharma,methylcobalamin 100mg,15 tablets,166.33
Metod 250,Intas Pharma,Doxycycline (200mg),6 tablets,26.15
Clavcin 10,Wockhardt,Azithromycin 5  mg,1 bottle,257.84
Ometab 40,Cipla,SERTRALINE-40mg,6 tablets,524.51
Azeecap 10,Pfizer India,ALPRAZOLAM-200mg,5 ml,18.56
Metsol 40,Hetero Drugs,sertraline(40 mg),6 tablets,559.99
Amoxcap 1000,Zydus Cadila,vitamin d3(400mg),15 tablets,531.96
Augforte 250,Torrent Pharma,Ranitidine 20  mg,30 tablets,105.59
Amoxds 1000,Dr Reddy,CLONAZEPAM-500mg,10 tablets,0.0
Bruds 10,Abbott India,rabeprazole(5mg),10 capsules,328.88
Clavds 500,Glenmark,Ibuprofen 100 mg,6 tablets,226.16
Metod 500,Aurobindo Pharma,Diclofenac (40 mg),10 capsules,319.52
Omexr 40,Intas Pharma,metformin 20mg,1 bottle,401.78
Omeds 20,Pfizer India,Glimepiride 10  mg,10 capsules,313.93
Amoxforte 20,Glenmark,omeprazole(400mg),10 capsules,87.96
Dolocin 250,Mankind Pharma,Pregabalin 250  mg,15 tablets,374.31
Metds 20,Aurobindo Pharma,METHYLCOBALAMIN-10mg,6 tablets,232.41
Augds 40,Himalaya,Methylcobalamin 40  mg,10 tablets,381.94
Pantab 40,Lupin,ibuprofen(500mg),10 tablets,159.27
Omeforte 10,Mankind Pharma,Levocetirizine 500 mg,30 tablets,199.43
Omecin 40,Aurobindo Pharma,vitamin d3(500mg),1 bottle,0.0
Amoxcap 40,GSK India,losartan(500 mg),15 tablets,111.3
Cetod 1000,Wockhardt,Glimepiride 200  mg,30 tablets,491.14
Augcap 40,Lupin,Rosuvastatin 10 mg,10 capsules,204.48
Brusr 1000,Glenmark,LOSARTAN-5mg,15 tablets,407.9
Dolods 10,Aurobindo Pharma,DOXYCYCLINE-200mg,5 ml,199.02
Amoxcin 10,Dabur Pharma,Montelukast 200  mg,10 tablets,548.18
Clavod 250,Wockhardt,Ranitidine (5 mg),10 tablets,292.97
Omesr 250,GSK India,levocetirizine 40 mg,15 tablets,452.41
Metcin 500,Sanofi India,Esomeprazole 1000  mg,6 tablets,98.95
Azeesr 40,Hetero Drugs,METHYLCOBALAMIN-500mg,30 tablets,443.67
Pansr 500,Dr Reddy,paracetamol(40 mg),6 tablets,317.37
Omecap 40,Wockhardt,tramadol 1000 mg,6 tablets,232.3
Clavxr 500,Abbott India,Calcium carbonate 5 mg,10 tablets,517.49
Panod 1000,Himalaya,MONTELUKAST-200mg,5 ml,45.67
Brusol 10,Cipla,Ondansetron (5mg),6 tablets,93.9
Pansr 20,Aurobindo Pharma,Metformin (500 mg),30 tablets,281.69
Metforte 500,Lupin,metformin(100mg),10 tablets,525.2
Cetod 1000,Mankind Pharma,aspirin 10 mg,1 bottle,351.8
Azeeod 20,Hetero Drugs,sertraline 500mg,30 tablets,0.0
Clavod 250,Dabur Pharma,omeprazole(40mg),1 bottle,200.79
Metsol 40,Zydus Cadila,Sertraline (250mg),10 capsules,496.62
Amoxxr 250,GSK India,ALPRAZOLAM-200mg,5 ml,100.71
Augtab 40,Hetero Drugs,Gabapentin (100mg),1 bottle,88.16
Clavforte 10,Dr Reddy,telmisartan 40mg,6 tablets,453.71
Cetsol 40,Dabur Pharma,esomeprazole(250 mg),15 tablets,226.21
Brusol 250,Sun Pharma,Levothyroxine 400  mg,5 ml,472.03
Azeesr 20,Hetero Drugs,RANITIDINE-400mg,15 tablets,370.58
Augcap 10,Wockhardt,domperidone(500 mg),30 tablets,319.54
Pansr 40,Hetero Drugs,telmisartan 10 mg,30 tablets,97.33
Pands 20,Hetero Drugs,paracetamol(10mg),6 tablets,37.08
Omecin 1000,Glenmark,Montelukast (500 mg),10 capsules,321.63
Amoxplus 10,Dabur Pharma,Pregabalin 10  mg,1 bottle,265.66
Bruplus 10,Alkem Labs,Pregabalin 10  mg,5 ml,459.57
Clavxr 500,Torrent Pharma,Montelukast 20  mg,6 tablets,125.59
Omeod 250,Mankind Pharma,Metoprolol 20 mg,10 capsules,212.2
Dolocin 1000,Abbott India,Doxycycline 400  mg,30 tablets,578.47
Brucin 20,GSK India,levothyroxine 250mg,15 tablets,291.09
Augsr 500,Hetero Drugs,pantoprazole 1000mg,10 capsules,
Azeetab 10,Lupin,gabapentin(250 mg),10 capsules,452.81
Augds 20,Alkem Labs,rabeprazole 10 mg,10 capsules,215.24
Mettab 40,Pfizer India,calcium carbonate 500 mg,10 tablets,370.35
Clavforte 500,Wockhardt,Calcium Carbonate (1000 mg),15 tablets,208.66
Cetsol 20,Mankind Pharma,Telmisartan 400 mg,10 tablets,170.31
Azeesr 1000,Himalaya,atorvastatin(1000mg),5 ml,229.0
Pancin 1000,Dabur Pharma,CIPROFLOXACIN-20mg,10 tablets,356.8
Azeeforte 1000,Aurobindo Pharma,AZITHROMYCIN-20mg,30 tablets,27.19
Brucap 40,Mankind Pharma,ciprofloxacin 200mg,30 tablets,445.72
Bruforte 500,Cipla,DOMPERIDONE-400mg,5 ml,127.69
Azeecin 20,Himalaya,esomeprazole 40 mg,6 tablets,242.4
Azeesr 40,Sanofi India,Azithromycin (1000 mg),1 bottle,200.53
Brusol 250,Alkem Labs,Pregabalin 20 mg,1 bottle,356.09
Panod 10,Aurobindo Pharma,Alprazolam 400 mg,1 bottle,397.15
Amoxplus 1000,Cipla,Levothyroxine (250 mg),6 tablets,399.76
Omecin 10,Sun Pharma,ondansetron(40mg),6 tablets,370.4
Azeecap 1000,Zydus Cadila,metoprolol 1000 mg,1 bottle,179.47
Ometab 10,Wockhardt,montelukast 1000mg,1 bottle,269.71
Omeod 20,Glenmark,diclofenac 40mg,10 capsules,0.0
Doloforte 500,Sun Pharma,alprazolam 5 mg,1 bottle,416.88
Bruds 500,GSK India,ondansetron(250 mg),15 tablets,
Metcin 10,Dr Reddy,tramadol 250mg,5 ml,366.76
Azeesol 20,Glenmark,Amlodipine (400 mg),1 bottle,0.0
Augod 20,Glenmark,ranitidine(40 mg),15 tablets,464.38
Augtab 10,Dr Reddy,methylcobalamin 40mg,15 tablets,150.87
Azeesol 250,Sanofi India,Domperidone (200 mg),30 tablets,249.53
Augcap 500,Lupin,doxycycline(10 mg),1 bottle,325.15
Dolood 1000,GSK India,Amoxicillin 1000  mg,30 tablets,273.75
Augsr 40,Sun Pharma,Levothyroxine (100mg),30 tablets,85.46
Azeeds 250,Dabur Pharma,ranitidine(250 mg),6 tablets,23.27
Dolosr 20,Zydus Cadila,Levothyroxine 5  mg,15 tablets,180.84
Amoxtab 250,Sun Pharma,metoprolol(500mg),15 tablets,477.44
Bruxr 250,Abbott India,tramadol(100mg),10 tablets,317.61
Bruxr 250,Hetero Drugs,azithromycin 1000mg,6 tablets,144.73
Amoxforte 20,Cipla,Diclofenac (500 mg),10 tablets,186.11
Clavod 40,Sun Pharma,Amlodipine 20 mg,1 bottle,29.99
Dolods 250,Wockhardt,montelukast 400mg,6 tablets,552.83
Augcap 500,Aurobindo Pharma,DOXYCYCLINE-400mg,30 tablets,188.21
Metsol 1000,Sanofi India,Cetirizine (40 mg),6 tablets,46.26
Bruxr 40,Dabur Pharma,ranitidine 200mg,6 tablets,154.69
Azeecin 1000,Alkem Labs,amoxicillin 200mg,10 capsules,423.27
Dolotab 1000,Mankind Pharma,Gabapentin 10  mg,5 ml,14.07
Augsol 250,Himalaya,diclofenac(500mg),10 capsules,0.0
Azeeds 250,Aurobindo Pharma,Vitamin D3 (5 mg),1 bottle,0.0
Cetds 250,Dabur Pharma,Gabapentin 100 mg,10 tablets,223.98
Augsol 250,Zydus Cadila,Losartan 10  mg,30 tablets,99.63
Augxr 500,Himalaya,Amlodipine 20  mg,10 capsules,464.0
Augplus 1000,Himalaya,Vitamin d3 500  mg,30 tablets,0.0
Augsol 40,Pfizer India,methylcobalamin(5 mg),10 tablets,138.52
Brutab 1000,Torrent Pharma,Cetirizine (10 mg),15 tablets,501.89
Omeforte 500,Torrent Pharma,Levocetirizine (250 mg),30 tablets,262.64
Clavplus 40,Wockhardt,alprazolam(20mg),6 tablets,591.73
Panplus 20,Pfizer India,METHYLCOBALAMIN-10mg,10 capsules,307.54
Metod 10,Alkem Labs,calcium carbonate(5mg),1 bottle,559.1
Augplus 40,Sun Pharma,Ranitidine 40  mg,6 tablets,408.12
Omesol 1000,Wockhardt,TELMISARTAN-250mg,6 tablets,121.24
Brucap 250,Alkem Labs,rabeprazole(1000mg),15 tablets,131.03
Doloplus 500,Sun Pharma,Esomeprazole (500 mg),10 capsules,523.47
Azeeds 40,Hetero Drugs,Sertraline (250 mg),1 bottle,44.56
Augtab 500,Pfizer India,Clonazepam (40mg),15 tablets,
Metcap 10,Sanofi India,Ranitidine 5 mg,10 tablets,286.16
Brusr 1000,Pfizer India,Levocetirizine 20 mg,6 tablets,265.18
Bruds 10,Intas Pharma,alprazolam(10mg),5 ml,386.98
Clavsol 250,Torrent Pharma,metoprolol 200 mg,10 capsules,127.14
Amoxod 250,Wockhardt,Fluoxetine 40 mg,10 capsules,546.62
Cetcin 500,Alkem Labs,fexofenadine(20 mg),5 ml,52.78
Panforte 500,Pfizer India,Doxycycline 10 mg,10 capsules,187.02
Dolotab 20,Alkem Labs,GABAPENTIN-400mg,10 tablets,17.31
Azeecin 250,Wockhardt,PARACETAMOL-40mg,15 tablets,523.81
Doloplus 40,Dr Reddy,ZINC SULPHATE-500mg,10 tablets,537.3
Omeforte 20,Abbott India,Cetirizine 500  mg,30 tablets,0.0
Cetsol 40,Sanofi India,Rabeprazole (10 mg),1 bottle,0.0
Cetcap 1000,Wockhardt,ONDANSETRON-500mg,6 tablets,518.79
Azeecap 10,Lupin,amlodipine 20mg,6 tablets,577.31
Omecin 20,Wockhardt,Aspirin (250 mg),15 tablets,179.14
Cetod 20,Sun Pharma,Zinc sulphate 200  mg,1 bottle,46.06
Bruforte 250,Sanofi India,Rosuvastatin 40 mg,1 bottle,588.53
Pansr 500,Lupin,ONDANSETRON-400mg,30 tablets,286.86
Pansol 20,Alkem Labs,tramadol 1000mg,10 capsules,13.93
Pansr 250,Mankind Pharma,Metformin 250  mg,1 bottle,382.43
Augod 20,Glenmark,fluoxetine(100mg),6 tablets,432.03
Azeetab 1000,Pfizer India,ATORVASTATIN-400mg,15 tablets,564.06
Cetforte 1000,Himalaya,DOXYCYCLINE-40mg,1 bottle,30.01
Doloplus 500,GSK India,aspirin 400 mg,5 ml,387.4
Azeecin 250,Torrent Pharma,montelukast(500 mg),1 bottle,289.53
Bruod 20,Alkem Labs,Ranitidine 200 mg,1 bottle,151.37
Metds 10,Glenmark,esomeprazole 250mg,10 capsules,0.0
Pansol 250,Dabur Pharma,Fluoxetine (20 mg),10 capsules,270.73
Azeecin 1000,Himalaya,atorvastatin 400mg,6 tablets,122.22
Pantab 250,Wockhardt,esomeprazole(10 mg),30 tablets,57.37
Panxr 500,Glenmark,ZINC SULPHATE-5mg,15 tablets,591.84
Amoxcap 10,Aurobindo Pharma,Methylcobalamin (5mg),6 tablets,243.98
Cetsol 250,Cipla,rabeprazole 10mg,10 capsules,12.62
Amoxcin 1000,Glenmark,azithromycin 200 mg,1 bottle,459.35
Pancin 1000,Dr Reddy,esomeprazole(250mg),10 capsules,252.54
Clavforte 250,Abbott India,Rosuvastatin 40 mg,30 tablets,287.33
Cetds 10,Sun Pharma,LOSARTAN-10mg,15 tablets,291.53
Clavcap 500,Mankind Pharma,Levothyroxine (10 mg),30 tablets,224.87
Augtab 10,Cipla,omeprazole(100mg),30 tablets,207.58
Omeforte 20,Mankind Pharma,zinc sulphate 40 mg,1 bottle,283.04
Mettab 10,Novartis India,Clonazepam 10 mg,5 ml,582.72
Amoxtab 500,Mankind Pharma,omeprazole 1000mg,6 tablets,181.32
Omesol 10,Pfizer India,Esomeprazole 100 mg,15 tablets,52.02
Bruxr 20,Sun Pharma,losartan(1000mg),6 tablets,198.14
Pansol 1000,GSK India,metformin 400 mg,6 tablets,12.4
Panxr 250,Dr Reddy,Omeprazole 40  mg,1 bottle,130.13
Omeds 40,Novartis India,AMLODIPINE-20mg,15 tablets,498.32
Doloxr 1000,Himalaya,Aspirin 250  mg,1 bottle,15.23
Pansr 20,Aurobindo Pharma,LEVOTHYROXINE-100mg,6 tablets,493.38
Cetplus 40,Alkem Labs,azithromycin 10 mg,30 tablets,426.76
Bruxr 500,Intas Pharma,losartan 40 mg,6 tablets,170.65
Ometab 10,Intas Pharma,Ciprofloxacin 500 mg,15 tablets,552.97
Cetsol 1000,Glenmark,Clonazepam (500 mg),10 capsules,552.26
Dolosol 500,Wockhardt,atorvastatin 40 mg,30 tablets,66.34
Doloplus 250,Wockhardt,Vitamin D3 (250 mg),10 tablets,64.91
Mettab 40,Wockhardt,cetirizine 400mg,6 tablets,15.03
Dolosr 40,Wockhardt,amoxicillin(40 mg),10 capsules,230.44
Doloplus 40,Torrent Pharma,Clonazepam (400mg),10 tablets,175.82
Clavsr 500,Hetero Drugs,ASPIRIN-200mg,6 tablets,
Dolosol 250,Zydus Cadila,fexofenadine 5 mg,5 ml,402.13
Clavsol 10,Sun Pharma,levothyroxine 500mg,5 ml,18.98
Augplus 40,Himalaya,levothyroxine(1000 mg),6 tablets,18.57
Dolosr 20,Cipla,ibuprofen 250 mg,10 capsules,98.67
Brusol 40,Sanofi India,Metoprolol 1000  mg,10 tablets,528.23
Clavforte 1000,Lupin,Glimepiride 1000 mg,10 tablets,28.86
Clavcin 20,Sanofi India,Rabeprazole 40 mg,6 tablets,586.43
Omecap 40,Alkem Labs,metformin(1000 mg),10 tablets,494.43
Cetsol 500,Zydus Cadila,calcium carbonate(20mg),5 ml,573.7
Metds 1000,Sun Pharma,fluoxetine 20mg,5 ml,566.18
Metplus 500,Torrent Pharma,Ranitidine (20 mg),10 tablets,302.11
Augplus 500,Abbott India,Domperidone 250  mg,6 tablets,545.66
Pansr 20,Torrent Pharma,metoprolol(250mg),15 tablets,149.17
Clavplus 500,Dabur Pharma,Alprazolam (20 mg),6 tablets,210.69
Panod 1000,Abbott India,methylcobalamin 20mg,5 ml,220.47
Bruplus 40,Dabur Pharma,fluoxetine(40 mg),15 tablets,471.95
Omexr 40,Abbott India,ROSUVASTATIN-20mg,10 capsules,472.65
Omesol 40,Lupin,omeprazole 400mg,10 tablets,130.83
Amoxxr 20,Mankind Pharma,Domperidone (500 mg),5 ml,173.12
Cetcap 500,Alkem Labs,GLIMEPIRIDE-10mg,15 tablets,514.81
Clavplus 500,GSK India,aspirin 5 mg,10 tablets,354.18
Azeesol 10,Novartis India,paracetamol 5 mg,1 bottle,373.84
Brucin 20,Mankind Pharma,azithromycin(10 mg),15 tablets,11.86
Mettab 10,Lupin,diclofenac 1000mg,10 capsules,506.73
Metsr 40,Novartis India,GABAPENTIN-400mg,10 tablets,172.76
Metsr 250,Lupin,Ciprofloxacin (400 mg),15 tablets,405.32
Augsr 250,Intas Pharma,montelukast 500 mg,10 tablets,17.18
Metplus 20,Zydus Cadila,levothyroxine(5 mg),5 ml,436.34
Metds 1000,Himalaya,IBUPROFEN-400mg,6 tablets,42.31
Azeecap 1000,GSK India,Gabapentin 200 mg,10 capsules,313.14
Dolosol 500,Intas Pharma,Atorvastatin 500  mg,10 tablets,
Brusol 500,Cipla,Levocetirizine 10  mg,6 tablets,61.64
Dolosol 250,Himalaya,Fexofenadine (1000mg),30 tablets,360.22
Augod 250,Abbott India,Domperidone (200mg),1 bottle,0.0
Brutab 20,Alkem Labs,doxycycline(40 mg),10 tablets,351.78
Augcap 250,Zydus Cadila,glimepiride(500 mg),10 tablets,239.56
Amoxsr 500,Wockhardt,montelukast 20mg,10 capsules,95.28
Clavcin 1000,Zydus Cadila,metformin 10 mg,10 capsules,432.17
Augcap 40,Sun Pharma,DICLOFENAC-10mg,5 ml,439.13
Dolocin 20,Glenmark,CALCIUM CARBONATE-250mg,6 tablets,66.44
Bruforte 40,Torrent Pharma,levocetirizine 400 mg,30 tablets,272.45
Cetcin 1000,Torrent Pharma,Gabapentin 1000 mg,30 tablets,162.1
Amoxcin 20,Wockhardt,omeprazole 500 mg,1 bottle,0.0
Clavsol 250,Dabur Pharma,ondansetron 40 mg,6 tablets,0.0
Panforte 40,Intas Pharma,Ciprofloxacin (200mg),5 ml,0.0
Amoxplus 10,Dr Reddy,sertraline(250mg),5 ml,
Panplus 40,Intas Pharma,Metformin (250mg),10 tablets,252.11
Azeesr 1000,Alkem Labs,tramadol(1000 mg),30 tablets,108.87
Amoxxr 10,Zydus Cadila,pregabalin(200 mg),5 ml,87.65
Dolotab 250,GSK India,Domperidone (5 mg),10 capsules,592.74
Dolocin 20,Mankind Pharma,cetirizine 1000 mg,6 tablets,407.62
Pansr 250,Lupin,IBUPROFEN-100mg,30 tablets,467.32
Omecin 40,Aurobindo Pharma,Telmisartan 40  mg,15 tablets,577.75
Augcin 500,Pfizer India,aspirin(10mg),1 bottle,222.44
Clavxr 1000,Torrent Pharma,alprazolam 200mg,1 bottle,224.36
Azeesol 500,Dr Reddy,ranitidine 200mg,6 tablets,309.03
Amoxsr 40,Torrent Pharma,ASPIRIN-20mg,6 tablets,360.65
Amoxplus 20,Dr Reddy,tramadol(250 mg),6 tablets,546.42
Azeeplus 10,Aurobindo Pharma,paracetamol 200 mg,30 tablets,146.9
Pansr 500,GSK India,glimepiride(400 mg),10 capsules,291.22
Metsr 20,Himalaya,sertraline 10 mg,1 bottle,34.81
Azeesr 250,Lupin,rosuvastatin(10mg),5 ml,258.69
Bruxr 250,Pfizer India,Montelukast 20  mg,1 bottle,417.71
Amoxcap 1000,Aurobindo Pharma,DOMPERIDONE-500mg,5 ml,349.5
Pands 1000,GSK India,diclofenac(10 mg),5 ml,256.91
Metod 40,Wockhardt,azithromycin 250mg,6 tablets,405.18
Omeplus 250,GSK India,Montelukast 200 mg,1 bottle,218.42
Omeforte 1000,Sun Pharma,metformin 20mg,6 tablets,577.92
Dolocap 1000,Pfizer India,zinc sulphate 400 mg,5 ml,238.55
Dolosr 10,Hetero Drugs,telmisartan 400 mg,30 tablets,565.8
Panforte 250,Torrent Pharma,doxycycline 400mg,15 tablets,599.81
Augcap 20,GSK India,PARACETAMOL-20mg,6 tablets,378.02
Augcin 40,Sanofi India,rabeprazole 200 mg,10 capsules,336.75
Bruxr 20,Sun Pharma,Pantoprazole 10  mg,15 tablets,327.86
Cetod 1000,Torrent Pharma,tramadol 10 mg,10 capsules,124.36
Metsr 10,Wockhardt,Sertraline (1000 mg),30 tablets,523.44
Amoxod 250,Lupin,Amlodipine 200 mg,1 bottle,355.16
Augcap 1000,Sun Pharma,fexofenadine 200 mg,5 ml,367.57
Augds 250,Wockhardt,calcium carbonate 1000mg,10 capsules,292.37
Metsol 40,Sanofi India,Sertraline (500mg),10 tablets,
Bruod 40,Abbott India,doxycycline 40 mg,15 tablets,111.95
Bruod 40,Dr Reddy,Cetirizine (400 mg),6 tablets,216.66
Pansol 250,Wockhardt,ranitidine 200 mg,30 tablets,594.62
Clavforte 250,Wockhardt,calcium carbonate 10mg,30 tablets,
Clavxr 10,Cipla,domperidone(400mg),30 tablets,410.55
Metsr 1000,Alkem Labs,doxycycline 200 mg,10 capsules,529.28
Brusol 10,Sanofi India,glimepiride(40mg),30 tablets,433.95
Cetsr 10,Sun Pharma,LEVOTHYROXINE-500mg,5 ml,475.88
Cetforte 250,Dr Reddy,TRAMADOL-200mg,1 bottle,569.68
Amoxplus 40,Dabur Pharma,fexofenadine(20 mg),15 tablets,466.22
Augod 500,Pfizer India,metoprolol(1000 mg),5 ml,442.41
Augcap 20,Sanofi India,TELMISARTAN-1000mg,1 bottle,296.66
Augxr 40,Intas Pharma,Rabeprazole (1000mg),10 tablets,524.22
Amoxtab 40,Mankind Pharma,zinc sulphate 1000 mg,5 ml,195.51
Amoxtab 40,Intas Pharma,Metformin (20mg),10 tablets,538.32
Metsr 250,Torrent Pharma,atorvastatin(20mg),15 tablets,593.12
Metforte 1000,Dabur Pharma,clonazepam 10mg,1 bottle,25.74
Dolods 1000,Lupin,Atorvastatin (1000mg),6 tablets,226.67
Pantab 40,Cipla,Omeprazole 400 mg,6 tablets,418.29
Augsol 250,Sun Pharma,Diclofenac 500  mg,5 ml,117.45
Clavsr 40,Alkem Labs,Diclofenac 5 mg,15 tablets,398.11
Brucap 250,Himalaya,paracetamol 10mg,15 tablets,497.63
Brutab 500,Sun Pharma,pantoprazole 40mg,10 tablets,318.34
Dolotab 1000,Cipla,Vitamin d3 10  mg,15 tablets,155.73
Azeecin 250,Dr Reddy,Telmisartan (40 mg),5 ml,574.46
Dolood 40,Lupin,Levothyroxine (400mg),10 capsules,248.62
Clavxr 10,GSK India,ondansetron 5mg,1 bottle,37.41
Dolocin 1000,Glenmark,CLOPIDOGREL-1000mg,1 bottle,108.13
Azeexr 250,Torrent Pharma,metformin(1000 mg),6 tablets,469.97
Augtab 250,Mankind Pharma,losartan(10mg),1 bottle,185.66
Omeod 10,Novartis India,rabeprazole 500mg,10 tablets,405.33
Augds 10,Mankind Pharma,fluoxetine(500mg),1 bottle,511.36
Cetod 1000,Intas Pharma,Telmisartan (100mg),30 tablets,461.33
Dolocin 250,Cipla,ibuprofen(5 mg),6 tablets,202.42
Amoxod 10,Wockhardt,ALPRAZOLAM-10mg,10 capsules,33.46
Pansr 10,Intas Pharma,Methylcobalamin (5 mg),15 tablets,398.4
Metxr 1000,Dr Reddy,amoxicillin(10 mg),30 tablets,349.45
Omecin 1000,Wockhardt,Calcium carbonate 20  mg,6 tablets,156.93
Pantab 40,GSK India,Levothyroxine (500mg),1 bottle,500.37
Augds 1000,Sun Pharma,Azithromycin (400 mg),1 bottle,113.98
Brusr 10,Sanofi India,Tramadol (10 mg),6 tablets,481.09
Metplus 20,Novartis India,OMEPRAZOLE-40mg,5 ml,
Augcap 40,Hetero Drugs,Vitamin D3 (20mg),15 tablets,223.22
Clavtab 500,Cipla,fexofenadine 20 mg,10 capsules,0.0
Augxr 20,Intas Pharma,vitamin d3 200 mg,6 tablets,442.83
Brucap 250,Mankind Pharma,IBUPROFEN-1000mg,30 tablets,323.01
Augcin 250,Zydus Cadila,Pregabalin (400 mg),30 tablets,511.14
Metforte 1000,Pfizer India,METFORMIN-1000mg,10 tablets,374.48
Omexr 40,Pfizer India,Levothyroxine 10 mg,1 bottle,252.7
Pancap 1000,Alkem Labs,Rosuvastatin 400  mg,1 bottle,152.13
Cetforte 1000,Dabur Pharma,Domperidone (20mg),15 tablets,220.88
Clavsr 20,Torrent Pharma,ibuprofen(1000 mg),10 tablets,482.05
Amoxtab 250,Novartis India,Pregabalin (40 mg),15 tablets,589.49
Metod 500,Sanofi India,levothyroxine 400 mg,30 tablets,573.16
Azeeod 40,Wockhardt,metformin 400mg,10 tablets,512.73
Dolood 250,Abbott India,rabeprazole(200mg),1 bottle,176.5
Amoxsr 250,Abbott India,metformin(250 mg),10 tablets,82.88
Omesol 250,Torrent Pharma,Pantoprazole 20  mg,30 tablets,413.89
Augforte 1000,Novartis India,metformin(10mg),30 tablets,293.46
Amoxcin 10,Mankind Pharma,paracetamol 400 mg,1 bottle,102.67
Metcap 250,Hetero Drugs,PARACETAMOL-20mg,30 tablets,227.31
Metforte 500,Cipla,atorvastatin 250 mg,10 tablets,157.71
Dolotab 500,Hetero Drugs,Pregabalin 5  mg,10 tablets,590.16
Dolotab 1000,Sanofi India,Clonazepam (200mg),10 tablets,0.0
Dolotab 1000,Cipla,paracetamol 40 mg,30 tablets,261.27
Clavcap 10,Wockhardt,Doxycycline 20 mg,6 tablets,340.56
Clavsol 250,Pfizer India,diclofenac(400mg),5 ml,343.87
Brusol 10,Cipla,Doxycycline 500 mg,30 tablets,488.23
Amoxod 250,Alkem Labs,Azithromycin 5 mg,10 capsules,89.05
Clavplus 500,Wockhardt,ATORVASTATIN-200mg,1 bottle,262.96
Clavplus 1000,Glenmark,domperidone 1000mg,6 tablets,571.78
Amoxxr 40,Glenmark,amoxicillin(400 mg),10 tablets,145.76
Augxr 500,Novartis India,gabapentin(20 mg),10 capsules,149.99
Metsol 500,Zydus Cadila,domperidone 250mg,5 ml,417.37
Cetforte 250,Sun Pharma,Cetirizine 200  mg,5 ml,369.46
Amoxsol 20,Sun Pharma,Ibuprofen (200mg),5 ml,550.81
Cetxr 250,GSK India,Montelukast (20 mg),6 tablets,445.03
Azeecin 1000,Alkem Labs,Alprazolam 10  mg,1 bottle,129.45
Metcin 20,Zydus Cadila,metformin(400 mg),15 tablets,280.55
Augcin 40,Intas Pharma,VITAMIN D3-400mg,1 bottle,414.95
Azeexr 500,Sun Pharma,Ondansetron (20mg),10 capsules,247.03
Clavxr 250,Wockhardt,Ranitidine (5 mg),10 capsules,16.15
Clavcin 1000,Mankind Pharma,Alprazolam (5 mg),1 bottle,438.33
Bruds 250,Sanofi India,telmisartan 1000 mg,10 tablets,409.15
Augod 10,Dabur Pharma,glimepiride(10mg),5 ml,12.97
Panod 20,Novartis India,clonazepam 5mg,6 tablets,549.16
Panplus 20,Novartis India,Losartan 5  mg,10 capsules,154.04
Cetxr 250,Pfizer India,Levothyroxine 400  mg,6 tablets,116.22
Bruplus 250,Wockhardt,Alprazolam 250 mg,6 tablets,197.54
Augds 250,Sun Pharma,SERTRALINE-100mg,10 capsules,506.38
Bruds 20,Lupin,Clopidogrel 400 mg,15 tablets,301.92
Omesol 40,Novartis India,Clopidogrel 250  mg,6 tablets,442.53
Cetplus 10,Glenmark,Pantoprazole 10 mg,1 bottle,359.77
Cetsr 500,GSK India,Aspirin (5mg),10 capsules,0.0
Pands 1000,Wockhardt,Zinc sulphate 40  mg,15 tablets,496.35
Omeforte 10,Sun Pharma,telmisartan 1000 mg,5 ml,273.82
Bruforte 40,Glenmark,azithromycin(40 mg),5 ml,82.13
Bruxr 10,Glenmark,montelukast 20mg,10 capsules,111.32
Clavplus 250,Wockhardt,TRAMADOL-40mg,1 bottle,0.0
Cetsr 40,Abbott India,Levothyroxine (200mg),10 capsules,555.1
Cetsol 20,Abbott India,GABAPENTIN-5mg,10 capsules,402.51
Azeexr 500,Wockhardt,metoprolol 500 mg,6 tablets,341.29
Augplus 40,Aurobindo Pharma,metformin 400mg,30 tablets,336.35
Brucap 10,Himalaya,fluoxetine 1000mg,15 tablets,145.23
Bruxr 1000,Zydus Cadila,Amoxicillin (500mg),5 ml,
Panod 250,Dabur Pharma,fexofenadine 1000mg,5 ml,11.76
Amoxsol 250,Intas Pharma,rosuvastatin 200 mg,30 tablets,40.37
Amoxcap 250,GSK India,TELMISARTAN-1000mg,6 tablets,547.51
Augsol 250,Himalaya,amlodipine(250 mg),10 capsules,303.45
Omecin 40,Aurobindo Pharma,levocetirizine 1000 mg,10 capsules,272.88
Metplus 250,GSK India,Ondansetron (1000mg),10 tablets,386.48
Bruplus 500,Zydus Cadila,LEVOCETIRIZINE-200mg,1 bottle,191.59
Dolocin 1000,Wockhardt,LEVOCETIRIZINE-250mg,6 tablets,584.11
Cetds 1000,Wockhardt,Losartan (1000mg),10 tablets,423.06
Clavds 10,Glenmark,Pregabalin 400  mg,30 tablets,554.44
Cetds 40,Hetero Drugs,Metformin (200mg),30 tablets,472.45
Metcin 40,Torrent Pharma,Metformin 10 mg,6 tablets,153.69
Amoxsol 500,Intas Pharma,fluoxetine 20 mg,6 tablets,467.22
Augplus 40,Sanofi India,Montelukast 500  mg,1 bottle,39.85
Amoxod 10,Aurobindo Pharma,tramadol 20mg,6 tablets,97.0
Panxr 10,Lupin,alprazolam 5mg,10 capsules,379.67
Azeeplus 1000,Himalaya,ibuprofen(500mg),1 bottle,590.7
Amoxcap 250,Aurobindo Pharma,Methylcobalamin (400mg),6 tablets,84.18
Azeeod 250,Mankind Pharma,Rosuvastatin (40 mg),30 tablets,9.04
Azeeplus 500,Hetero Drugs,Methylcobalamin (200 mg),5 ml,164.58
Metplus 1000,Abbott India,ROSUVASTATIN-10mg,30 tablets,41.08
Metod 1000,Alkem Labs,Alprazolam 250 mg,10 tablets,369.33
Pansr 500,Glenmark,diclofenac 400 mg,10 capsules,598.11
Omecap 10,Lupin,Clonazepam (40mg),5 ml,190.67
Augds 20,Torrent Pharma,alprazolam 1000mg,30 tablets,353.51
Pansr 250,Cipla,Tramadol 500 mg,30 tablets,376.06
Augxr 500,Alkem Labs,Ondansetron 20 mg,15 tablets,559.55
Cetcin 10,Glenmark,Domperidone 20 mg,1 bottle,0.0
Metsr 20,Sanofi India,Fluoxetine 500 mg,10 capsules,555.37
Brusol 10,Himalaya,pantoprazole(5mg),10 capsules,342.9
Clavds 40,Lupin,esomeprazole 200mg,5 ml,140.92
Cetod 250,Mankind Pharma,methylcobalamin(20mg),1 bottle,67.56
Amoxsr 20,Mankind Pharma,levothyroxine 200 mg,1 bottle,500.06
Omesr 20,Alkem Labs,ESOMEPRAZOLE-250mg,15 tablets,564.94
Omeod 10,Glenmark,Doxycycline 100 mg,1 bottle,451.67
Pancin 500,Sun Pharma,Metformin (20mg),5 ml,303.24
Panforte 250,Pfizer India,methylcobalamin(500 mg),10 tablets,384.81
Panforte 500,Lupin,METFORMIN-10mg,10 capsules,533.18
Clavcap 40,Novartis India,CALCIUM CARBONATE-5mg,1 bottle,523.63
Clavsr 1000,Aurobindo Pharma,RABEPRAZOLE-40mg,10 capsules,123.11
Cetcin 10,Novartis India,PANTOPRAZOLE-200mg,1 bottle,200.5
Omeod 40,Dabur Pharma,montelukast 100mg,30 tablets,342.18
Metds 1000,Torrent Pharma,METHYLCOBALAMIN-1000mg,6 tablets,11.75
Dolosr 500,Dr Reddy,Metoprolol 40  mg,5 ml,402.13
Cetforte 250,Lupin,diclofenac 500mg,10 capsules,
Cetcin 10,Wockhardt,domperidone(1000mg),1 bottle,218.24
Bruxr 40,Dr Reddy,Esomeprazole 10  mg,10 capsules,
Amoxcin 250,Torrent Pharma,Omeprazole (250 mg),15 tablets,8.6
Doloxr 40,Intas Pharma,Clopidogrel 20  mg,1 bottle,508.83
Augsr 1000,Himalaya,TRAMADOL-5mg,6 tablets,0.0
Pancap 500,Glenmark,paracetamol(10 mg),10 capsules,152.25
Augcin 10,Intas Pharma,Fexofenadine (40mg),6 tablets,504.01
Panforte 500,Abbott India,Clopidogrel 400 mg,5 ml,467.41
Brucap 20,Sanofi India,Calcium carbonate 250 mg,10 tablets,127.82
Omecin 10,Cipla,rabeprazole 10mg,1 bottle,243.66
Panplus 250,Glenmark,Fexofenadine (20 mg),10 capsules,78.82
Mettab 20,Wockhardt,sertraline(20 mg),6 tablets,348.55
Amoxod 10,Novartis India,Methylcobalamin (1000 mg),1 bottle,497.82
Augds 20,Sanofi India,Alprazolam (400mg),6 tablets,192.09
Metsr 1000,Zydus Cadila,gabapentin(5 mg),30 tablets,376.06
Azeecap 40,Pfizer India,GABAPENTIN-10mg,30 tablets,146.72
Augforte 20,Glenmark,Methylcobalamin (20 mg),30 tablets,0.0
Cettab 250,Pfizer India,Domperidone 5 mg,5 ml,502.49
Cetds 500,Sun Pharma,clonazepam 1000mg,10 capsules,568.89
Bruforte 250,Pfizer India,CALCIUM CARBONATE-10mg,10 tablets,344.2
Metsr 20,Himalaya,doxycycline 10mg,1 bottle,58.79
Omesol 10,Lupin,zinc sulphate 1000mg,10 capsules,
Amoxplus 20,Wockhardt,diclofenac 500mg,6 tablets,162.94
Metod 1000,Lupin,gabapentin 1000mg,10 capsules,545.41
Azeeod 250,Mankind Pharma,omeprazole(1000mg),1 bottle,20.5
Amoxplus 250,Dr Reddy,metformin(10 mg),5 ml,261.91
Augcap 20,GSK India,Rabeprazole (10mg),5 ml,172.76
Azeeforte 20,Sun Pharma,sertraline(500mg),30 tablets,
Dolosr 500,Himalaya,Zinc sulphate 40  mg,6 tablets,0.0
Omeds 10,Dr Reddy,CIPROFLOXACIN-500mg,30 tablets,62.68
Amoxsr 10,Intas Pharma,FEXOFENADINE-40mg,10 capsules,164.27
Dolotab 20,Alkem Labs,vitamin d3(500 mg),15 tablets,346.97
Cetcap 10,Torrent Pharma,ONDANSETRON-400mg,10 capsules,552.25
Cetxr 20,Himalaya,metformin 400 mg,30 tablets,110.0
Azeecap 250,Torrent Pharma,ESOMEPRAZOLE-200mg,30 tablets,150.7
Amoxtab 40,Aurobindo Pharma,Levothyroxine 250  mg,10 capsules,579.65
Metcap 500,Hetero Drugs,zinc sulphate 400 mg,5 ml,0.0
Dolocap 1000,Lupin,DOXYCYCLINE-40mg,1 bottle,96.59
Metod 1000,Zydus Cadila,telmisartan 400mg,10 tablets,480.23
Pansr 500,Mankind Pharma,Fexofenadine 250  mg,10 capsules,
Amoxds 500,Sanofi India,losartan 250 mg,10 tablets,370.96
Doloforte 20,Aurobindo Pharma,gabapentin(40mg),15 tablets,268.89
Dolods 10,Mankind Pharma,Diclofenac 250 mg,6 tablets,436.58
Cetxr 500,Zydus Cadila,esomeprazole(500 mg),5 ml,455.39
Omeforte 500,Sun Pharma,levocetirizine 20 mg,10 tablets,511.27
Amoxsr 10,Lupin,ibuprofen 5mg,5 ml,555.52
Augtab 500,Alkem Labs,Gabapentin 5  mg,6 tablets,592.45
Dolosol 20,Sun Pharma,sertraline(250mg),5 ml,117.11
Clavxr 1000,Abbott India,ATORVASTATIN-40mg,6 tablets,276.12
Omecap 40,Intas Pharma,fluoxetine 1000 mg,30 tablets,201.99
Amoxxr 1000,Alkem Labs,metoprolol(250mg),5 ml,408.55
Pansr 250,Alkem Labs,Methylcobalamin (1000 mg),10 capsules,338.93
Clavplus 1000,Alkem Labs,fexofenadine(200 mg),10 capsules,51.95
Cettab 10,Zydus Cadila,clonazepam(5mg),10 capsules,94.26
Azeeforte 40,Mankind Pharma,rabeprazole 250mg,1 bottle,301.26
Bruod 1000,Sun Pharma,ASPIRIN-10mg,30 tablets,393.59
Clavplus 250,Himalaya,Ranitidine (250 mg),1 bottle,90.98
Azeexr 250,Novartis India,Gabapentin (200 mg),10 capsules,318.97
Cetsol 40,Dabur Pharma,tramadol 10mg,6 tablets,244.95
Azeeplus 1000,Glenmark,alprazolam(250mg),10 capsules,470.98
Brusr 10,Alkem Labs,Fluoxetine (20mg),15 tablets,513.38
Azeecin 1000,Dr Reddy,ciprofloxacin(1000mg),6 tablets,145.9
Doloxr 20,Himalaya,Amoxicillin 200  mg,1 bottle,431.85
Azeesr 1000,Dr Reddy,Azithromycin (400 mg),5 ml,281.89
Dolood 40,Mankind Pharma,Ciprofloxacin (10mg),1 bottle,268.93
Augds 250,Zydus Cadila,Amlodipine (5mg),10 tablets,273.08
Azeeds 250,Glenmark,Aspirin 20 mg,10 capsules,524.75
Amoxtab 10,Alkem Labs,Pantoprazole 250 mg,10 tablets,211.69
Panod 1000,Himalaya,ondansetron(1000mg),10 tablets,
Dolotab 500,Mankind Pharma,atorvastatin(20 mg),5 ml,243.0
Augcin 500,Alkem Labs,Gabapentin (250mg),6 tablets,25.7
Amoxxr 20,Dr Reddy,Omeprazole (100mg),5 ml,237.41
Augcap 250,GSK India,Ondansetron 500 mg,15 tablets,382.6
Metforte 500,Wockhardt,Methylcobalamin (400 mg),6 tablets,
Omecin 1000,Zydus Cadila,Ondansetron 40 mg,30 tablets,507.11
Omeforte 250,Cipla,AZITHROMYCIN-40mg,30 tablets,
Clavcap 1000,Cipla,ONDANSETRON-20mg,5 ml,585.47
Dolosol 500,Wockhardt,domperidone(250 mg),1 bottle,341.57
Metod 250,Torrent Pharma,Clonazepam 500  mg,15 tablets,
Brucap 40,Intas Pharma,paracetamol(250mg),10 tablets,231.3
Omeplus 10,Abbott India,montelukast(10 mg),6 tablets,222.73
Dolods 40,Hetero Drugs,ciprofloxacin 200 mg,5 ml,407.91
Omeod 250,Lupin,Glimepiride (40mg),10 capsules,91.14
Clavcin 10,Sanofi India,rosuvastatin(10mg),10 capsules,448.52
Omeod 500,Pfizer India,Fluoxetine (500 mg),30 tablets,238.81
Brucap 40,Aurobindo Pharma,rosuvastatin 250mg,10 tablets,94.06
Bruds 40,Wockhardt,glimepiride(5mg),30 tablets,523.27
Amoxds 10,Zydus Cadila,Fluoxetine (40mg),10 tablets,0.0
Augxr 1000,Abbott India,ciprofloxacin 1000 mg,30 tablets,60.33
Dolosol 250,Pfizer India,sertraline(10mg),30 tablets,519.27
Clavcin 10,Cipla,Paracetamol (400 mg),15 tablets,433.59
Augcap 20,Zydus Cadila,levothyroxine 10 mg,5 ml,158.49
Amoxforte 250,Sanofi India,zinc sulphate(250mg),15 tablets,389.83
Metxr 250,Zydus Cadila,Montelukast (20 mg),5 ml,268.3
Cetforte 1000,Mankind Pharma,FEXOFENADINE-250mg,30 tablets,545.58
Cetcap 20,Pfizer India,Domperidone (200mg),1 bottle,24.67
Pantab 10,Torrent Pharma,atorvastatin 40 mg,6 tablets,154.42
Azeetab 10,Novartis India,rosuvastatin 400 mg,15 tablets,119.25
Azeecap 20,Lupin,zinc sulphate(1000 mg),10 tablets,258.58
Bruplus 40,Aurobindo Pharma,Cetirizine (20mg),30 tablets,250.01
Cetforte 250,Hetero Drugs,losartan(20 mg),1 bottle,336.61
Clavcap 1000,Himalaya,ATORVASTATIN-100mg,10 capsules,0.0
Omecin 500,Sanofi India,VITAMIN D3-200mg,1 bottle,316.41
Cetforte 40,Sanofi India,CETIRIZINE-200mg,6 tablets,0.0
Clavtab 20,Glenmark,Ranitidine 400  mg,5 ml,459.43
Metod 250,Mankind Pharma,clonazepam 500mg,10 capsules,
Azeesol 250,Sun Pharma,FEXOFENADINE-40mg,6 tablets,142.38
Bruod 500,Pfizer India,Cetirizine 10  mg,5 ml,420.06
Augtab 20,Sun Pharma,azithromycin 250mg,5 ml,279.25
Bruod 250,Torrent Pharma,glimepiride 100mg,10 tablets,534.66
Amoxsol 250,Novartis India,FEXOFENADINE-40mg,6 tablets,464.85
Dolood 10,Wockhardt,Esomeprazole 10  mg,10 capsules,377.96
Cetplus 500,GSK India,LEVOCETIRIZINE-400mg,15 tablets,0.0
Bruxr 1000,Cipla,zinc sulphate(1000mg),30 tablets,412.48
Pansr 10,Intas Pharma,LOSARTAN-1000mg,15 tablets,314.87
Azeetab 40,Aurobindo Pharma,Methylcobalamin 5  mg,5 ml,382.77
Pancap 40,GSK India,Omeprazole (200 mg),5 ml,166.67
Metds 250,Alkem Labs,aspirin 20 mg,1 bottle,47.89
Dolosr 40,Dr Reddy,losartan 5mg,15 tablets,78.64
Amoxsr 10,Lupin,Levocetirizine (10mg),6 tablets,555.72
Metforte 1000,GSK India,losartan(20 mg),5 ml,79.66
Ometab 10,Pfizer India,rosuvastatin 10 mg,15 tablets,311.02
Azeeds 20,Sun Pharma,Ondansetron 400 mg,10 tablets,166.97
Omexr 1000,GSK India,montelukast 400 mg,10 capsules,0.0
Clavcin 40,Dr Reddy,clonazepam 500mg,10 capsules,84.88
Omesr 500,Mankind Pharma,ranitidine(400 mg),1 bottle,163.28
Mettab 1000,Wockhardt,GABAPENTIN-20mg,5 ml,341.87
Metds 40,Zydus Cadila,DOMPERIDONE-20mg,10 capsules,
Clavtab 40,Abbott India,ciprofloxacin(250mg),30 tablets,55.9
Bruds 250,Alkem Labs,Vitamin d3 40 mg,10 capsules,128.45
Azeetab 1000,Novartis India,Amlodipine 40 mg,10 tablets,212.45
Cettab 500,Abbott India,esomeprazole(5 mg),10 tablets,243.33
Augds 10,Intas Pharma,aspirin(400mg),10 tablets,246.97
Amoxds 20,Mankind Pharma,Calcium carbonate 250 mg,1 bottle,
Omecap 20,GSK India,Vitamin d3 1000 mg,10 capsules,310.35
Pands 500,Himalaya,ciprofloxacin 400 mg,15 tablets,579.6
Dolosol 20,Wockhardt,clonazepam 10mg,10 capsules,195.49
Augcap 40,Mankind Pharma,CLONAZEPAM-20mg,10 tablets,185.9
Panxr 10,Mankind Pharma,Omeprazole 250  mg,15 tablets,335.1
Omecap 20,Dr Reddy,Rabeprazole (40 mg),30 tablets,0.0
Azeesol 10,Mankind Pharma,Glimepiride (20 mg),10 tablets,83.87
Augds 40,Alkem Labs,CLOPIDOGREL-1000mg,5 ml,585.3
Panxr 500,Pfizer India,Ciprofloxacin 20 mg,1 bottle,369.84
Clavcin 10,Novartis India,Atorvastatin 400 mg,10 capsules,220.96
Metxr 10,Torrent Pharma,levocetirizine(200 mg),6 tablets,559.44
Dolosol 1000,Sanofi India,Esomeprazole (10 mg),30 tablets,293.26
Clavplus 1000,Zydus Cadila,clonazepam(500 mg),6 tablets,307.02
Azeeod 500,Intas Pharma,Alprazolam 5 mg,30 tablets,120.54
Dolocin 500,Torrent Pharma,AMOXICILLIN-100mg,30 tablets,216.03
Azeecap 20,GSK India,Metformin (20mg),5 ml,205.06
Augxr 500,Sun Pharma,Atorvastatin (1000 mg),15 tablets,
Amoxtab 40,Alkem Labs,alprazolam 250mg,1 bottle,100.8
Omecin 20,Glenmark,Paracetamol 5  mg,30 tablets,252.62
Azeesol 20,GSK India,Vitamin D3 (20 mg),5 ml,476.1
Augforte 20,Mankind Pharma,Zinc Sulphate (100mg),6 tablets,180.23
Dolosr 1000,Hetero Drugs,Ondansetron 500  mg,30 tablets,316.68
Doloxr 250,Sun Pharma,Atorvastatin 250 mg,5 ml,523.9
Clavxr 250,Lupin,doxycycline 5 mg,10 tablets,469.06
Omesr 10,Glenmark,Azithromycin (10 mg),15 tablets,248.28
Clavtab 20,Dabur Pharma,Glimepiride 500  mg,1 bottle,58.1
Doloplus 10,Pfizer India,rabeprazole 20 mg,30 tablets,472.9
Metds 20,Hetero Drugs,Ranitidine (10 mg),15 tablets,101.18
Pands 40,Aurobindo Pharma,vitamin d3(10 mg),1 bottle,470.59
Azeecin 1000,Glenmark,Azithromycin 5  mg,10 capsules,71.92
Dolotab 500,Pfizer India,ciprofloxacin(100mg),30 tablets,482.78
Cetcap 40,Cipla,aspirin(20 mg),5 ml,447.51
Cettab 500,Alkem Labs,calcium carbonate 100mg,10 tablets,170.61
Doloxr 10,GSK India,Diclofenac (250mg),15 tablets,470.73
Metxr 1000,Aurobindo Pharma,Amlodipine (400mg),6 tablets,272.47
Omesol 10,Cipla,Atorvastatin (500 mg),30 tablets,295.52
Cetcap 1000,Alkem Labs,fluoxetine(500 mg),6 tablets,523.2
Dolosr 20,GSK India,Omeprazole 200  mg,30 tablets,
Pancap 20,Torrent Pharma,calcium carbonate 100mg,6 tablets,425.28
Bruod 10,Sanofi India,montelukast(5mg),15 tablets,246.98
Azeeds 10,Torrent Pharma,Rabeprazole 1000  mg,5 ml,505.98
Brusol 20,GSK India,calcium carbonate(250mg),10 capsules,548.44
Clavplus 20,Himalaya,gabapentin 400mg,10 tablets,39.34
Augcap 1000,Pfizer India,TRAMADOL-200mg,10 tablets,185.69
Doloplus 10,Cipla,Pregabalin (10 mg),10 capsules,497.71
Clavsol 20,Dr Reddy,metformin 20 mg,5 ml,81.35
Pansol 1000,Mankind Pharma,aspirin(20 mg),10 capsules,253.03
Augsr 10,Hetero Drugs,azithromycin(250mg),10 capsules,8.25
Clavcap 1000,Dabur Pharma,cetirizine(5mg),15 tablets,241.06
Augsr 250,Abbott India,Sertraline 100 mg,10 tablets,315.11
Metsol 20,Dr Reddy,Diclofenac 5  mg,1 bottle,240.26
Amoxod 20,Wockhardt,PARACETAMOL-5mg,15 tablets,0.0
Amoxod 10,Hetero Drugs,Losartan 1000  mg,5 ml,275.88
Doloplus 250,Torrent Pharma,MONTELUKAST-200mg,10 capsules,86.12
Cetds 20,Dr Reddy,Metformin (400 mg),6 tablets,155.72
Panforte 500,Himalaya,Gabapentin (250mg),15 tablets,516.23
Bruod 250,Wockhardt,rosuvastatin(1000 mg),10 capsules,30.7
Amoxcin 1000,Glenmark,Doxycycline (5mg),15 tablets,536.27
Cetsr 10,Torrent Pharma,tramadol(250 mg),6 tablets,314.22
Metsol 500,Himalaya,Ranitidine 40  mg,6 tablets,149.5
Azeeplus 1000,Sun Pharma,ZINC SULPHATE-100mg,10 tablets,479.54
Dolocin 40,Himalaya,OMEPRAZOLE-10mg,5 ml,253.34
Cetxr 1000,GSK India,Gabapentin (100mg),15 tablets,497.22
Omecap 40,Intas Pharma,fexofenadine 500 mg,1 bottle,481.72
Amoxplus 40,Mankind Pharma,Telmisartan 10  mg,1 bottle,38.67
Amoxsol 1000,Dabur Pharma,alprazolam(40mg),10 tablets,589.39
Azeexr 40,Wockhardt,losartan 40mg,15 tablets,390.74
Augforte 250,Intas Pharma,omeprazole(400mg),6 tablets,152.96
Dolocin 1000,Dr Reddy,tramadol(200mg),10 capsules,421.69
Amoxxr 40,Glenmark,losartan 500mg,5 ml,215.98
Dolood 10,Lupin,Ibuprofen (10 mg),10 capsules,137.37
Amoxxr 1000,Glenmark,Paracetamol (400mg),10 capsules,142.92
Doloplus 40,Sun Pharma,telmisartan(20mg),6 tablets,17.98
Augds 10,Hetero Drugs,doxycycline(10mg),10 tablets,151.82
Amoxsol 500,Cipla,Domperidone (200 mg),15 tablets,449.64
Doloxr 500,Hetero Drugs,ibuprofen 250 mg,6 tablets,533.76
Metsol 20,Novartis India,Rabeprazole 500  mg,6 tablets,151.83
Azeeds 20,Hetero Drugs,atorvastatin(250mg),10 tablets,217.27
Augcap 40,Himalaya,Ranitidine (5 mg),30 tablets,522.49
Clavds 10,Dr Reddy,Clonazepam (5mg),10 capsules,489.66
Augplus 1000,Sun Pharma,Clonazepam 100 mg,5 ml,522.51
Augtab 20,Alkem Labs,Rabeprazole (20 mg),15 tablets,485.88
Pancap 250,Himalaya,Diclofenac (250 mg),10 capsules,295.5
Clavcin 10,Aurobindo Pharma,amlodipine 500mg,5 ml,
Augsol 20,Torrent Pharma,ondansetron(200mg),1 bottle,107.31
Omeod 10,GSK India,Losartan (200mg),15 tablets,55.78
Metxr 10,Mankind Pharma,Paracetamol (10mg),10 tablets,546.59
Brutab 40,Torrent Pharma,atorvastatin(1000 mg),15 tablets,467.76
Clavsol 1000,Sun Pharma,Telmisartan (40 mg),1 bottle,116.31
Metcin 40,Lupin,IBUPROFEN-400mg,6 tablets,11.06
Cetod 250,Dr Reddy,CLONAZEPAM-400mg,30 tablets,43.17
Azeexr 250,Alkem Labs,rabeprazole 1000 mg,10 tablets,483.29
Metcap 1000,GSK India,Aspirin 10 mg,15 tablets,234.14
Brucin 10,Aurobindo Pharma,Sertraline (10mg),10 tablets,276.9
Omeplus 250,Dabur Pharma,tramadol(5 mg),15 tablets,0.0
Amoxsr 20,Sun Pharma,tramadol(40mg),10 capsules,487.49
Doloxr 1000,Cipla,Cetirizine 10 mg,6 tablets,283.25
Dolosr 20,Pfizer India,clopidogrel 400 mg,5 ml,20.6
Amoxsr 20,Himalaya,ondansetron 20 mg,5 ml,
Amoxds 40,GSK India,VITAMIN D3-200mg,10 capsules,513.04
Metsol 1000,Intas Pharma,Amoxicillin (400 mg),30 tablets,0.0
Augcin 250,Sun Pharma,ZINC SULPHATE-400mg,5 ml,21.89
Metod 10,Pfizer India,rosuvastatin 250 mg,30 tablets,484.53
Ometab 10,Zydus Cadila,fexofenadine(5mg),30 tablets,513.43
Cettab 10,Hetero Drugs,DOMPERIDONE-500mg,10 capsules,482.49
Panplus 20,Novartis India,Ciprofloxacin (400mg),5 ml,560.47
Ometab 500,Wockhardt,paracetamol(400 mg),6 tablets,464.89
Augsr 500,Glenmark,Ciprofloxacin 500 mg,6 tablets,62.91
Azeetab 40,Sun Pharma,Ondansetron (5 mg),10 capsules,524.27
Cetxr 10,Dr Reddy,CIPROFLOXACIN-500mg,30 tablets,127.57
Bruds 40,Aurobindo Pharma,Paracetamol (20 mg),10 capsules,264.42
Dolood 1000,GSK India,montelukast 10mg,15 tablets,261.22
Dolosr 10,Glenmark,TRAMADOL-100mg,15 tablets,555.83
Omexr 40,Himalaya,FLUOXETINE-40mg,30 tablets,0.0
Amoxcin 20,Sun Pharma,Pantoprazole 400 mg,10 tablets,216.94
Clavxr 40,Lupin,diclofenac 1000mg,10 capsules,403.12
Dolood 10,GSK India,Metformin 100 mg,15 tablets,52.58
Azeeplus 250,Abbott India,CALCIUM CARBONATE-500mg,5 ml,240.98
Azeetab 1000,Mankind Pharma,Vitamin d3 250 mg,10 capsules,434.03
Dolotab 40,Novartis India,domperidone(250mg),10 tablets,317.01
Bruds 250,Abbott India,Methylcobalamin 5 mg,30 tablets,417.89
Amoxplus 250,GSK India,zinc sulphate 400mg,15 tablets,424.67
Clavxr 1000,Abbott India,gabapentin 40 mg,10 tablets,303.87
Amoxds 10,Abbott India,amlodipine(1000 mg),6 tablets,22.32
Cetds 40,Wockhardt,Vitamin D3 (250 mg),6 tablets,356.83
Augsol 500,Zydus Cadila,Clonazepam 20 mg,1 bottle,68.43
Brusol 1000,Pfizer India,cetirizine(20mg),1 bottle,12.16
Cetcap 1000,Wockhardt,Losartan 200 mg,30 tablets,245.35
Omesr 1000,Himalaya,Clopidogrel 10 mg,15 tablets,50.71
Augcin 40,Glenmark,metoprolol 400 mg,30 tablets,378.7
Azeecin 10,Glenmark,rosuvastatin 20 mg,6 tablets,254.26
Mettab 500,Novartis India,MONTELUKAST-10mg,6 tablets,0.0
Amoxds 500,Hetero Drugs,GABAPENTIN-400mg,10 capsules,385.23
Azeeds 250,Intas Pharma,LOSARTAN-500mg,5 ml,0.0
Augxr 40,Intas Pharma,DOMPERIDONE-500mg,10 tablets,499.2
Omecin 40,Himalaya,Losartan (10mg),6 tablets,67.09
Clavds 40,Mankind Pharma,Ciprofloxacin (200 mg),5 ml,147.3
Augsr 250,Lupin,Glimepiride (400 mg),15 tablets,88.19
Metod 250,Sanofi India,Cetirizine 250  mg,30 tablets,501.17
Azeecin 40,Torrent Pharma,telmisartan(40 mg),10 tablets,121.84
Panxr 1000,Himalaya,GABAPENTIN-40mg,6 tablets,498.25
Clavsol 10,Cipla,levothyroxine 400 mg,15 tablets,257.1
Pancap 500,Zydus Cadila,Levothyroxine 400  mg,10 capsules,333.68
Dolood 20,Novartis India,Levocetirizine (500mg),10 tablets,23.23
Metcin 250,Sun Pharma,Pregabalin (5 mg),6 tablets,204.65
Cetcap 250,GSK India,gabapentin(1000 mg),6 tablets,
Bruod 40,Dr Reddy,atorvastatin(500mg),5 ml,108.67
Omeforte 1000,Aurobindo Pharma,Vitamin d3 20  mg,15 tablets,48.9
Cetsr 40,Pfizer India,Vitamin D3 (400 mg),10 tablets,87.38
Metforte 20,Novartis India,CALCIUM CARBONATE-100mg,1 bottle,463.2
Azeesr 40,Himalaya,rabeprazole(5mg),5 ml,395.77
Metsol 1000,Zydus Cadila,omeprazole(500mg),5 ml,223.04
Metds 20,Torrent Pharma,METOPROLOL-5mg,1 bottle,65.69
Dolosol 250,Novartis India,ibuprofen 500 mg,1 bottle,421.33
Clavplus 250,Cipla,telmisartan(200 mg),5 ml,261.73
Azeeod 40,Pfizer India,PANTOPRAZOLE-500mg,10 capsules,440.51
Clavtab 10,Dr Reddy,Losartan (400 mg),10 capsules,378.79
Clavplus 250,GSK India,clonazepam(100mg),30 tablets,506.27
Azeecin 10,Aurobindo Pharma,ranitidine(400 mg),30 tablets,396.82
Pantab 20,Pfizer India,pregabalin 250mg,5 ml,542.84
Clavcap 1000,Zydus Cadila,levothyroxine 20 mg,6 tablets,211.56
Azeeplus 10,Sun Pharma,esomeprazole(10 mg),6 tablets,
Metxr 500,Zydus Cadila,Clopidogrel (400 mg),5 ml,169.73
Dolotab 20,Sun Pharma,Glimepiride (40 mg),15 tablets,418.03
Clavforte 10,Wockhardt,amlodipine 100mg,10 tablets,415.94
Brusol 250,Intas Pharma,Gabapentin 40  mg,1 bottle,566.8
Omecin 250,Sun Pharma,amlodipine(400 mg),10 capsules,431.94
Amoxcap 250,Sanofi India,Tramadol (100mg),10 tablets,
Metxr 20,Pfizer India,methylcobalamin 40 mg,15 tablets,466.58
Doloforte 500,Pfizer India,sertraline 1000 mg,30 tablets,204.46
Bruxr 1000,Sun Pharma,rabeprazole 400 mg,6 tablets,591.57
Metcin 250,GSK India,ondansetron(100mg),10 tablets,39.82
Augod 20,Abbott India,LOSARTAN-250mg,30 tablets,214.68
Amoxtab 40,Pfizer India,alprazolam 100mg,10 tablets,421.9
Bruod 1000,GSK India,RABEPRAZOLE-5mg,10 tablets,392.07
Augforte 40,Alkem Labs,Vitamin D3 (1000 mg),10 capsules,373.17
Metsol 40,Lupin,ranitidine(200 mg),6 tablets,97.84
Pantab 40,Dr Reddy,Tramadol (20 mg),10 capsules,418.58
Amoxds 20,Cipla,Glimepiride 5 mg,5 ml,583.48
Metxr 20,Lupin,Calcium carbonate 20 mg,30 tablets,463.64
Azeeds 20,Aurobindo Pharma,Doxycycline 100 mg,6 tablets,133.64
Amoxforte 20,Pfizer India,Omeprazole 5  mg,1 bottle,406.95
Omesr 20,Mankind Pharma,zinc sulphate 10 mg,6 tablets,
Panforte 1000,Zydus Cadila,Levothyroxine (5mg),1 bottle,420.57
Azeesr 10,Dabur Pharma,gabapentin 100mg,30 tablets,347.35
Metcin 10,Sanofi India,Cetirizine 40 mg,10 tablets,314.91
Omecap 40,Himalaya,clonazepam 400mg,30 tablets,147.68
Dolods 250,Mankind Pharma,VITAMIN D3-40mg,5 ml,579.06
Augplus 500,Aurobindo Pharma,Fluoxetine (1000mg),15 tablets,205.1
Augcin 500,Alkem Labs,Amlodipine 5  mg,15 tablets,129.68
Brucin 40,Dr Reddy,amoxicillin(20mg),10 tablets,513.07
Brucin 500,Torrent Pharma,TELMISARTAN-5mg,6 tablets,392.54
Omexr 40,Aurobindo Pharma,doxycycline 400mg,30 tablets,114.1
Omeforte 40,Glenmark,FLUOXETINE-500mg,15 tablets,435.46
Metxr 20,GSK India,Ciprofloxacin (500 mg),15 tablets,224.59
Pancap 40,Mankind Pharma,montelukast 400 mg,1 bottle,595.08
Dolosol 250,Cipla,metoprolol 40mg,30 tablets,460.2
Azeeod 500,Torrent Pharma,Ciprofloxacin (250mg),30 tablets,288.18
Doloxr 20,GSK India,telmisartan(500mg),10 tablets,478.47
Metds 1000,Hetero Drugs,ciprofloxacin 250 mg,1 bottle,357.32
Augplus 20,Dabur Pharma,PREGABALIN-200mg,10 capsules,475.8
Metds 250,Alkem Labs,Rosuvastatin 500  mg,5 ml,280.82
Amoxcin 1000,Himalaya,Ondansetron (1000 mg),6 tablets,157.11
Bruxr 1000,Sun Pharma,cetirizine 20 mg,30 tablets,470.81
Clavsr 40,Novartis India,amoxicillin 1000 mg,1 bottle,429.36
Pancin 10,Torrent Pharma,Glimepiride (40mg),15 tablets,149.53
Omesol 10,GSK India,amoxicillin(10 mg),5 ml,457.21
Cetds 10,Cipla,OMEPRAZOLE-100mg,5 ml,72.42
Cetplus 1000,Torrent Pharma,Pregabalin (10 mg),10 tablets,184.38
Cetsol 40,Abbott India,metoprolol 40mg,10 tablets,
Clavcap 20,Pfizer India,CETIRIZINE-5mg,10 capsules,398.3
Omesol 1000,GSK India,clopidogrel(500mg),10 capsules,144.31
Clavplus 40,Wockhardt,Rabeprazole 10 mg,15 tablets,420.23
Clavsr 10,Novartis India,Rabeprazole (100mg),5 ml,351.37
Augcin 20,Alkem Labs,telmisartan(250mg),10 tablets,39.82
Omeforte 10,GSK India,RABEPRAZOLE-500mg,15 tablets,286.17
Cetplus 1000,Mankind Pharma,Fluoxetine 5 mg,10 capsules,488.5
Cetplus 500,Novartis India,DICLOFENAC-20mg,6 tablets,568.24
Azeesol 500,Mankind Pharma,PANTOPRAZOLE-40mg,15 tablets,317.05
Clavcin 10,Alkem Labs,LEVOTHYROXINE-40mg,30 tablets,93.57
Omecap 1000,Torrent Pharma,Glimepiride (500mg),30 tablets,208.33
Pands 40,Aurobindo Pharma,metoprolol 200mg,1 bottle,495.89
Cetod 40,Torrent Pharma,Ciprofloxacin (500 mg),1 bottle,119.99
Metsol 40,Glenmark,AZITHROMYCIN-500mg,10 capsules,317.19
Metcin 20,Sun Pharma,esomeprazole(1000mg),30 tablets,386.29
Cetforte 10,Cipla,esomeprazole 200 mg,10 capsules,84.43
Azeexr 250,GSK India,Domperidone (250mg),10 tablets,338.07
Dolocap 40,Intas Pharma,Montelukast 1000  mg,1 bottle,374.9
Bruod 500,Cipla,esomeprazole 1000 mg,10 capsules,401.43
Doloplus 40,Zydus Cadila,paracetamol 40mg,6 tablets,69.16
Amoxtab 500,Mankind Pharma,Esomeprazole 500  mg,6 tablets,258.31
Dolood 10,Torrent Pharma,alprazolam(250mg),10 tablets,0.0
Amoxforte 500,Mankind Pharma,domperidone 10 mg,5 ml,587.22
Omeplus 500,Wockhardt,TELMISARTAN-400mg,6 tablets,0.0
Amoxsol 250,Hetero Drugs,Doxycycline (40 mg),15 tablets,33.46
Dolosol 40,Sun Pharma,LEVOCETIRIZINE-400mg,10 capsules,581.1
Clavsr 1000,Aurobindo Pharma,PANTOPRAZOLE-500mg,30 tablets,267.31
Brusol 250,Mankind Pharma,rabeprazole 100mg,10 capsules,
Pantab 500,Dr Reddy,Clonazepam (1000mg),6 tablets,182.24
Amoxcap 250,Dabur Pharma,Paracetamol 500  mg,6 tablets,74.58
Clavtab 250,Torrent Pharma,Vitamin D3 (250mg),30 tablets,397.47
Cetcin 1000,Intas Pharma,Pantoprazole (5mg),10 capsules,344.52
Cettab 250,Torrent Pharma,Levocetirizine (100mg),10 tablets,279.38
Pansol 250,Hetero Drugs,Doxycycline (1000mg),30 tablets,223.74
Brusr 1000,Wockhardt,Levothyroxine 500 mg,10 tablets,391.31
Panod 1000,Glenmark,Ciprofloxacin (500 mg),1 bottle,79.3
Metds 10,Dr Reddy,SERTRALINE-500mg,30 tablets,76.0
Omeplus 500,GSK India,OMEPRAZOLE-10mg,5 ml,452.83
Panplus 40,Wockhardt,Amoxicillin (1000 mg),30 tablets,524.97
Augtab 500,GSK India,Doxycycline (10mg),15 tablets,94.21
Cetplus 250,Glenmark,amoxicillin 400 mg,5 ml,332.89
Metsol 10,Zydus Cadila,zinc sulphate(10 mg),30 tablets,31.07
Clavtab 40,Dr Reddy,VITAMIN D3-200mg,5 ml,
Clavsr 40,Mankind Pharma,Calcium Carbonate (5 mg),5 ml,73.47
Amoxtab 1000,Pfizer India,ranitidine(5 mg),5 ml,428.31
Dolocin 500,Alkem Labs,metoprolol 500 mg,30 tablets,247.86
Bruxr 1000,Dabur Pharma,Aspirin 400  mg,5 ml,
Augcap 1000,Zydus Cadila,atorvastatin(40mg),6 tablets,119.9
Augds 250,Aurobindo Pharma,FLUOXETINE-5mg,1 bottle,0.0
Metforte 250,Sanofi India,Amlodipine (200mg),10 capsules,431.79
Pands 500,Himalaya,Cetirizine 500  mg,15 tablets,405.73
Cetod 1000,Dr Reddy,Rabeprazole (40mg),1 bottle,442.23
Brutab 250,Wockhardt,ondansetron(500mg),10 capsules,0.0
Clavcap 40,Dabur Pharma,TELMISARTAN-250mg,10 tablets,395.88
Azeexr 500,Sun Pharma,Sertraline 5 mg,5 ml,533.69
Brusr 10,Aurobindo Pharma,Calcium Carbonate (500 mg),1 bottle,13.08
Panod 250,Glenmark,Clonazepam (250mg),5 ml,0.0
Clavds 250,Cipla,zinc sulphate 40mg,6 tablets,216.08
Clavplus 250,Dr Reddy,fexofenadine 100mg,10 capsules,507.78
Cetod 40,Sun Pharma,ondansetron 500mg,6 tablets,452.94
Azeetab 40,Himalaya,Diclofenac (1000 mg),10 tablets,539.77
Clavcin 500,Sanofi India,Doxycycline 10  mg,30 tablets,87.29
Augxr 10,Lupin,Telmisartan (200 mg),5 ml,0.0
Mettab 1000,GSK India,AMOXICILLIN-200mg,30 tablets,492.57
Azeesol 20,Glenmark,amlodipine(40mg),10 tablets,241.05
Azeexr 10,GSK India,Metformin 5 mg,30 tablets,511.39
Metplus 40,Dr Reddy,esomeprazole 5mg,30 tablets,421.64
Omecap 250,Sun Pharma,Calcium carbonate 20 mg,10 capsules,0.0
Pantab 250,Novartis India,Ibuprofen 5 mg,10 tablets,155.45
Brucin 20,Torrent Pharma,ALPRAZOLAM-20mg,10 tablets,0.0
Dolotab 10,Sanofi India,Tramadol 500  mg,10 capsules,243.96
Panplus 500,Torrent Pharma,ondansetron 200mg,10 capsules,472.17
Cetsr 40,Zydus Cadila,Ondansetron 1000 mg,15 tablets,505.32
Brucin 40,Cipla,ibuprofen 250 mg,15 tablets,510.8
Omeds 20,Himalaya,levocetirizine 500 mg,15 tablets,195.7
Clavsr 1000,Alkem Labs,LOSARTAN-200mg,6 tablets,216.55
Amoxds 10,Abbott India,GABAPENTIN-500mg,10 capsules,251.09
Brucin 20,Pfizer India,LOSARTAN-400mg,15 tablets,581.74
Augxr 500,Dabur Pharma,Clopidogrel 400 mg,30 tablets,69.98
Amoxod 500,Sun Pharma,Ranitidine (200 mg),15 tablets,388.23
Omeforte 250,Aurobindo Pharma,pantoprazole 5mg,6 tablets,475.38
Azeeod 10,Sun Pharma,Fexofenadine 40  mg,5 ml,0.0
Azeecap 40,Dabur Pharma,fexofenadine(250 mg),1 bottle,191.78
Azeeforte 1000,Himalaya,ESOMEPRAZOLE-400mg,15 tablets,423.85
Metod 20,Sun Pharma,montelukast 100mg,6 tablets,244.45
Pands 250,Dabur Pharma,Losartan 1000  mg,5 ml,599.38
Dolosol 500,Aurobindo Pharma,amoxicillin(20mg),5 ml,414.9
Pansr 20,Sun Pharma,ATORVASTATIN-500mg,1 bottle,480.36
Pantab 1000,Sanofi India,Glimepiride 5  mg,1 bottle,44.77
Cetod 20,Glenmark,ciprofloxacin 400mg,10 tablets,96.19
Metsr 20,Sanofi India,Rosuvastatin (200mg),15 tablets,316.36
Amoxsol 20,Sun Pharma,montelukast 20mg,1 bottle,0.0
Azeexr 10,Cipla,Domperidone (500 mg),1 bottle,
Brucin 40,GSK India,levothyroxine 5mg,5 ml,138.21
Augplus 250,Mankind Pharma,rabeprazole 1000mg,30 tablets,597.09
Bruxr 40,Dabur Pharma,FEXOFENADINE-400mg,30 tablets,46.12
Azeeforte 250,Wockhardt,PANTOPRAZOLE-200mg,30 tablets,270.62
Brutab 1000,Alkem Labs,Esomeprazole 40  mg,10 tablets,523.28
Pancin 250,Aurobindo Pharma,losartan(1000mg),30 tablets,496.52
Brucap 10,Dabur Pharma,alprazolam 5mg,6 tablets,316.01
Amoxcin 500,Aurobindo Pharma,Sertraline 40  mg,30 tablets,140.85
Augplus 40,Lupin,azithromycin 100mg,15 tablets,527.82
Cetod 500,Wockhardt,pantoprazole 10 mg,30 tablets,548.55
Amoxcin 500,Torrent Pharma,ranitidine 20 mg,30 tablets,469.22
Clavforte 1000,Pfizer India,methylcobalamin(400mg),30 tablets,148.22
Augcin 1000,Himalaya,Pantoprazole (40mg),30 tablets,160.17
Pantab 20,Dabur Pharma,ROSUVASTATIN-5mg,6 tablets,439.3
Metds 20,Cipla,Calcium carbonate 40 mg,30 tablets,204.05
Azeesol 1000,Hetero Drugs,Clonazepam (20 mg),5 ml,393.65
Augsol 20,Dabur Pharma,ibuprofen(20mg),6 tablets,196.21
Amoxds 250,Dabur Pharma,TELMISARTAN-500mg,5 ml,186.51
Augxr 500,Cipla,zinc sulphate(400 mg),10 capsules,533.92
Augtab 250,Intas Pharma,RANITIDINE-40mg,1 bottle,215.76
Brucap 250,Wockhardt,gabapentin 1000mg,10 tablets,446.41
Omeplus 250,GSK India,omeprazole(400mg),15 tablets,421.63
Omexr 500,Wockhardt,Methylcobalamin 10 mg,1 bottle,191.94
Brucap 40,Wockhardt,gabapentin(5 mg),1 bottle,52.99
Bruds 10,Torrent Pharma,METHYLCOBALAMIN-40mg,1 bottle,268.46
Clavforte 10,Torrent Pharma,Ondansetron (20 mg),10 capsules,368.93
Azeecin 250,Zydus Cadila,ranitidine 5mg,10 capsules,472.81
Amoxcap 1000,Torrent Pharma,CIPROFLOXACIN-20mg,30 tablets,291.17
Cettab 20,Sanofi India,atorvastatin 500 mg,15 tablets,75.06
Augsr 40,Sun Pharma,Omeprazole 250 mg,1 bottle,261.04
Amoxforte 500,Aurobindo Pharma,Azithromycin (5mg),5 ml,335.69
Metforte 500,Sun Pharma,pantoprazole 500 mg,5 ml,151.9
Doloplus 40,Lupin,Ranitidine (1000mg),15 tablets,246.87
Clavforte 20,Himalaya,atorvastatin(100mg),6 tablets,459.67
Bruds 40,Sun Pharma,Ciprofloxacin 10 mg,30 tablets,437.53
Amoxforte 10,Alkem Labs,amoxicillin 1000mg,30 tablets,484.33
Azeexr 500,Abbott India,sertraline(5 mg),1 bottle,256.26
Panxr 500,Sanofi India,montelukast(100mg),10 tablets,452.94
Panplus 500,Sun Pharma,DOMPERIDONE-200mg,1 bottle,521.59
Cetplus 10,Dr Reddy,Zinc Sulphate (20mg),10 capsules,163.49
Augds 500,Dabur Pharma,Clopidogrel 500 mg,6 tablets,43.37
Pansol 20,Lupin,Sertraline (20mg),15 tablets,97.41
Dolood 1000,Hetero Drugs,Vitamin D3 (500mg),10 tablets,564.62
Pansol 250,Aurobindo Pharma,Fexofenadine (400 mg),10 capsules,
Omesol 250,Sanofi India,Levothyroxine 200 mg,10 tablets,493.5
Amoxsol 500,Hetero Drugs,Aspirin (10 mg),1 bottle,68.59
Clavcap 20,Glenmark,rosuvastatin(200mg),10 capsules,56.55
Omesol 10,Cipla,cetirizine(1000 mg),10 capsules,181.33
Amoxds 40,Hetero Drugs,Methylcobalamin (20mg),10 capsules,128.76
Ometab 1000,Sanofi India,Ibuprofen 1000 mg,10 tablets,537.16
Metod 1000,Aurobindo Pharma,levocetirizine(250mg),30 tablets,223.44
Panod 10,Zydus Cadila,TELMISARTAN-40mg,10 tablets,27.76
Doloxr 40,Abbott India,domperidone 250mg,15 tablets,110.29
Amoxod 10,Novartis India,pregabalin(400 mg),10 tablets,33.58
Bruod 40,Lupin,clopidogrel 250 mg,6 tablets,
Clavsol 1000,Lupin,clopidogrel 20 mg,10 tablets,
Brusr 10,Aurobindo Pharma,Alprazolam (200 mg),5 ml,414.84
Dolods 10,Sanofi India,Esomeprazole (20mg),5 ml,322.14
Pands 40,Himalaya,DOMPERIDONE-200mg,10 tablets,398.91
Metod 40,Sanofi India,Gabapentin 250  mg,5 ml,492.78
Omecap 250,GSK India,Ibuprofen 5 mg,15 tablets,225.99
Pansr 1000,Hetero Drugs,methylcobalamin(100mg),15 tablets,316.14
Omeplus 250,Himalaya,Domperidone (200mg),30 tablets,197.1
Pancin 1000,GSK India,Aspirin (1000 mg),10 tablets,312.71
Omecin 40,Torrent Pharma,CETIRIZINE-20mg,10 capsules,352.94
Doloforte 10,Aurobindo Pharma,levothyroxine(400mg),15 tablets,54.36
Panod 500,Cipla,Methylcobalamin 400  mg,10 tablets,399.51
Ometab 1000,Wockhardt,Losartan 10 mg,10 tablets,312.94
Brutab 500,Zydus Cadila,amoxicillin 1000 mg,6 tablets,81.08
Pancin 250,Dr Reddy,methylcobalamin(100mg),6 tablets,46.05
Bruforte 1000,Pfizer India,Ibuprofen 10 mg,10 capsules,378.38
Metxr 20,Novartis India,ASPIRIN-40mg,6 tablets,190.0
Augplus 40,Sanofi India,ONDANSETRON-40mg,10 tablets,0.0
Clavforte 250,Sun Pharma,domperidone(5 mg),30 tablets,371.94
Azeesol 10,Dr Reddy,telmisartan(40mg),1 bottle,98.22
Augplus 250,GSK India,omeprazole(250mg),15 tablets,572.43
Omeforte 1000,Himalaya,Omeprazole 500  mg,10 capsules,207.0
Metforte 500,Wockhardt,esomeprazole(40mg),30 tablets,89.53
Cetod 20,Sanofi India,montelukast 20mg,1 bottle,43.35
Dolotab 40,Mankind Pharma,Zinc sulphate 1000 mg,1 bottle,391.53
Omesol 250,Sanofi India,Montelukast 250  mg,5 ml,180.28
Pancap 1000,Cipla,AMLODIPINE-500mg,15 tablets,
Amoxplus 500,Intas Pharma,Azithromycin (5mg),1 bottle,57.52
Clavcap 40,Glenmark,alprazolam 250mg,6 tablets,86.82
Augxr 20,Intas Pharma,Amlodipine (10 mg),10 capsules,561.54
Clavxr 40,Hetero Drugs,CLONAZEPAM-20mg,1 bottle,469.63
Clavxr 10,Intas Pharma,Paracetamol 20  mg,10 capsules,107.39
Pansr 250,Sanofi India,Doxycycline 200  mg,10 tablets,547.16
Pantab 250,Mankind Pharma,levothyroxine 500mg,15 tablets,93.27
Dolood 40,Zydus Cadila,PARACETAMOL-100mg,6 tablets,140.25
Mettab 10,Intas Pharma,Doxycycline (400 mg),15 tablets,537.83
Clavsr 250,Intas Pharma,ondansetron 40 mg,1 bottle,296.74
Dolosr 20,Lupin,Vitamin D3 (250 mg),10 tablets,542.35
Dolods 10,Glenmark,Domperidone (40 mg),6 tablets,14.19
Azeeds 40,Glenmark,ondansetron 40mg,5 ml,588.25
Azeesr 1000,Torrent Pharma,Doxycycline (20 mg),1 bottle,
Amoxplus 1000,GSK India,Tramadol (1000mg),10 capsules,37.06
Amoxplus 500,Torrent Pharma,losartan(5 mg),15 tablets,269.4
Brusr 250,Intas Pharma,fexofenadine 500mg,10 capsules,78.76
Metplus 10,Pfizer India,Clonazepam 40 mg,6 tablets,282.48
Metsol 40,Zydus Cadila,clonazepam 100mg,1 bottle,383.33
Doloplus 250,Wockhardt,clonazepam 10mg,1 bottle,493.13
Pansr 20,Dabur Pharma,Rosuvastatin 250  mg,1 bottle,471.94
Pancin 250,Glenmark,metformin 100mg,15 tablets,295.08
Clavcap 250,Mankind Pharma,Cetirizine 20 mg,30 tablets,385.88
Doloforte 1000,Torrent Pharma,RABEPRAZOLE-20mg,10 tablets,474.57
Azeeforte 10,Intas Pharma,Cetirizine 40  mg,6 tablets,197.86
Cetds 40,Pfizer India,METOPROLOL-200mg,30 tablets,88.07
Amoxod 10,Sun Pharma,Metformin (200mg),1 bottle,32.84
Brucin 20,Sanofi India,metformin 10mg,1 bottle,251.43
Cettab 40,Himalaya,Esomeprazole (500mg),15 tablets,347.19
Panxr 40,Cipla,ZINC SULPHATE-5mg,30 tablets,213.65
Amoxforte 500,Sanofi India,azithromycin(250 mg),30 tablets,136.71
Cetcin 20,Cipla,Atorvastatin (10mg),5 ml,345.28
Cettab 1000,Zydus Cadila,Montelukast 500 mg,15 tablets,78.93
Cetod 10,Himalaya,Azithromycin 1000  mg,5 ml,24.26
Cetcin 10,Torrent Pharma,OMEPRAZOLE-200mg,15 tablets,497.47
Cetds 10,Mankind Pharma,Amoxicillin 20  mg,15 tablets,158.25
Brusr 1000,Alkem Labs,clopidogrel(5 mg),6 tablets,
Metds 20,Sanofi India,Fluoxetine 1000  mg,1 bottle,41.95
Metds 500,Himalaya,AMOXICILLIN-500mg,15 tablets,223.55
Amoxds 250,Cipla,tramadol 40 mg,30 tablets,243.34
Amoxxr 250,Aurobindo Pharma,telmisartan(400 mg),10 capsules,173.01
Doloforte 40,Aurobindo Pharma,Pantoprazole (10 mg),6 tablets,192.11
Omeplus 40,Cipla,Vitamin d3 200  mg,15 tablets,233.48
Pancap 20,Aurobindo Pharma,Amoxicillin 100 mg,10 tablets,515.52
Panplus 500,Dr Reddy,esomeprazole 200mg,10 capsules,297.65
Metforte 10,Glenmark,Levocetirizine (20 mg),10 tablets,468.88
Amoxforte 10,Aurobindo Pharma,diclofenac 40mg,6 tablets,13.69
Panxr 1000,Himalaya,Rosuvastatin (1000mg),10 capsules,453.62
Ometab 10,Dabur Pharma,Ranitidine 1000  mg,10 tablets,309.14
Bruod 1000,Himalaya,PANTOPRAZOLE-20mg,10 tablets,566.93
Amoxtab 20,Abbott India,calcium carbonate 20mg,10 capsules,270.3
Augcap 500,Aurobindo Pharma,Rabeprazole 1000 mg,30 tablets,404.57
Pansr 20,Wockhardt,CLONAZEPAM-5mg,1 bottle,339.3
Azeesol 10,Alkem Labs,METFORMIN-5mg,1 bottle,511.37
Bruxr 40,Wockhardt,Methylcobalamin 40 mg,10 capsules,
Pancin 250,Glenmark,Vitamin d3 500  mg,15 tablets,118.36
Augcin 20,Sun Pharma,Paracetamol 5 mg,30 tablets,0.0
Omesol 10,Torrent Pharma,Ciprofloxacin (20 mg),15 tablets,178.9
Cetxr 40,Mankind Pharma,methylcobalamin(400mg),6 tablets,424.4
Brucap 20,GSK India,LEVOTHYROXINE-200mg,5 ml,153.86
Amoxcin 40,Alkem Labs,ondansetron(200 mg),15 tablets,287.03
Brutab 40,Sanofi India,zinc sulphate(500 mg),10 tablets,304.7
Panod 500,Cipla,ibuprofen(400 mg),30 tablets,144.83
Augforte 20,Zydus Cadila,telmisartan 100mg,15 tablets,161.32
Omeforte 1000,Mankind Pharma,AMLODIPINE-40mg,15 tablets,148.96
Augplus 1000,Mankind Pharma,ONDANSETRON-200mg,10 capsules,65.19
Cetplus 20,Novartis India,Atorvastatin (10 mg),1 bottle,471.69
Dolosr 1000,Sun Pharma,Vitamin d3 10  mg,6 tablets,507.55
Omesol 500,Dr Reddy,Montelukast (40 mg),10 capsules,397.75
Amoxxr 1000,Dr Reddy,methylcobalamin(10mg),10 capsules,556.44
Omexr 10,Sanofi India,doxycycline(10 mg),30 tablets,530.29
Clavtab 20,Dabur Pharma,esomeprazole(500 mg),5 ml,232.42
Bruplus 1000,Zydus Cadila,ONDANSETRON-500mg,15 tablets,346.68
Panplus 500,Pfizer India,CETIRIZINE-100mg,6 tablets,533.32
Mettab 10,Zydus Cadila,Calcium carbonate 10 mg,1 bottle,285.01
Cetplus 500,Zydus Cadila,TELMISARTAN-20mg,10 tablets,580.5
Clavcin 500,Sanofi India,VITAMIN D3-40mg,10 tablets,160.37
Azeesol 40,Himalaya,CETIRIZINE-500mg,30 tablets,0.0
Panplus 1000,GSK India,DOXYCYCLINE-400mg,10 tablets,130.7
Amoxsol 250,Alkem Labs,Doxycycline 250  mg,6 tablets,420.49
Doloplus 10,Alkem Labs,ATORVASTATIN-1000mg,5 ml,379.91
Amoxtab 10,Mankind Pharma,doxycycline(400mg),30 tablets,482.08
Clavod 40,Novartis India,Metoprolol 500 mg,15 tablets,158.79
Omeds 10,Hetero Drugs,ranitidine 5 mg,1 bottle,347.16
Cetforte 1000,Wockhardt,Methylcobalamin (5 mg),6 tablets,361.38
Metsol 20,Glenmark,Levothyroxine 400 mg,10 tablets,580.08
Omexr 250,Dr Reddy,Tramadol 100 mg,1 bottle,196.68
Omecap 10,Aurobindo Pharma,IBUPROFEN-40mg,1 bottle,422.87
Augds 20,Mankind Pharma,Esomeprazole (400mg),10 tablets,0.0
Augcap 250,Dabur Pharma,RABEPRAZOLE-20mg,1 bottle,169.53
Brusr 20,Lupin,domperidone(1000mg),6 tablets,555.96
Pantab 20,GSK India,pregabalin 1000 mg,30 tablets,493.83
Panplus 10,Glenmark,azithromycin 20 mg,5 ml,504.05
Clavsr 500,Cipla,ciprofloxacin 400 mg,15 tablets,508.47
Amoxtab 1000,Cipla,diclofenac(10 mg),10 capsules,84.68
Pansol 20,Alkem Labs,Zinc sulphate 500  mg,1 bottle,203.41
Cetod 20,Lupin,CLONAZEPAM-40mg,15 tablets,595.1
Dolood 20,Novartis India,montelukast 5mg,6 tablets,71.98
Azeexr 40,Sanofi India,TRAMADOL-10mg,30 tablets,482.1
Bruxr 500,Wockhardt,Telmisartan 400 mg,15 tablets,305.53
Dolood 1000,Alkem Labs,azithromycin 10 mg,6 tablets,213.48
Clavforte 20,Himalaya,Esomeprazole 500 mg,10 capsules,468.84
Augcap 20,Dabur Pharma,Levocetirizine (400mg),10 capsules,205.45
Mettab 1000,Dabur Pharma,DICLOFENAC-200mg,30 tablets,539.08
Panod 10,Intas Pharma,atorvastatin 500 mg,6 tablets,281.87
Panplus 250,GSK India,metoprolol 400 mg,30 tablets,569.5
Amoxsr 10,Alkem Labs,Fluoxetine (20 mg),30 tablets,233.17
Clavsr 1000,Himalaya,Metformin 20  mg,5 ml,53.54
Amoxcin 10,Dabur Pharma,Ondansetron (500 mg),5 ml,108.39
Ometab 10,Cipla,levocetirizine 10mg,30 tablets,37.52
Metod 250,Glenmark,METFORMIN-200mg,10 tablets,10.59
Augcap 20,Pfizer India,atorvastatin 1000mg,30 tablets,346.74
Metod 250,GSK India,LEVOTHYROXINE-20mg,10 capsules,157.45
Amoxplus 500,Aurobindo Pharma,sertraline 100mg,10 capsules,496.22
Bruforte 250,Intas Pharma,aspirin(400 mg),6 tablets,0.0
Cetplus 250,Cipla,GLIMEPIRIDE-400mg,10 capsules,131.4
Metforte 40,Himalaya,ondansetron 200mg,10 tablets,448.61
Amoxsol 40,Alkem Labs,Azithromycin 40  mg,15 tablets,381.25
Omeds 500,Zydus Cadila,tramadol(10mg),5 ml,
Omeds 10,Mankind Pharma,fexofenadine(5mg),15 tablets,281.09
Metds 20,Cipla,omeprazole(250mg),15 tablets,150.67
Clavforte 500,Hetero Drugs,SERTRALINE-250mg,1 bottle,471.14
Amoxsr 40,Alkem Labs,atorvastatin(1000mg),30 tablets,117.41
Pancap 500,Intas Pharma,METHYLCOBALAMIN-1000mg,5 ml,305.3
Dolood 250,GSK India,Metformin (400mg),6 tablets,0.0
Dolosr 500,Dabur Pharma,AMOXICILLIN-250mg,6 tablets,316.55
Brusr 500,Dr Reddy,clopidogrel(400mg),10 tablets,138.35
Pancap 40,Intas Pharma,RABEPRAZOLE-250mg,10 capsules,185.57
Azeeforte 40,Novartis India,METHYLCOBALAMIN-40mg,30 tablets,204.07
Amoxds 1000,Intas Pharma,azithromycin 500 mg,5 ml,298.84
Augcin 500,Novartis India,Metformin (500 mg),5 ml,409.69
Pancap 1000,Dabur Pharma,diclofenac 20 mg,10 capsules,468.2
Metcap 250,Dr Reddy,clonazepam(400mg),10 tablets,417.15
Cetod 10,Dr Reddy,fluoxetine(20mg),10 tablets,110.02
Metsr 250,Zydus Cadila,Levothyroxine (500 mg),1 bottle,389.01
Dolotab 10,Mankind Pharma,Doxycycline (5mg),15 tablets,237.18
Amoxxr 500,Mankind Pharma,Zinc Sulphate (40mg),1 bottle,66.4
Clavforte 10,Mankind Pharma,methylcobalamin(500 mg),6 tablets,562.55
Clavplus 1000,Cipla,pantoprazole(250 mg),10 capsules,52.45
Augds 40,Alkem Labs,Doxycycline 20  mg,5 ml,587.62
Amoxsr 10,Novartis India,glimepiride 5 mg,1 bottle,255.27
Azeexr 1000,Glenmark,Fluoxetine (40 mg),10 tablets,0.0
Dolotab 250,Torrent Pharma,Tramadol 200  mg,5 ml,229.44
Panplus 500,Sanofi India,Amlodipine 250  mg,1 bottle,259.45
Amoxxr 10,Novartis India,Zinc Sulphate (500 mg),10 tablets,504.84
Panplus 250,Sanofi India,CIPROFLOXACIN-5mg,30 tablets,255.18
Dolocap 250,Mankind Pharma,pantoprazole(250mg),15 tablets,117.19
Brucap 10,Intas Pharma,paracetamol(40mg),30 tablets,231.8
Augtab 1000,Torrent Pharma,Glimepiride 5  mg,10 capsules,404.86
Metds 1000,Novartis India,clopidogrel 200mg,10 capsules,140.37
Clavod 250,Himalaya,clopidogrel 5 mg,10 capsules,264.49
Augforte 250,Zydus Cadila,CALCIUM CARBONATE-250mg,10 capsules,0.0
Amoxod 10,Dr Reddy,amoxicillin(1000mg),1 bottle,155.66
Panod 20,Alkem Labs,CALCIUM CARBONATE-10mg,1 bottle,369.21
Brutab 20,Glenmark,levothyroxine 250mg,10 capsules,395.41
Dolods 500,Dabur Pharma,metformin 250mg,1 bottle,162.94
Amoxcap 250,Dr Reddy,CALCIUM CARBONATE-200mg,10 tablets,408.14
Amoxod 250,Wockhardt,alprazolam(40mg),30 tablets,501.23
Dolotab 20,Intas Pharma,clopidogrel 500mg,10 tablets,36.51
Clavxr 40,Pfizer India,Diclofenac (20 mg),5 ml,542.4
Metforte 250,Torrent Pharma,omeprazole(10 mg),10 tablets,109.73
Dolood 1000,Dabur Pharma,Pregabalin 5 mg,30 tablets,326.55
Cetcap 10,Dabur Pharma,metformin(10 mg),5 ml,362.64
Brucin 20,Dabur Pharma,rabeprazole 200 mg,10 tablets,389.84
Omecap 250,Hetero Drugs,PARACETAMOL-40mg,5 ml,554.35
Augsol 40,Lupin,vitamin d3(1000 mg),30 tablets,162.47
Dolood 20,Alkem Labs,ROSUVASTATIN-10mg,1 bottle,419.43
Pantab 20,Sanofi India,Aspirin 400  mg,1 bottle,313.39
Augod 1000,Abbott India,OMEPRAZOLE-10mg,5 ml,527.43
Omesr 250,Mankind Pharma,CETIRIZINE-200mg,30 tablets,404.15
Clavxr 500,GSK India,metoprolol(40 mg),5 ml,153.45
Cetcap 40,Dr Reddy,zinc sulphate(500mg),15 tablets,37.9
Metforte 250,Sanofi India,metformin 100mg,30 tablets,365.4
Dolosr 250,Torrent Pharma,Pregabalin 10 mg,10 capsules,0.0
Pancin 40,Dabur Pharma,glimepiride 20mg,10 capsules,470.79
Pantab 20,Lupin,pantoprazole 20mg,1 bottle,482.02
Amoxsol 1000,GSK India,CIPROFLOXACIN-10mg,1 bottle,28.67
Omesr 500,Mankind Pharma,clopidogrel(40 mg),30 tablets,140.0
Cetcin 250,Mankind Pharma,ciprofloxacin(10 mg),5 ml,379.88
Brucap 250,Hetero Drugs,fluoxetine(10 mg),30 tablets,
Cettab 500,Cipla,METFORMIN-10mg,10 capsules,166.55
Metxr 500,Glenmark,rabeprazole 10 mg,6 tablets,498.25
Metplus 1000,Lupin,Aspirin (250 mg),10 tablets,555.02
Clavtab 20,Himalaya,Vitamin D3 (250 mg),15 tablets,176.9
Clavsr 500,Himalaya,losartan 500 mg,30 tablets,216.27
Amoxcap 40,Torrent Pharma,Metformin 100 mg,5 ml,71.79
Bruforte 250,Sun Pharma,methylcobalamin(200mg),30 tablets,524.81
Amoxforte 500,Sanofi India,esomeprazole 40 mg,10 tablets,195.71
Dolocin 20,Intas Pharma,Alprazolam 400  mg,1 bottle,369.34
Omesol 20,Intas Pharma,omeprazole(40 mg),15 tablets,65.97
Metod 500,Torrent Pharma,zinc sulphate 40 mg,10 capsules,296.7
Cetcap 1000,Torrent Pharma,diclofenac 10mg,5 ml,76.43
Omecap 1000,Alkem Labs,paracetamol(5mg),30 tablets,289.09
Omeod 10,Pfizer India,Tramadol (20mg),30 tablets,212.56
Clavod 20,Mankind Pharma,METFORMIN-10mg,15 tablets,401.11
Omecin 20,Hetero Drugs,TRAMADOL-5mg,15 tablets,210.15
Cetxr 500,Novartis India,tramadol 500 mg,5 ml,102.2
Dolods 20,Novartis India,Esomeprazole (10mg),10 capsules,425.85
Clavod 1000,Lupin,Omeprazole (5 mg),5 ml,115.36
Panxr 1000,Zydus Cadila,pregabalin 400mg,5 ml,120.3
Metplus 20,Intas Pharma,LEVOTHYROXINE-250mg,15 tablets,408.9
Clavsol 500,Torrent Pharma,Diclofenac (20mg),10 tablets,180.3
Augsol 250,Dr Reddy,amoxicillin(250mg),6 tablets,230.7
Cetplus 1000,GSK India,ciprofloxacin(250mg),5 ml,292.23
Cetforte 10,Zydus Cadila,Ibuprofen (40 mg),10 tablets,374.7
Omeod 20,Zydus Cadila,Calcium Carbonate (1000mg),30 tablets,502.94
Cetcin 10,Dabur Pharma,pantoprazole 200mg,30 tablets,235.27
Omeod 10,Alkem Labs,rosuvastatin(20mg),10 tablets,299.86
Pancin 1000,Lupin,Ondansetron (500 mg),10 capsules,171.42
Cetsol 250,Cipla,Tramadol 20  mg,10 tablets,238.27
Bruxr 20,Sun Pharma,Omeprazole (250mg),15 tablets,214.5
Augtab 40,Torrent Pharma,sertraline(400mg),5 ml,418.36
Pancap 250,Abbott India,Alprazolam 1000 mg,5 ml,111.03
Dolotab 250,GSK India,DOMPERIDONE-10mg,15 tablets,90.49
Cetsol 10,Zydus Cadila,Doxycycline (1000mg),1 bottle,0.0
Dolocap 500,Mankind Pharma,tramadol(100mg),6 tablets,348.85
Mettab 10,GSK India,ondansetron 250 mg,1 bottle,364.33
Metforte 40,Aurobindo Pharma,CALCIUM CARBONATE-500mg,30 tablets,555.85
Brusr 10,Torrent Pharma,DOXYCYCLINE-20mg,1 bottle,449.25
Augod 250,GSK India,Sertraline (1000 mg),30 tablets,172.28
Panforte 20,Mankind Pharma,pantoprazole 20mg,6 tablets,470.78
Panxr 1000,Pfizer India,esomeprazole(100mg),10 capsules,143.81
Azeeod 10,Intas Pharma,ONDANSETRON-500mg,5 ml,548.22
Dolosol 20,Aurobindo Pharma,amoxicillin 10mg,5 ml,364.97
Omeforte 250,Torrent Pharma,LEVOTHYROXINE-200mg,10 tablets,408.54
Azeecin 20,Wockhardt,tramadol(500mg),5 ml,484.32
Amoxforte 1000,Abbott India,esomeprazole(500 mg),1 bottle,383.12
Cetforte 40,GSK India,diclofenac(200 mg),30 tablets,181.13
Cetsr 1000,Aurobindo Pharma,METFORMIN-100mg,10 capsules,246.92
Brusr 500,Pfizer India,Clonazepam (250 mg),10 capsules,459.67
Brusr 20,Sun Pharma,cetirizine(250 mg),10 capsules,407.4
Cetplus 10,Dabur Pharma,Esomeprazole (10mg),15 tablets,293.54
Cetsol 10,Pfizer India,ZINC SULPHATE-200mg,30 tablets,0.0
Clavxr 500,Hetero Drugs,paracetamol(20mg),5 ml,196.36
Metcap 250,Cipla,Fluoxetine 500  mg,30 tablets,341.13
Bruplus 250,Intas Pharma,ibuprofen 1000mg,5 ml,376.09
Augforte 20,Alkem Labs,Glimepiride (1000mg),1 bottle,572.15
Pantab 250,Himalaya,ciprofloxacin(20mg),30 tablets,277.99
Omeds 1000,Dabur Pharma,Aspirin (40 mg),1 bottle,251.97
Omexr 20,GSK India,TRAMADOL-40mg,15 tablets,478.44
Pancin 10,Cipla,Fluoxetine 100 mg,10 tablets,385.26
Augcin 250,Sun Pharma,Sertraline (100mg),10 capsules,312.07
Brutab 250,Novartis India,Ondansetron (1000 mg),10 tablets,319.78
Pantab 250,GSK India,Tramadol (500mg),10 tablets,552.18
Metod 250,Novartis India,Azithromycin 40 mg,5 ml,
Metplus 40,Aurobindo Pharma,Atorvastatin (400 mg),10 capsules,0.0
Augtab 250,Dabur Pharma,Rabeprazole 20  mg,10 capsules,504.57
Cetds 500,Abbott India,Omeprazole 1000 mg,5 ml,448.26
Brutab 10,Glenmark,losartan(20mg),10 capsules,272.07
Amoxod 10,Glenmark,FLUOXETINE-250mg,30 tablets,0.0
Azeecap 1000,Dr Reddy,PANTOPRAZOLE-200mg,5 ml,501.63
Dolocin 500,Dabur Pharma,clopidogrel 20 mg,5 ml,182.28
Cetsol 250,Abbott India,AMLODIPINE-10mg,30 tablets,398.4
Pancap 250,Alkem Labs,Diclofenac (40 mg),15 tablets,245.17
Azeexr 10,Lupin,AMLODIPINE-250mg,5 ml,259.78
Azeesr 20,Mankind Pharma,telmisartan(100mg),15 tablets,14.44
Panod 10,Wockhardt,amoxicillin(100mg),15 tablets,255.11
Cetod 10,Aurobindo Pharma,fexofenadine(40mg),10 tablets,567.72
Bruplus 20,GSK India,atorvastatin 500mg,10 tablets,201.97
